2024-05-21 10:38:00.485 [INF] BTCD: Version 0.24.2-betarc1
2024-05-21 10:38:00.486 [INF] BTCD: Loading block database from 'simnet/btcd/simnet/blocks_ffldb'
2024-05-21 10:38:00.511 [INF] BTCD: Block database loaded
2024-05-21 10:38:00.512 [INF] INDX: Transaction index is enabled
2024-05-21 10:38:00.512 [INF] INDX: Committed filter index is enabled
2024-05-21 10:38:00.512 [INF] CHAN: Pre-alloacting for 251 MiB: 
2024-05-21 10:38:00.519 [INF] CHAN: Loading block index...
2024-05-21 10:38:00.520 [INF] CHAN: Chain state (height 0, hash 683e86bd5c6d110d91b94b97137ba6bfe02dbbdb8e3dff722a669b5d69d77af6, totaltx 1, work 2)
2024-05-21 10:38:00.521 [INF] AMGR: Loaded 0 addresses from file 'simnet/btcd/simnet/peers.json'
2024-05-21 10:38:00.521 [INF] RPCS: RPC server listening on 127.0.0.1:18556
2024-05-21 10:38:00.521 [INF] RPCS: RPC server listening on [::1]:18556
2024-05-21 10:38:00.521 [INF] CMGR: Server listening on 0.0.0.0:18555
2024-05-21 10:38:00.521 [INF] CMGR: Server listening on [::]:18555
2024-05-21 10:38:29.776 [INF] BTCD: Received signal (interrupt).  Shutting down...
2024-05-21 10:38:29.776 [INF] BTCD: Gracefully shutting down the server...
2024-05-21 10:38:29.776 [WRN] SRVR: Server shutting down
2024-05-21 10:38:29.776 [WRN] RPCS: RPC server shutting down
2024-05-21 10:38:29.776 [INF] RPCS: RPC server shutdown complete
2024-05-21 10:38:29.776 [INF] SYNC: Sync manager shutting down
2024-05-21 10:38:29.776 [INF] CHAN: Flushing UTXO cache of 97 MiB with 0 entries to disk. For large sizes, this can take up to several minutes...
2024-05-21 10:38:29.776 [INF] AMGR: Address manager shutting down
2024-05-21 10:38:29.776 [INF] SRVR: Server shutdown complete
2024-05-21 10:38:29.776 [INF] BTCD: Gracefully shutting down the database...
2024-05-21 10:38:29.788 [INF] BTCD: Shutdown complete
2024-05-21 10:41:39.293 [INF] BTCD: Version 0.24.2-betarc1
2024-05-21 10:41:39.293 [INF] BTCD: Loading block database from 'simnet/btcd/simnet/blocks_ffldb'
2024-05-21 10:41:39.318 [INF] BTCD: Block database loaded
2024-05-21 10:41:39.324 [INF] INDX: Transaction index is enabled
2024-05-21 10:41:39.324 [INF] INDX: Committed filter index is enabled
2024-05-21 10:41:39.324 [INF] CHAN: Pre-alloacting for 251 MiB: 
2024-05-21 10:41:39.328 [INF] CHAN: Loading block index...
2024-05-21 10:41:39.329 [INF] CHAN: Chain state (height 0, hash 683e86bd5c6d110d91b94b97137ba6bfe02dbbdb8e3dff722a669b5d69d77af6, totaltx 1, work 2)
2024-05-21 10:41:39.330 [INF] AMGR: Loaded 0 addresses from file 'simnet/btcd/simnet/peers.json'
2024-05-21 10:41:39.330 [INF] RPCS: RPC server listening on 127.0.0.1:18556
2024-05-21 10:41:39.330 [INF] RPCS: RPC server listening on [::1]:18556
2024-05-21 10:41:39.330 [INF] CMGR: Server listening on 0.0.0.0:18555
2024-05-21 10:41:39.330 [INF] CMGR: Server listening on [::]:18555
2024-05-21 10:42:18.129 [INF] BTCD: Received signal (interrupt).  Shutting down...
2024-05-21 10:42:18.129 [INF] BTCD: Gracefully shutting down the server...
2024-05-21 10:42:18.129 [WRN] SRVR: Server shutting down
2024-05-21 10:42:18.129 [WRN] RPCS: RPC server shutting down
2024-05-21 10:42:18.129 [INF] RPCS: RPC server shutdown complete
2024-05-21 10:42:18.130 [INF] SYNC: Sync manager shutting down
2024-05-21 10:42:18.130 [INF] CHAN: Flushing UTXO cache of 97 MiB with 0 entries to disk. For large sizes, this can take up to several minutes...
2024-05-21 10:42:18.130 [INF] AMGR: Address manager shutting down
2024-05-21 10:42:18.131 [INF] SRVR: Server shutdown complete
2024-05-21 10:42:18.131 [INF] BTCD: Gracefully shutting down the database...
2024-05-21 10:42:18.145 [INF] BTCD: Shutdown complete
2024-05-21 10:42:30.448 [INF] BTCD: Version 0.24.2-betarc1
2024-05-21 10:42:30.448 [INF] BTCD: Loading block database from 'simnet/btcd/simnet/blocks_ffldb'
2024-05-21 10:42:30.483 [INF] BTCD: Block database loaded
2024-05-21 10:42:30.494 [INF] INDX: Transaction index is enabled
2024-05-21 10:42:30.495 [INF] INDX: Committed filter index is enabled
2024-05-21 10:42:30.496 [INF] CHAN: Pre-alloacting for 251 MiB: 
2024-05-21 10:42:30.500 [INF] CHAN: Loading block index...
2024-05-21 10:42:30.501 [INF] CHAN: Chain state (height 0, hash 683e86bd5c6d110d91b94b97137ba6bfe02dbbdb8e3dff722a669b5d69d77af6, totaltx 1, work 2)
2024-05-21 10:42:30.503 [INF] AMGR: Loaded 0 addresses from file 'simnet/btcd/simnet/peers.json'
2024-05-21 10:42:30.503 [INF] RPCS: RPC server listening on 127.0.0.1:18556
2024-05-21 10:42:30.503 [INF] RPCS: RPC server listening on [::1]:18556
2024-05-21 10:42:30.503 [INF] CMGR: Server listening on 0.0.0.0:18555
2024-05-21 10:42:30.503 [INF] CMGR: Server listening on [::]:18555
2024-05-21 10:42:41.591 [INF] BTCD: Received signal (interrupt).  Shutting down...
2024-05-21 10:42:41.591 [INF] BTCD: Gracefully shutting down the server...
2024-05-21 10:42:41.591 [WRN] SRVR: Server shutting down
2024-05-21 10:42:41.591 [WRN] RPCS: RPC server shutting down
2024-05-21 10:42:41.591 [INF] RPCS: RPC server shutdown complete
2024-05-21 10:42:41.591 [INF] SYNC: Sync manager shutting down
2024-05-21 10:42:41.591 [INF] CHAN: Flushing UTXO cache of 97 MiB with 0 entries to disk. For large sizes, this can take up to several minutes...
2024-05-21 10:42:41.592 [INF] AMGR: Address manager shutting down
2024-05-21 10:42:41.592 [INF] SRVR: Server shutdown complete
2024-05-21 10:42:41.592 [INF] BTCD: Gracefully shutting down the database...
2024-05-21 10:42:41.607 [INF] BTCD: Shutdown complete
2024-05-21 10:43:17.574 [INF] BTCD: Version 0.24.2-betarc1
2024-05-21 10:43:17.574 [INF] BTCD: Loading block database from 'simnet/btcd/simnet/blocks_ffldb'
2024-05-21 10:43:17.602 [INF] BTCD: Block database loaded
2024-05-21 10:43:17.607 [INF] INDX: Transaction index is enabled
2024-05-21 10:43:17.607 [INF] INDX: Committed filter index is enabled
2024-05-21 10:43:17.607 [INF] CHAN: Pre-alloacting for 251 MiB: 
2024-05-21 10:43:17.612 [INF] CHAN: Loading block index...
2024-05-21 10:43:17.613 [INF] CHAN: Chain state (height 0, hash 683e86bd5c6d110d91b94b97137ba6bfe02dbbdb8e3dff722a669b5d69d77af6, totaltx 1, work 2)
2024-05-21 10:43:17.614 [INF] AMGR: Loaded 0 addresses from file 'simnet/btcd/simnet/peers.json'
2024-05-21 10:43:17.614 [INF] RPCS: RPC server listening on 127.0.0.1:18556
2024-05-21 10:43:17.614 [INF] RPCS: RPC server listening on [::1]:18556
2024-05-21 10:43:17.614 [INF] CMGR: Server listening on 0.0.0.0:18555
2024-05-21 10:43:17.614 [INF] CMGR: Server listening on [::]:18555
2024-05-21 10:48:04.548 [INF] RPCS: New websocket client 127.0.0.1:51430
2024-05-21 10:48:05.187 [INF] RPCS: Beginning rescan for 0 addresses
2024-05-21 10:48:05.187 [INF] RPCS: Skipping rescan as client has no addrs/utxos
2024-05-21 10:48:05.187 [INF] RPCS: Finished rescan
2024-05-21 10:59:06.708 [ERR] RPCS: Websocket receive error from 127.0.0.1:51430: websocket: close 1006 unexpected EOF
2024-05-21 10:59:06.708 [INF] RPCS: Disconnected websocket client 127.0.0.1:51430
2024-05-21 10:59:24.305 [INF] RPCS: New websocket client 127.0.0.1:51773
2024-05-21 10:59:24.935 [INF] RPCS: Beginning rescan for 0 addresses
2024-05-21 10:59:24.935 [INF] RPCS: Skipping rescan as client has no addrs/utxos
2024-05-21 10:59:24.935 [INF] RPCS: Finished rescan
2024-05-21 11:08:59.316 [ERR] RPCS: Websocket receive error from 127.0.0.1:51773: websocket: close 1006 unexpected EOF
2024-05-21 11:08:59.317 [INF] RPCS: Disconnected websocket client 127.0.0.1:51773
2024-05-21 11:09:45.298 [INF] RPCS: New websocket client 127.0.0.1:51999
2024-05-21 11:09:45.948 [INF] RPCS: Beginning rescan for 1 address
2024-05-21 11:09:45.949 [INF] RPCS: Finished rescan
2024-05-21 11:21:37.910 [INF] BTCD: Received signal (interrupt).  Shutting down...
2024-05-21 11:21:37.912 [INF] BTCD: Gracefully shutting down the server...
2024-05-21 11:21:37.912 [WRN] SRVR: Server shutting down
2024-05-21 11:21:37.912 [WRN] RPCS: RPC server shutting down
2024-05-21 11:21:37.912 [ERR] RPCS: Websocket receive error from 127.0.0.1:51999: read tcp4 127.0.0.1:18556->127.0.0.1:51999: use of closed network connection
2024-05-21 11:21:37.912 [INF] RPCS: Disconnected websocket client 127.0.0.1:51999
2024-05-21 11:21:37.912 [INF] RPCS: RPC server shutdown complete
2024-05-21 11:21:37.941 [INF] SYNC: Sync manager shutting down
2024-05-21 11:21:37.941 [INF] CHAN: Flushing UTXO cache of 97 MiB with 0 entries to disk. For large sizes, this can take up to several minutes...
2024-05-21 11:21:37.941 [INF] AMGR: Address manager shutting down
2024-05-21 11:21:37.941 [INF] SRVR: Server shutdown complete
2024-05-21 11:21:37.941 [INF] BTCD: Gracefully shutting down the database...
2024-05-21 11:21:37.952 [INF] BTCD: Shutdown complete
2024-05-21 11:22:11.885 [INF] BTCD: Version 0.24.2-betarc1
2024-05-21 11:22:11.885 [INF] BTCD: Loading block database from 'simnet/btcd/simnet/blocks_ffldb'
2024-05-21 11:22:11.912 [INF] BTCD: Block database loaded
2024-05-21 11:22:11.919 [INF] INDX: Transaction index is enabled
2024-05-21 11:22:11.919 [INF] INDX: Committed filter index is enabled
2024-05-21 11:22:11.919 [INF] CHAN: Pre-alloacting for 251 MiB: 
2024-05-21 11:22:11.927 [INF] CHAN: Loading block index...
2024-05-21 11:22:11.928 [INF] CHAN: Chain state (height 0, hash 683e86bd5c6d110d91b94b97137ba6bfe02dbbdb8e3dff722a669b5d69d77af6, totaltx 1, work 2)
2024-05-21 11:22:11.929 [INF] RPCS: RPC server listening on 127.0.0.1:18556
2024-05-21 11:22:11.929 [INF] RPCS: RPC server listening on [::1]:18556
2024-05-21 11:22:11.929 [INF] AMGR: Loaded 0 addresses from file 'simnet/btcd/simnet/peers.json'
2024-05-21 11:22:11.929 [INF] CMGR: Server listening on 0.0.0.0:18555
2024-05-21 11:22:11.929 [INF] CMGR: Server listening on [::]:18555
2024-05-21 11:22:27.926 [INF] RPCS: New websocket client 127.0.0.1:52046
2024-05-21 11:22:27.946 [INF] RPCS: Beginning rescan for 2 addresses
2024-05-21 11:22:27.946 [INF] RPCS: Finished rescan
2024-05-21 11:22:54.117 [INF] MINR: Block submitted via CPU miner accepted (hash 1b2a1b3af78ad6f433a8a86c3b55d178f2c5292351ecd1bf6750e0144878e822, amount 50 BTC)
2024-05-21 11:22:56.458 [INF] MINR: Block submitted via CPU miner accepted (hash 5e16c8a3bd551e5010fd96f6d24cef0ee1a9cd8d60d4fe1cc6221cb6d60e9139, amount 50 BTC)
2024-05-21 11:22:59.850 [INF] MINR: Block submitted via CPU miner accepted (hash 6a13cbb12d402907c50c73f8e411f08a70ceae12028699b33da58f31ae50090d, amount 50 BTC)
2024-05-21 11:22:59.851 [INF] MINR: Block submitted via CPU miner accepted (hash 498c1aaf5d8260367dff3eb2dd8840762877faff07be0e37e629fa2af063d51b, amount 50 BTC)
2024-05-21 11:22:59.851 [INF] MINR: Block submitted via CPU miner accepted (hash 78eda72ec63d860be9085b3596a3e3198f81228d100c0e9eb1c77b9ecd8171b6, amount 50 BTC)
2024-05-21 11:22:59.851 [INF] MINR: Block submitted via CPU miner accepted (hash 4610f071a67de6384a2d673ecf414ba0a982aa24cf079e2eb1c2f442a05e7c4d, amount 50 BTC)
2024-05-21 11:22:59.851 [INF] MINR: Block submitted via CPU miner accepted (hash 5e04ef6e4d45c56125594691cb2a894e8394729a6aed950af5f095789a8e3b0f, amount 50 BTC)
2024-05-21 11:22:59.852 [INF] MINR: Block submitted via CPU miner accepted (hash 5842804018be1f93fe108ea22a662a2cf45eaa5071f0721a450df185bb0a0978, amount 50 BTC)
2024-05-21 11:22:59.852 [INF] MINR: Block submitted via CPU miner accepted (hash 6d0e524c2881f16dc09d3c07d589872d655cd9f074cebc4333f5828749be3737, amount 50 BTC)
2024-05-21 11:22:59.852 [INF] MINR: Block submitted via CPU miner accepted (hash 379c00922373207a41fc8cc87b2152b9124b49d0209fac733462888c603a27b9, amount 50 BTC)
2024-05-21 11:22:59.853 [INF] MINR: Block submitted via CPU miner accepted (hash 6fd1ae29048e9306ee652ac05c62fce5dc011540906a6d4f37fc1750ea3faad7, amount 50 BTC)
2024-05-21 11:22:59.853 [INF] MINR: Block submitted via CPU miner accepted (hash 37b6bf9eb8774109fc99afe5a1c10ae158fc50f85c098459dd11fc2b381dd437, amount 50 BTC)
2024-05-21 11:22:59.854 [INF] MINR: Block submitted via CPU miner accepted (hash 7f86d1d82c0a89bd6ea4113b9f42aaec0e760f6aa34064a0aa043d62cf55c609, amount 50 BTC)
2024-05-21 11:22:59.854 [INF] MINR: Block submitted via CPU miner accepted (hash 4f2cc51864565f777bafff8f365671f77e5ad4246d3b4208f93074a190a99728, amount 50 BTC)
2024-05-21 11:22:59.854 [INF] MINR: Block submitted via CPU miner accepted (hash 2432d3cda0176a17a3f5bdf1dd5f6f5b9b5cf73975c1b911b76ceaa75559fa97, amount 50 BTC)
2024-05-21 11:22:59.859 [INF] MINR: Block submitted via CPU miner accepted (hash 45e49a31e0367c2d083338a032db37dcb071e9cea61382dc47ccf5f7f6ddd22d, amount 50 BTC)
2024-05-21 11:22:59.859 [INF] MINR: Block submitted via CPU miner accepted (hash 7c6f3625a20084cd991497a2934389a8bb2fe286a28366cacc33cabd6d5a6068, amount 50 BTC)
2024-05-21 11:22:59.859 [INF] MINR: Block submitted via CPU miner accepted (hash 5a97a61064006c23f3eb965f26b9b3c717b0f5e8279b553857edc5d0d434842f, amount 50 BTC)
2024-05-21 11:22:59.864 [INF] MINR: Block submitted via CPU miner accepted (hash 119966f6e750c78bbf6eae8862561f67e9d0d64645a8c99fc08a9cf4e9e959c1, amount 50 BTC)
2024-05-21 11:22:59.864 [INF] MINR: Block submitted via CPU miner accepted (hash 71cfaf386ae38b0be580723640b9626b7441331164f40edd4ed3920ead51b5e0, amount 50 BTC)
2024-05-21 11:22:59.865 [INF] MINR: Block submitted via CPU miner accepted (hash 7e8b063fcbabf41e58383d3dba03179267391a22590055d36b716c6dfae86c87, amount 50 BTC)
2024-05-21 11:22:59.868 [INF] MINR: Block submitted via CPU miner accepted (hash 67d6750a731b1c27462e5567724dc30078d93cfedf8b4e355afa1be9909b01ad, amount 50 BTC)
2024-05-21 11:22:59.868 [INF] MINR: Block submitted via CPU miner accepted (hash 52cac42b0f106c63a6ef3c20630af276c45215d27c8eac9496c1f7609df9bbea, amount 50 BTC)
2024-05-21 11:22:59.868 [INF] MINR: Block submitted via CPU miner accepted (hash 6dfa3bf69ccc4bf168004fd2da389a1a856b91fdd32914375d2f919bf79152fb, amount 50 BTC)
2024-05-21 11:22:59.869 [INF] MINR: Block submitted via CPU miner accepted (hash 0b637a3a5011435ba1b58684ec3660be1082f39924fcc94977c117004f25dfaf, amount 50 BTC)
2024-05-21 11:22:59.873 [INF] MINR: Block submitted via CPU miner accepted (hash 385b9795caaf429d3c9b0665ca82ab96b84417fd3f602c0eefa82da6d148d51d, amount 50 BTC)
2024-05-21 11:22:59.874 [INF] MINR: Block submitted via CPU miner accepted (hash 69a0fccd575f044ebd7913c7a4d9e300332e19173782a05bae7f6ba89786b707, amount 50 BTC)
2024-05-21 11:22:59.874 [INF] MINR: Block submitted via CPU miner accepted (hash 65493bee8437d4ad6d950526567486fbde4e288926e73c2482ac2c98c244c443, amount 50 BTC)
2024-05-21 11:22:59.874 [INF] MINR: Block submitted via CPU miner accepted (hash 18be0309e8fc7745bc4ae154d196e6c5ff38521ed8a76db9d2d7dc9db2da9d32, amount 50 BTC)
2024-05-21 11:22:59.879 [INF] MINR: Block submitted via CPU miner accepted (hash 0b9c1bd8aa62715453cf67248aac276b9625b9e49a6760c5672cd6d37570e596, amount 50 BTC)
2024-05-21 11:22:59.879 [INF] MINR: Block submitted via CPU miner accepted (hash 76d29d3e132f48a686f924c67e1c3206edaa749bc80965bc7a5d54a327e9e18f, amount 50 BTC)
2024-05-21 11:22:59.880 [INF] MINR: Block submitted via CPU miner accepted (hash 1ce99f1331f3755b2c5f8bd2f3fb2e2076b231be05dc56af7796bda516378d31, amount 50 BTC)
2024-05-21 11:22:59.880 [INF] MINR: Block submitted via CPU miner accepted (hash 2dc392dc8681a0ed38ea70f1d646827c39a6c2c49587fc8a14cb1435eb63128f, amount 50 BTC)
2024-05-21 11:22:59.885 [INF] MINR: Block submitted via CPU miner accepted (hash 20b3f5a04b7ccdb5e0dd407e4174a10005bbe27babd1751e28e4a93614ebdf77, amount 50 BTC)
2024-05-21 11:22:59.885 [INF] MINR: Block submitted via CPU miner accepted (hash 78c2b3f5cf5d76e61ddecb24f59b091e9b1a9d3cd17173d2428e662ebe49a070, amount 50 BTC)
2024-05-21 11:22:59.885 [INF] MINR: Block submitted via CPU miner accepted (hash 0d142849d1d5e841adde90a7e689421efa8ca8091b6c426721e3ba5f8f582787, amount 50 BTC)
2024-05-21 11:22:59.889 [INF] MINR: Block submitted via CPU miner accepted (hash 648126bfb3d078c5b1223bd827097c9dadb619f038f41f17fce5825e702a8922, amount 50 BTC)
2024-05-21 11:22:59.890 [INF] MINR: Block submitted via CPU miner accepted (hash 28331874bc8f2465cf47495a210eccc77a3d4893d05da3ce18575eeb3948b182, amount 50 BTC)
2024-05-21 11:22:59.895 [INF] MINR: Block submitted via CPU miner accepted (hash 1493c6d6869e2ab79049f0ce3eb18326017bbc3cb20fb7dc3f8b4e0ce69b92df, amount 50 BTC)
2024-05-21 11:22:59.895 [INF] MINR: Block submitted via CPU miner accepted (hash 626a6e077e4b4f5ee0c04f0b62bb02eb3d85a969d22dd65b148acbd5ccfe772d, amount 50 BTC)
2024-05-21 11:22:59.896 [INF] MINR: Block submitted via CPU miner accepted (hash 2e019c89393ccb5616c69da4486fc70c4e7e58fc2d8a301b65ffd2e8871f356d, amount 50 BTC)
2024-05-21 11:22:59.901 [INF] MINR: Block submitted via CPU miner accepted (hash 020f77f5d87f4b0f32ae9ec37e22aeb845baed8577943f2586bcae293f6b1c42, amount 50 BTC)
2024-05-21 11:22:59.901 [INF] MINR: Block submitted via CPU miner accepted (hash 16f22ed016a5da340fcebb6f6d5006aa85547b94cc98b473b136a076661184ad, amount 50 BTC)
2024-05-21 11:22:59.901 [INF] MINR: Block submitted via CPU miner accepted (hash 5cba22ff3d0fbe1df658862d2e497039e59d55c93bf399857ad2b5b49d878c75, amount 50 BTC)
2024-05-21 11:22:59.902 [INF] MINR: Block submitted via CPU miner accepted (hash 0074df6a44739447c0a30054298ec6f0324b08d9acbea3528067f44028b02177, amount 50 BTC)
2024-05-21 11:22:59.906 [INF] MINR: Block submitted via CPU miner accepted (hash 1bc14632b3b89393fe9755bb956b1df7030a33ab3e5b18a839ae0bce286d66c7, amount 50 BTC)
2024-05-21 11:22:59.907 [INF] MINR: Block submitted via CPU miner accepted (hash 0117ae87b61ca9b87f191320e074722e854e8b248cb51d604e1e0e0e95c20dd7, amount 50 BTC)
2024-05-21 11:22:59.907 [INF] MINR: Block submitted via CPU miner accepted (hash 16fd41d54429b3b223a9fc6c86390b4327d3078dd645cf4c57a4cf98c26f79cf, amount 50 BTC)
2024-05-21 11:22:59.911 [INF] MINR: Block submitted via CPU miner accepted (hash 449eb26e0428fb3b37818b31b113197e8db73bedebaddc648ae5dca4ee181675, amount 50 BTC)
2024-05-21 11:22:59.912 [INF] MINR: Block submitted via CPU miner accepted (hash 4222c2de8166927ede0f5eb2b310ca0c316345d0373f85568b423b98781d309d, amount 50 BTC)
2024-05-21 11:22:59.912 [INF] MINR: Block submitted via CPU miner accepted (hash 5b91702bdb2bb285a44ec5853d5372bce686b7042d7b529301674d53ec11bf6c, amount 50 BTC)
2024-05-21 11:22:59.912 [INF] MINR: Block submitted via CPU miner accepted (hash 28a06a5e33ccb6c4d829672ab747700c0f12cbe1694614be82b851d12ec64ef5, amount 50 BTC)
2024-05-21 11:22:59.918 [INF] MINR: Block submitted via CPU miner accepted (hash 447f3086d5a79fc43ba6a3a86a49e60084527ef3b51db12e4ed39093a98dce71, amount 50 BTC)
2024-05-21 11:22:59.918 [INF] MINR: Block submitted via CPU miner accepted (hash 33c82ecefea82026c3d9417a8377ec7cd6728ceba2c7dff8284971449956a51c, amount 50 BTC)
2024-05-21 11:22:59.918 [INF] MINR: Block submitted via CPU miner accepted (hash 182c5e246a36ef2e06fc8d841519b3b47c192ea3eff542b54fdba85fa41c730a, amount 50 BTC)
2024-05-21 11:22:59.924 [INF] MINR: Block submitted via CPU miner accepted (hash 593ce57e63f859f3698307edcffee9a38a02cb325173cbb452fcb4f4086012c6, amount 50 BTC)
2024-05-21 11:22:59.924 [INF] MINR: Block submitted via CPU miner accepted (hash 216426857db2bbf9c3fc88ebf7f5feca4aa10a43a70711707e751fdf61fa5ad7, amount 50 BTC)
2024-05-21 11:22:59.924 [INF] MINR: Block submitted via CPU miner accepted (hash 2288d44fc086551109d2e4b3930a6aa3191aa5669818a6f677bbe5cd2f61517e, amount 50 BTC)
2024-05-21 11:22:59.925 [INF] MINR: Block submitted via CPU miner accepted (hash 01acaf99b9bf4cdeaa7b68050923f906c194a2d30482695d597c55645f815eb9, amount 50 BTC)
2024-05-21 11:22:59.930 [INF] MINR: Block submitted via CPU miner accepted (hash 5df78121d2a4598def5bba2417928bffd328eb8a531faabc657571cbe684ae53, amount 50 BTC)
2024-05-21 11:22:59.930 [INF] MINR: Block submitted via CPU miner accepted (hash 69d41278cf940f64ba79672d3eb25623c607cb06998c2adc263dbc32a19739df, amount 50 BTC)
2024-05-21 11:22:59.930 [INF] MINR: Block submitted via CPU miner accepted (hash 728b55be71f909900f50c8f49f49d045ec5286c917901d8c8fe9424eee80fe3d, amount 50 BTC)
2024-05-21 11:22:59.934 [INF] MINR: Block submitted via CPU miner accepted (hash 2323ba12de5cd9cdb72792eeeb670ec038ece86ae92c3eb05603730f164eabe9, amount 50 BTC)
2024-05-21 11:22:59.935 [INF] MINR: Block submitted via CPU miner accepted (hash 66e80f5640f49b99ab58203307acd0389ebaac0cfad0579888ab513e6abe90ec, amount 50 BTC)
2024-05-21 11:22:59.940 [INF] MINR: Block submitted via CPU miner accepted (hash 312abf31a16005485bd10c6e12c3aa7a732a3c403759dc3a5a7526156ce4751e, amount 50 BTC)
2024-05-21 11:22:59.941 [INF] MINR: Block submitted via CPU miner accepted (hash 6d80d3c6b1bc37078ae531064d3f208016395e738a373d1b1cb7cc5f4887b3b6, amount 50 BTC)
2024-05-21 11:22:59.941 [INF] MINR: Block submitted via CPU miner accepted (hash 0dfd802fdfd88d8e3863db824751128a9c1f948778410fc24b1c30935cc621a0, amount 50 BTC)
2024-05-21 11:22:59.947 [INF] MINR: Block submitted via CPU miner accepted (hash 15e885c9b0897c4c0da4b2527b054211e84fe862706ac98d8b3995ae26918685, amount 50 BTC)
2024-05-21 11:22:59.947 [INF] MINR: Block submitted via CPU miner accepted (hash 7c77ae28bb1c9a38018b2b7338aca5ea47020572826d6e4cf4b383fd59a989aa, amount 50 BTC)
2024-05-21 11:22:59.948 [INF] MINR: Block submitted via CPU miner accepted (hash 270ae4afaa461d086db943250ad0b2f8c573eb80823be1a5d9c223bb3f8e0ba4, amount 50 BTC)
2024-05-21 11:22:59.948 [INF] MINR: Block submitted via CPU miner accepted (hash 60eea39d6636656736a3b2ba642b2b63165621773429b521f4105e465e0df9c5, amount 50 BTC)
2024-05-21 11:22:59.954 [INF] MINR: Block submitted via CPU miner accepted (hash 7ae35804d02d4b3a171a804f799318bdca354d7fa30f5a4fe3f2125f6b094b62, amount 50 BTC)
2024-05-21 11:22:59.954 [INF] MINR: Block submitted via CPU miner accepted (hash 683fa7d5523462ce52ba77e6c649ba8de4d25d07c97fab7daf0b25d0f1a64207, amount 50 BTC)
2024-05-21 11:22:59.954 [INF] MINR: Block submitted via CPU miner accepted (hash 76649faa013f6424794d2c6fabe882931ce541d7414adef7cdfa4b865f159374, amount 50 BTC)
2024-05-21 11:22:59.958 [INF] MINR: Block submitted via CPU miner accepted (hash 6ba7b300deafe36a133a384185d4d4588eac0dfe4be16cba4a1e570e2bcc6747, amount 50 BTC)
2024-05-21 11:22:59.959 [INF] MINR: Block submitted via CPU miner accepted (hash 6be6105739a0fbd1aeb8770dda3dd5baff36ac6f17adc9ab83d252082605dae2, amount 50 BTC)
2024-05-21 11:22:59.959 [INF] MINR: Block submitted via CPU miner accepted (hash 459580686ac5f184f327673b62dac85846490fbd0c17f2253bc9f3103a16507a, amount 50 BTC)
2024-05-21 11:22:59.959 [INF] MINR: Block submitted via CPU miner accepted (hash 4e3bcef98ce856b0d646e49a4df1eaeb60f23e924dd2c52c63243954dc7b110c, amount 50 BTC)
2024-05-21 11:22:59.965 [INF] MINR: Block submitted via CPU miner accepted (hash 36004ce4afd631b9a2024e632da5f1f3eae1021c3fa50cbbf2b7f609dae60d97, amount 50 BTC)
2024-05-21 11:22:59.966 [INF] MINR: Block submitted via CPU miner accepted (hash 1305504727d53f94eafc994f6e51ee94ff14df58347fe3b7bad09490f97ed9b0, amount 50 BTC)
2024-05-21 11:22:59.966 [INF] MINR: Block submitted via CPU miner accepted (hash 118213c8467c8e048991231d30b472b9fa5146bc52e1f2266e747e97138fe00a, amount 50 BTC)
2024-05-21 11:22:59.966 [INF] MINR: Block submitted via CPU miner accepted (hash 269487d6a321e75903c8a5ce5f07d153a2e36b81243082e7c911dc98f82d7417, amount 50 BTC)
2024-05-21 11:22:59.972 [INF] MINR: Block submitted via CPU miner accepted (hash 53a42d60807aeaa8ad323efde9413fdcfe3d6b6397123b19f4bf382dcc9cf037, amount 50 BTC)
2024-05-21 11:22:59.973 [INF] MINR: Block submitted via CPU miner accepted (hash 00d4a19818a71f742fcf5707471fff97a0473ccf059dcca8aa48f90a12ac6e31, amount 50 BTC)
2024-05-21 11:22:59.973 [INF] MINR: Block submitted via CPU miner accepted (hash 404b434af245a4bb2232ae33dc0808eb7a4c357847bffcf8494b8b1450febfce, amount 50 BTC)
2024-05-21 11:22:59.978 [INF] MINR: Block submitted via CPU miner accepted (hash 611f1fcb509cbbdef6c2958bc2d2aecf2638866c6ee80edbf2aa107b852e7d63, amount 50 BTC)
2024-05-21 11:22:59.978 [INF] MINR: Block submitted via CPU miner accepted (hash 467fc6dbfdb4bde2d429e1ee633cf5c564c0c73894d3fb498c17a7fb6b9d4efe, amount 50 BTC)
2024-05-21 11:22:59.979 [INF] MINR: Block submitted via CPU miner accepted (hash 1310fb5da836e8482306fbf58b7dcf31bc7ed895e2006e589c2b431baf3f2390, amount 50 BTC)
2024-05-21 11:22:59.982 [INF] MINR: Block submitted via CPU miner accepted (hash 65d2451385b9951b85e7ac2a4bee3b3fdb0ff2fa3321a4631746ca04390b3363, amount 50 BTC)
2024-05-21 11:22:59.983 [INF] MINR: Block submitted via CPU miner accepted (hash 650440e2f3c460e8aea7ab99d9e94eef59d9bbf88fd0b1dfd05106450e4e74e1, amount 50 BTC)
2024-05-21 11:22:59.983 [INF] MINR: Block submitted via CPU miner accepted (hash 177de5ef888044437f93a5220a45fc57a5b0448e0e38ad1721f86d1727efb494, amount 50 BTC)
2024-05-21 11:22:59.990 [INF] MINR: Block submitted via CPU miner accepted (hash 555bad88e8c1900b4729960f09c8f133b09a8199d084b4e8093b9c2b491e5043, amount 50 BTC)
2024-05-21 11:22:59.990 [INF] MINR: Block submitted via CPU miner accepted (hash 6531c381ff1ef98d0427c456a0f547548da1c02c74a3f0c940e4b8a4b581c60f, amount 50 BTC)
2024-05-21 11:22:59.991 [INF] MINR: Block submitted via CPU miner accepted (hash 17f94ed521b550400401ec57dfff1596f79225c2d94631674868e9aad72dc418, amount 50 BTC)
2024-05-21 11:22:59.996 [INF] MINR: Block submitted via CPU miner accepted (hash 33c69ea300011e877b7ec75d711ab8bad9ff85f1ffe6bb58cad6f627a4a08d90, amount 50 BTC)
2024-05-21 11:22:59.996 [INF] MINR: Block submitted via CPU miner accepted (hash 5657aa16d99a748a8e71a898af1987127219ad5b5362aceeb85fe18765c1a896, amount 50 BTC)
2024-05-21 11:22:59.997 [INF] MINR: Block submitted via CPU miner accepted (hash 69ab53c4c8fd72de7c5259b8cc37097a5a2c76b9852d5465ded02f2baba677ec, amount 50 BTC)
2024-05-21 11:23:00.002 [INF] MINR: Block submitted via CPU miner accepted (hash 6da45435f854210fe055aa607c4339f456d3676f876357508ddb9f9758710728, amount 50 BTC)
2024-05-21 11:23:00.002 [INF] MINR: Block submitted via CPU miner accepted (hash 41a6682943923bcb8af0eea1bb319d01a6fd1fa20f85754f166beb99d647a36e, amount 50 BTC)
2024-05-21 11:23:00.003 [INF] MINR: Block submitted via CPU miner accepted (hash 1c3092757d84b11f2970ebfeb8794ccd65a095a12fc7e739c66c649da04bcc32, amount 50 BTC)
2024-05-21 11:23:00.003 [INF] MINR: Block submitted via CPU miner accepted (hash 6e1abfd44e2aba658935f135c01f844fb469ad16d0131c888337eabbda8baacc, amount 50 BTC)
2024-05-21 11:23:00.006 [INF] MINR: Block submitted via CPU miner accepted (hash 14f4a37abd5823688aa9f21ffcdbd42e55221df6fa63a662b65958b34a6aab41, amount 50 BTC)
2024-05-21 11:23:00.007 [INF] MINR: Block submitted via CPU miner accepted (hash 4305fbf0a0651b886f9b01159d645671a2ea98e5a20aac7a02e520290cd7d800, amount 50 BTC)
2024-05-21 11:49:39.139 [INF] BTCD: Received signal (interrupt).  Shutting down...
2024-05-21 11:49:39.140 [INF] BTCD: Gracefully shutting down the server...
2024-05-21 11:49:39.140 [WRN] SRVR: Server shutting down
2024-05-21 11:49:39.140 [WRN] RPCS: RPC server shutting down
2024-05-21 11:49:39.141 [INF] RPCS: RPC server shutdown complete
2024-05-21 11:49:39.141 [ERR] RPCS: Websocket receive error from 127.0.0.1:52046: read tcp4 127.0.0.1:18556->127.0.0.1:52046: use of closed network connection
2024-05-21 11:49:39.141 [INF] RPCS: Disconnected websocket client 127.0.0.1:52046
2024-05-21 11:49:39.176 [INF] SYNC: Sync manager shutting down
2024-05-21 11:49:39.176 [INF] CHAN: Flushing UTXO cache of 97 MiB with 103 entries to disk. For large sizes, this can take up to several minutes...
2024-05-21 11:49:39.199 [INF] AMGR: Address manager shutting down
2024-05-21 11:49:39.200 [INF] SRVR: Server shutdown complete
2024-05-21 11:49:39.200 [INF] BTCD: Gracefully shutting down the database...
2024-05-21 11:49:39.214 [INF] BTCD: Shutdown complete
2024-05-21 12:03:38.267 [INF] BTCD: Version 0.24.2-betarc1
2024-05-21 12:03:38.268 [INF] BTCD: Loading block database from 'simnet/btcd/simnet/blocks_ffldb'
2024-05-21 12:03:38.310 [INF] BTCD: Block database loaded
2024-05-21 12:03:38.312 [INF] INDX: Transaction index is enabled
2024-05-21 12:03:38.312 [INF] INDX: Committed filter index is enabled
2024-05-21 12:03:38.312 [INF] CHAN: Pre-alloacting for 251 MiB: 
2024-05-21 12:03:38.320 [INF] CHAN: Loading block index...
2024-05-21 12:03:38.322 [INF] CHAN: Chain state (height 103, hash 4305fbf0a0651b886f9b01159d645671a2ea98e5a20aac7a02e520290cd7d800, totaltx 104, work 208)
2024-05-21 12:03:38.322 [INF] RPCS: RPC server listening on 127.0.0.1:18556
2024-05-21 12:03:38.322 [INF] RPCS: RPC server listening on [::1]:18556
2024-05-21 12:03:38.324 [INF] AMGR: Loaded 0 addresses from file 'simnet/btcd/simnet/peers.json'
2024-05-21 12:03:38.324 [INF] CMGR: Server listening on 0.0.0.0:18555
2024-05-21 12:03:38.325 [INF] CMGR: Server listening on [::]:18555
2024-05-21 12:04:09.222 [INF] RPCS: New websocket client 127.0.0.1:52928
2024-05-21 12:04:09.250 [INF] RPCS: Beginning rescan for 2 addresses
2024-05-21 12:04:09.251 [INF] RPCS: Finished rescan
2024-05-21 12:04:51.507 [INF] BTCD: Version 0.24.2-betarc1
2024-05-21 12:04:51.507 [INF] BTCD: Loading block database from 'simnet/btcd/simnet/blocks_ffldb'
2024-05-21 12:04:51.507 [ERR] BTCD: resource temporarily unavailable: resource temporarily unavailable
2024-05-21 12:04:51.507 [INF] BTCD: Shutdown complete
2024-05-21 12:06:22.394 [INF] BTCD: Version 0.24.2-betarc1
2024-05-21 12:06:22.394 [INF] BTCD: Loading block database from 'simnet/btcd/simnet/blocks_ffldb'
2024-05-21 12:06:22.394 [ERR] BTCD: resource temporarily unavailable: resource temporarily unavailable
2024-05-21 12:06:22.394 [INF] BTCD: Shutdown complete
2024-05-21 12:08:38.392 [INF] BTCD: Version 0.24.2-betarc1
2024-05-21 12:08:38.392 [INF] BTCD: Loading block database from 'simnet/btcd/simnet/blocks_ffldb'
2024-05-21 12:08:38.393 [ERR] BTCD: resource temporarily unavailable: resource temporarily unavailable
2024-05-21 12:08:38.393 [INF] BTCD: Shutdown complete
2024-05-21 12:09:11.356 [INF] BTCD: Version 0.24.2-betarc1
2024-05-21 12:09:11.356 [INF] BTCD: Loading block database from 'simnet/btcd/simnet/blocks_ffldb'
2024-05-21 12:09:11.356 [ERR] BTCD: resource temporarily unavailable: resource temporarily unavailable
2024-05-21 12:09:11.356 [INF] BTCD: Shutdown complete
2024-05-21 14:32:57.390 [INF] BTCD: Version 0.24.2-betarc1
2024-05-21 14:32:57.390 [INF] BTCD: Loading block database from 'simnet/btcd/simnet/blocks_ffldb'
2024-05-21 14:32:57.390 [ERR] BTCD: resource temporarily unavailable: resource temporarily unavailable
2024-05-21 14:32:57.390 [INF] BTCD: Shutdown complete
2024-05-21 14:33:31.435 [INF] BTCD: Version 0.24.2-betarc1
2024-05-21 14:33:31.435 [INF] BTCD: Loading block database from 'simnet/btcd/simnet/blocks_ffldb'
2024-05-21 14:33:31.435 [ERR] BTCD: resource temporarily unavailable: resource temporarily unavailable
2024-05-21 14:33:31.435 [INF] BTCD: Shutdown complete
2024-05-21 14:34:00.047 [INF] BTCD: Received signal (terminated).  Shutting down...
2024-05-21 14:34:00.047 [INF] BTCD: Gracefully shutting down the server...
2024-05-21 14:34:00.047 [WRN] SRVR: Server shutting down
2024-05-21 14:34:00.048 [WRN] RPCS: RPC server shutting down
2024-05-21 14:34:00.048 [ERR] RPCS: Websocket receive error from 127.0.0.1:52928: read tcp4 127.0.0.1:18556->127.0.0.1:52928: use of closed network connection
2024-05-21 14:34:00.048 [INF] RPCS: RPC server shutdown complete
2024-05-21 14:34:00.048 [INF] RPCS: Disconnected websocket client 127.0.0.1:52928
2024-05-21 14:34:00.080 [INF] SYNC: Sync manager shutting down
2024-05-21 14:34:00.080 [INF] CHAN: Flushing UTXO cache of 97 MiB with 0 entries to disk. For large sizes, this can take up to several minutes...
2024-05-21 14:34:00.081 [INF] AMGR: Address manager shutting down
2024-05-21 14:34:00.085 [INF] SRVR: Server shutdown complete
2024-05-21 14:34:00.085 [INF] BTCD: Gracefully shutting down the database...
2024-05-21 14:34:00.107 [INF] BTCD: Shutdown complete
2024-05-21 14:34:12.476 [INF] BTCD: Version 0.24.2-betarc1
2024-05-21 14:34:12.476 [INF] BTCD: Loading block database from 'simnet/btcd/simnet/blocks_ffldb'
2024-05-21 14:34:12.508 [INF] BTCD: Block database loaded
2024-05-21 14:34:12.509 [INF] INDX: Transaction index is enabled
2024-05-21 14:34:12.509 [INF] INDX: Committed filter index is enabled
2024-05-21 14:34:12.509 [INF] CHAN: Pre-alloacting for 251 MiB: 
2024-05-21 14:34:12.517 [INF] CHAN: Loading block index...
2024-05-21 14:34:12.519 [INF] CHAN: Chain state (height 103, hash 4305fbf0a0651b886f9b01159d645671a2ea98e5a20aac7a02e520290cd7d800, totaltx 104, work 208)
2024-05-21 14:34:12.520 [INF] RPCS: RPC server listening on 127.0.0.1:18556
2024-05-21 14:34:12.520 [INF] RPCS: RPC server listening on [::1]:18556
2024-05-21 14:34:12.520 [INF] AMGR: Loaded 0 addresses from file 'simnet/btcd/simnet/peers.json'
2024-05-21 14:34:12.520 [INF] CMGR: Server listening on 0.0.0.0:18555
2024-05-21 14:34:12.520 [INF] CMGR: Server listening on [::]:18555
2024-05-21 14:34:15.057 [INF] RPCS: New websocket client 127.0.0.1:54218
2024-05-21 14:34:15.080 [INF] RPCS: Beginning rescan for 2 addresses
2024-05-21 14:34:15.081 [INF] RPCS: Finished rescan
2024-05-21 14:35:56.422 [INF] BTCD: Received signal (interrupt).  Shutting down...
2024-05-21 14:35:56.423 [INF] BTCD: Gracefully shutting down the server...
2024-05-21 14:35:56.423 [WRN] SRVR: Server shutting down
2024-05-21 14:35:56.423 [WRN] RPCS: RPC server shutting down
2024-05-21 14:35:56.424 [INF] RPCS: RPC server shutdown complete
2024-05-21 14:35:56.424 [ERR] RPCS: Websocket receive error from 127.0.0.1:54218: read tcp4 127.0.0.1:18556->127.0.0.1:54218: use of closed network connection
2024-05-21 14:35:56.424 [INF] RPCS: Disconnected websocket client 127.0.0.1:54218
2024-05-21 14:35:56.424 [INF] SYNC: Sync manager shutting down
2024-05-21 14:35:56.424 [INF] CHAN: Flushing UTXO cache of 97 MiB with 0 entries to disk. For large sizes, this can take up to several minutes...
2024-05-21 14:35:56.424 [INF] AMGR: Address manager shutting down
2024-05-21 14:35:56.425 [INF] SRVR: Server shutdown complete
2024-05-21 14:35:56.425 [INF] BTCD: Gracefully shutting down the database...
2024-05-21 14:35:56.443 [INF] BTCD: Shutdown complete
2024-05-21 14:36:02.232 [INF] BTCD: Version 0.24.2-betarc1
2024-05-21 14:36:02.233 [INF] BTCD: Loading block database from 'simnet/btcd/simnet/blocks_ffldb'
2024-05-21 14:36:02.261 [INF] BTCD: Block database loaded
2024-05-21 14:36:02.264 [INF] INDX: Transaction index is enabled
2024-05-21 14:36:02.265 [INF] INDX: Committed filter index is enabled
2024-05-21 14:36:02.265 [INF] CHAN: Pre-alloacting for 251 MiB: 
2024-05-21 14:36:02.269 [INF] CHAN: Loading block index...
2024-05-21 14:36:02.271 [INF] CHAN: Chain state (height 103, hash 4305fbf0a0651b886f9b01159d645671a2ea98e5a20aac7a02e520290cd7d800, totaltx 104, work 208)
2024-05-21 14:36:02.271 [INF] RPCS: RPC server listening on 127.0.0.1:18556
2024-05-21 14:36:02.271 [INF] RPCS: RPC server listening on [::1]:18556
2024-05-21 14:36:02.272 [INF] AMGR: Loaded 0 addresses from file 'simnet/btcd/simnet/peers.json'
2024-05-21 14:36:02.272 [INF] CMGR: Server listening on 0.0.0.0:18555
2024-05-21 14:36:02.272 [INF] CMGR: Server listening on [::]:18555
2024-05-21 14:36:11.430 [INF] RPCS: New websocket client 127.0.0.1:54253
2024-05-21 14:36:11.452 [INF] RPCS: Beginning rescan for 2 addresses
2024-05-21 14:36:11.453 [INF] RPCS: Finished rescan
2024-05-21 14:36:46.723 [INF] BTCD: Version 0.24.2-betarc1
2024-05-21 14:36:46.723 [INF] BTCD: Loading block database from 'simnet/btcd/simnet/blocks_ffldb'
2024-05-21 14:36:46.724 [ERR] BTCD: resource temporarily unavailable: resource temporarily unavailable
2024-05-21 14:36:46.724 [INF] BTCD: Shutdown complete
2024-05-21 14:37:11.885 [INF] BTCD: Received signal (terminated).  Shutting down...
2024-05-21 14:37:11.885 [INF] BTCD: Gracefully shutting down the server...
2024-05-21 14:37:11.885 [WRN] SRVR: Server shutting down
2024-05-21 14:37:11.885 [WRN] RPCS: RPC server shutting down
2024-05-21 14:37:11.885 [INF] RPCS: RPC server shutdown complete
2024-05-21 14:37:11.885 [ERR] RPCS: Websocket receive error from 127.0.0.1:54253: read tcp4 127.0.0.1:18556->127.0.0.1:54253: use of closed network connection
2024-05-21 14:37:11.885 [INF] RPCS: Disconnected websocket client 127.0.0.1:54253
2024-05-21 14:37:11.885 [INF] SYNC: Sync manager shutting down
2024-05-21 14:37:11.885 [INF] CHAN: Flushing UTXO cache of 97 MiB with 0 entries to disk. For large sizes, this can take up to several minutes...
2024-05-21 14:37:11.885 [INF] AMGR: Address manager shutting down
2024-05-21 14:37:11.886 [INF] SRVR: Server shutdown complete
2024-05-21 14:37:11.886 [INF] BTCD: Gracefully shutting down the database...
2024-05-21 14:37:11.898 [INF] BTCD: Shutdown complete
2024-05-21 14:37:22.502 [INF] BTCD: Version 0.24.2-betarc1
2024-05-21 14:37:22.502 [INF] BTCD: Loading block database from 'simnet/btcd/simnet/blocks_ffldb'
2024-05-21 14:37:22.528 [INF] BTCD: Block database loaded
2024-05-21 14:37:22.530 [INF] INDX: Transaction index is enabled
2024-05-21 14:37:22.530 [INF] INDX: Committed filter index is enabled
2024-05-21 14:37:22.530 [INF] CHAN: Pre-alloacting for 251 MiB: 
2024-05-21 14:37:22.541 [INF] CHAN: Loading block index...
2024-05-21 14:37:22.561 [INF] CHAN: Chain state (height 103, hash 4305fbf0a0651b886f9b01159d645671a2ea98e5a20aac7a02e520290cd7d800, totaltx 104, work 208)
2024-05-21 14:37:22.562 [INF] AMGR: Loaded 0 addresses from file 'simnet/btcd/simnet/peers.json'
2024-05-21 14:37:22.562 [INF] RPCS: RPC server listening on 127.0.0.1:18556
2024-05-21 14:37:22.562 [INF] RPCS: RPC server listening on [::1]:18556
2024-05-21 14:37:22.562 [INF] CMGR: Server listening on 0.0.0.0:18555
2024-05-21 14:37:22.562 [INF] CMGR: Server listening on [::]:18555
2024-05-21 14:37:26.892 [INF] RPCS: New websocket client 127.0.0.1:54277
2024-05-21 14:37:26.912 [INF] RPCS: Beginning rescan for 2 addresses
2024-05-21 14:37:26.912 [INF] RPCS: Finished rescan
2024-05-21 14:38:08.742 [INF] BTCD: Version 0.24.2-betarc1
2024-05-21 14:38:08.742 [INF] BTCD: Loading block database from 'simnet/btcd/simnet/blocks_ffldb'
2024-05-21 14:38:08.742 [ERR] BTCD: resource temporarily unavailable: resource temporarily unavailable
2024-05-21 14:38:08.742 [INF] BTCD: Shutdown complete
2024-05-21 14:39:20.824 [INF] BTCD: Received signal (terminated).  Shutting down...
2024-05-21 14:39:20.824 [INF] BTCD: Gracefully shutting down the server...
2024-05-21 14:39:20.824 [WRN] SRVR: Server shutting down
2024-05-21 14:39:20.824 [WRN] RPCS: RPC server shutting down
2024-05-21 14:39:20.824 [ERR] RPCS: Websocket receive error from 127.0.0.1:54277: read tcp4 127.0.0.1:18556->127.0.0.1:54277: use of closed network connection
2024-05-21 14:39:20.824 [INF] RPCS: Disconnected websocket client 127.0.0.1:54277
2024-05-21 14:39:20.824 [INF] RPCS: RPC server shutdown complete
2024-05-21 14:39:20.824 [INF] SYNC: Sync manager shutting down
2024-05-21 14:39:20.824 [INF] CHAN: Flushing UTXO cache of 97 MiB with 0 entries to disk. For large sizes, this can take up to several minutes...
2024-05-21 14:39:20.824 [INF] AMGR: Address manager shutting down
2024-05-21 14:39:20.824 [INF] SRVR: Server shutdown complete
2024-05-21 14:39:20.824 [INF] BTCD: Gracefully shutting down the database...
2024-05-21 14:39:20.838 [INF] BTCD: Shutdown complete
2024-05-21 14:39:59.084 [INF] BTCD: Version 0.24.2-betarc1
2024-05-21 14:39:59.085 [INF] BTCD: Loading block database from 'simnet/btcd/simnet/blocks_ffldb'
2024-05-21 14:39:59.115 [INF] BTCD: Block database loaded
2024-05-21 14:39:59.116 [INF] INDX: Transaction index is enabled
2024-05-21 14:39:59.116 [INF] INDX: Committed filter index is enabled
2024-05-21 14:39:59.116 [INF] CHAN: Pre-alloacting for 251 MiB: 
2024-05-21 14:39:59.124 [INF] CHAN: Loading block index...
2024-05-21 14:39:59.125 [INF] CHAN: Chain state (height 103, hash 4305fbf0a0651b886f9b01159d645671a2ea98e5a20aac7a02e520290cd7d800, totaltx 104, work 208)
2024-05-21 14:39:59.125 [INF] RPCS: RPC server listening on 127.0.0.1:18556
2024-05-21 14:39:59.126 [INF] AMGR: Loaded 0 addresses from file 'simnet/btcd/simnet/peers.json'
2024-05-21 14:39:59.126 [INF] RPCS: RPC server listening on [::1]:18556
2024-05-21 14:39:59.126 [INF] CMGR: Server listening on 0.0.0.0:18555
2024-05-21 14:39:59.126 [INF] CMGR: Server listening on [::]:18555
2024-05-21 14:40:10.841 [INF] RPCS: New websocket client 127.0.0.1:54322
2024-05-21 14:40:10.864 [INF] RPCS: Beginning rescan for 2 addresses
2024-05-21 14:40:10.865 [INF] RPCS: Finished rescan
2024-05-21 14:50:35.840 [INF] RPCS: New websocket client 127.0.0.1:54653
2024-05-21 14:50:35.841 [ERR] RPCS: Websocket receive error from 127.0.0.1:54653: websocket: close 1006 unexpected EOF
2024-05-21 14:50:35.842 [INF] RPCS: Disconnected websocket client 127.0.0.1:54653
2024-05-21 14:51:33.478 [INF] RPCS: New websocket client 127.0.0.1:54655
2024-05-21 14:51:33.479 [ERR] RPCS: Websocket receive error from 127.0.0.1:54655: websocket: close 1006 unexpected EOF
2024-05-21 14:51:33.479 [INF] RPCS: Disconnected websocket client 127.0.0.1:54655
2024-05-21 14:51:56.216 [INF] RPCS: New websocket client 127.0.0.1:54657
2024-05-21 14:51:56.216 [ERR] RPCS: Websocket receive error from 127.0.0.1:54657: websocket: close 1006 unexpected EOF
2024-05-21 14:51:56.216 [INF] RPCS: Disconnected websocket client 127.0.0.1:54657
2024-05-21 14:52:13.008 [INF] RPCS: New websocket client 127.0.0.1:54658
2024-05-21 14:52:13.009 [ERR] RPCS: Websocket receive error from 127.0.0.1:54658: websocket: close 1006 unexpected EOF
2024-05-21 14:52:13.009 [INF] RPCS: Disconnected websocket client 127.0.0.1:54658
2024-05-21 14:56:40.740 [INF] RPCS: New websocket client 127.0.0.1:54966
2024-05-21 14:56:40.742 [ERR] RPCS: Websocket receive error from 127.0.0.1:54966: websocket: close 1006 unexpected EOF
2024-05-21 14:56:40.742 [INF] RPCS: Disconnected websocket client 127.0.0.1:54966
2024-05-21 15:06:47.533 [INF] RPCS: New websocket client 127.0.0.1:54981
2024-05-21 15:06:47.547 [ERR] RPCS: Websocket receive error from 127.0.0.1:54981: websocket: close 1006 unexpected EOF
2024-05-21 15:06:47.547 [INF] RPCS: Disconnected websocket client 127.0.0.1:54981
2024-05-21 15:07:46.237 [INF] RPCS: New websocket client 127.0.0.1:54985
2024-05-21 15:07:46.245 [ERR] RPCS: Websocket receive error from 127.0.0.1:54985: websocket: close 1006 unexpected EOF
2024-05-21 15:07:46.246 [INF] RPCS: Disconnected websocket client 127.0.0.1:54985
2024-05-21 15:08:07.205 [INF] RPCS: New websocket client 127.0.0.1:54986
2024-05-21 15:08:09.044 [ERR] RPCS: Websocket receive error from 127.0.0.1:54986: websocket: close 1006 unexpected EOF
2024-05-21 15:08:09.045 [INF] RPCS: Disconnected websocket client 127.0.0.1:54986
2024-05-21 15:22:28.341 [INF] RPCS: New websocket client 127.0.0.1:55240
2024-05-21 15:22:28.343 [ERR] RPCS: Websocket receive error from 127.0.0.1:55240: websocket: close 1006 unexpected EOF
2024-05-21 15:22:28.343 [INF] RPCS: Disconnected websocket client 127.0.0.1:55240
2024-05-21 15:23:38.342 [INF] RPCS: New websocket client 127.0.0.1:55245
2024-05-21 15:23:38.347 [ERR] RPCS: Websocket receive error from 127.0.0.1:55245: websocket: close 1006 unexpected EOF
2024-05-21 15:23:38.347 [INF] RPCS: Disconnected websocket client 127.0.0.1:55245
2024-05-21 15:23:52.625 [INF] RPCS: New websocket client 127.0.0.1:55246
2024-05-21 15:23:52.626 [ERR] RPCS: Websocket receive error from 127.0.0.1:55246: websocket: close 1006 unexpected EOF
2024-05-21 15:23:52.626 [INF] RPCS: Disconnected websocket client 127.0.0.1:55246
2024-05-21 15:24:08.287 [INF] RPCS: New websocket client 127.0.0.1:55247
2024-05-21 15:24:08.291 [ERR] RPCS: Websocket receive error from 127.0.0.1:55247: websocket: close 1006 unexpected EOF
2024-05-21 15:24:08.291 [INF] RPCS: Disconnected websocket client 127.0.0.1:55247
2024-05-21 15:25:33.124 [INF] RPCS: New websocket client 127.0.0.1:55402
2024-05-21 15:25:33.125 [INF] RPCS: New websocket client 127.0.0.1:55403
2024-05-21 15:25:33.130 [ERR] RPCS: Websocket receive error from 127.0.0.1:55402: websocket: close 1006 unexpected EOF
2024-05-21 15:25:33.130 [ERR] RPCS: Websocket receive error from 127.0.0.1:55403: websocket: close 1006 unexpected EOF
2024-05-21 15:25:33.130 [INF] RPCS: Disconnected websocket client 127.0.0.1:55402
2024-05-21 15:25:33.130 [INF] RPCS: Disconnected websocket client 127.0.0.1:55403
2024-05-21 15:26:45.141 [INF] RPCS: New websocket client 127.0.0.1:55404
2024-05-21 15:26:45.142 [INF] RPCS: New websocket client 127.0.0.1:55405
2024-05-21 15:26:45.811 [ERR] RPCS: Websocket receive error from 127.0.0.1:55405: read tcp4 127.0.0.1:18556->127.0.0.1:55405: read: connection reset by peer
2024-05-21 15:26:45.811 [INF] RPCS: Disconnected websocket client 127.0.0.1:55405
2024-05-21 15:26:45.811 [ERR] RPCS: Websocket receive error from 127.0.0.1:55404: websocket: close 1006 unexpected EOF
2024-05-21 15:26:45.812 [INF] RPCS: Disconnected websocket client 127.0.0.1:55404
2024-05-21 15:50:06.240 [INF] RPCS: New websocket client 127.0.0.1:55631
2024-05-21 15:50:06.241 [INF] RPCS: New websocket client 127.0.0.1:55632
2024-05-21 15:50:06.891 [ERR] RPCS: Websocket receive error from 127.0.0.1:55632: read tcp4 127.0.0.1:18556->127.0.0.1:55632: read: connection reset by peer
2024-05-21 15:50:06.891 [INF] RPCS: Disconnected websocket client 127.0.0.1:55632
2024-05-21 15:50:06.891 [ERR] RPCS: Websocket receive error from 127.0.0.1:55631: websocket: close 1006 unexpected EOF
2024-05-21 15:50:06.891 [INF] RPCS: Disconnected websocket client 127.0.0.1:55631
2024-05-21 15:52:27.460 [INF] RPCS: New websocket client 127.0.0.1:55658
2024-05-21 15:52:27.461 [INF] RPCS: New websocket client 127.0.0.1:55659
2024-05-21 15:52:28.112 [ERR] RPCS: Websocket receive error from 127.0.0.1:55659: websocket: close 1006 unexpected EOF
2024-05-21 15:52:28.112 [ERR] RPCS: Websocket receive error from 127.0.0.1:55658: websocket: close 1006 unexpected EOF
2024-05-21 15:52:28.112 [INF] RPCS: Disconnected websocket client 127.0.0.1:55659
2024-05-21 15:52:28.112 [INF] RPCS: Disconnected websocket client 127.0.0.1:55658
2024-05-21 15:56:44.320 [INF] RPCS: New websocket client 127.0.0.1:55912
2024-05-21 15:56:44.321 [INF] RPCS: New websocket client 127.0.0.1:55913
2024-05-21 15:56:45.599 [ERR] RPCS: Websocket receive error from 127.0.0.1:55912: websocket: close 1006 unexpected EOF
2024-05-21 15:56:45.599 [ERR] RPCS: Websocket receive error from 127.0.0.1:55913: websocket: close 1006 unexpected EOF
2024-05-21 15:56:45.599 [INF] RPCS: Disconnected websocket client 127.0.0.1:55912
2024-05-21 15:56:45.599 [INF] RPCS: Disconnected websocket client 127.0.0.1:55913
2024-05-21 15:58:44.057 [INF] RPCS: New websocket client 127.0.0.1:55920
2024-05-21 15:58:44.059 [INF] RPCS: New websocket client 127.0.0.1:55921
2024-05-21 15:58:44.728 [ERR] RPCS: Websocket receive error from 127.0.0.1:55921: read tcp4 127.0.0.1:18556->127.0.0.1:55921: read: connection reset by peer
2024-05-21 15:58:44.728 [ERR] RPCS: Websocket receive error from 127.0.0.1:55920: websocket: close 1006 unexpected EOF
2024-05-21 15:58:44.728 [INF] RPCS: Disconnected websocket client 127.0.0.1:55921
2024-05-21 15:58:44.728 [INF] RPCS: Disconnected websocket client 127.0.0.1:55920
2024-05-21 15:59:48.316 [INF] RPCS: New websocket client 127.0.0.1:55924
2024-05-21 15:59:48.317 [INF] RPCS: New websocket client 127.0.0.1:55925
2024-05-21 15:59:48.972 [ERR] RPCS: Websocket receive error from 127.0.0.1:55925: read tcp4 127.0.0.1:18556->127.0.0.1:55925: read: connection reset by peer
2024-05-21 15:59:48.972 [INF] RPCS: Disconnected websocket client 127.0.0.1:55925
2024-05-21 15:59:48.972 [ERR] RPCS: Websocket receive error from 127.0.0.1:55924: websocket: close 1006 unexpected EOF
2024-05-21 15:59:48.972 [INF] RPCS: Disconnected websocket client 127.0.0.1:55924
2024-05-21 16:01:46.685 [INF] RPCS: New websocket client 127.0.0.1:55931
2024-05-21 16:01:46.686 [INF] RPCS: New websocket client 127.0.0.1:55932
2024-05-21 16:01:47.353 [ERR] RPCS: Websocket receive error from 127.0.0.1:55932: read tcp4 127.0.0.1:18556->127.0.0.1:55932: read: connection reset by peer
2024-05-21 16:01:47.353 [INF] RPCS: Disconnected websocket client 127.0.0.1:55932
2024-05-21 16:01:47.353 [ERR] RPCS: Websocket receive error from 127.0.0.1:55931: websocket: close 1006 unexpected EOF
2024-05-21 16:01:47.353 [INF] RPCS: Disconnected websocket client 127.0.0.1:55931
2024-05-21 16:02:27.612 [INF] RPCS: New websocket client 127.0.0.1:55937
2024-05-21 16:02:27.613 [INF] RPCS: New websocket client 127.0.0.1:55938
2024-05-21 16:02:28.252 [ERR] RPCS: Websocket receive error from 127.0.0.1:55938: websocket: close 1006 unexpected EOF
2024-05-21 16:02:28.252 [ERR] RPCS: Websocket receive error from 127.0.0.1:55937: websocket: close 1006 unexpected EOF
2024-05-21 16:02:28.252 [INF] RPCS: Disconnected websocket client 127.0.0.1:55938
2024-05-21 16:02:28.252 [INF] RPCS: Disconnected websocket client 127.0.0.1:55937
2024-05-21 16:02:41.615 [INF] RPCS: New websocket client 127.0.0.1:55940
2024-05-21 16:02:41.617 [INF] RPCS: New websocket client 127.0.0.1:55941
2024-05-21 16:02:42.268 [ERR] RPCS: Websocket receive error from 127.0.0.1:55941: websocket: close 1006 unexpected EOF
2024-05-21 16:02:42.268 [ERR] RPCS: Websocket receive error from 127.0.0.1:55940: websocket: close 1006 unexpected EOF
2024-05-21 16:02:42.268 [INF] RPCS: Disconnected websocket client 127.0.0.1:55941
2024-05-21 16:02:42.268 [INF] RPCS: Disconnected websocket client 127.0.0.1:55940
2024-05-21 16:02:54.159 [INF] RPCS: New websocket client 127.0.0.1:55943
2024-05-21 16:02:54.161 [INF] RPCS: New websocket client 127.0.0.1:55944
2024-05-21 16:02:54.800 [ERR] RPCS: Websocket receive error from 127.0.0.1:55944: read tcp4 127.0.0.1:18556->127.0.0.1:55944: read: connection reset by peer
2024-05-21 16:02:54.800 [INF] RPCS: Disconnected websocket client 127.0.0.1:55944
2024-05-21 16:02:54.800 [ERR] RPCS: Websocket receive error from 127.0.0.1:55943: websocket: close 1006 unexpected EOF
2024-05-21 16:02:54.800 [INF] RPCS: Disconnected websocket client 127.0.0.1:55943
2024-05-21 16:04:30.395 [INF] RPCS: New websocket client 127.0.0.1:55961
2024-05-21 16:04:30.396 [INF] RPCS: New websocket client 127.0.0.1:55962
2024-05-21 16:04:31.033 [ERR] RPCS: Websocket receive error from 127.0.0.1:55962: read tcp4 127.0.0.1:18556->127.0.0.1:55962: read: connection reset by peer
2024-05-21 16:04:31.033 [INF] RPCS: Disconnected websocket client 127.0.0.1:55962
2024-05-21 16:04:31.033 [ERR] RPCS: Websocket receive error from 127.0.0.1:55961: websocket: close 1006 unexpected EOF
2024-05-21 16:04:31.033 [INF] RPCS: Disconnected websocket client 127.0.0.1:55961
2024-05-21 16:04:52.752 [INF] MINR: Block submitted via CPU miner accepted (hash 125ec1597a434137e528406694e5b7f37e0feaeadf698005e369dd7da4de2e16, amount 50 BTC)
2024-05-21 16:04:52.752 [INF] MINR: Block submitted via CPU miner accepted (hash 2fd2b3f0c921e5ea730e1cc5627a6794ae852ea0bcd795899259a83328b03830, amount 50 BTC)
2024-05-21 16:04:52.752 [INF] MINR: Block submitted via CPU miner accepted (hash 7d9af9856184d5220dcb18155652390c2cfe6786eecf30ea6e04943818040ecb, amount 50 BTC)
2024-05-21 16:04:52.752 [INF] MINR: Block submitted via CPU miner accepted (hash 42286ed197284a43215dec221aab34fa5510a511258919f83ab7e6b873d0a3e2, amount 50 BTC)
2024-05-21 16:04:52.752 [INF] MINR: Block submitted via CPU miner accepted (hash 22d72e2df4d2202687950790435725ab1d136daa177fa52f2bc00b64c02f11d0, amount 50 BTC)
2024-05-21 16:04:52.753 [INF] MINR: Block submitted via CPU miner accepted (hash 7b883389796865b6242063dafc15dbbe3f5c824d57c248c8d81f28f765155178, amount 50 BTC)
2024-05-21 16:04:52.753 [INF] MINR: Block submitted via CPU miner accepted (hash 3ecb7d38a8a170ab6e766eb040b33ce9c929f818e34e281e2bc9f9b4face79a0, amount 50 BTC)
2024-05-21 16:04:52.753 [INF] MINR: Block submitted via CPU miner accepted (hash 1b2868a2885789ad71035bdd52cbda44571187c3846e3159d451fbc5e4217368, amount 50 BTC)
2024-05-21 16:04:52.753 [INF] MINR: Block submitted via CPU miner accepted (hash 3d95cd9932611e2f726d9b20a61ea8922c27347b4acb22ba67aca5c132244846, amount 50 BTC)
2024-05-21 16:04:52.753 [INF] MINR: Block submitted via CPU miner accepted (hash 76e439bfb700d4824062b61459b9c5b93cf4b83ccb52f66878ca0c4f60e4506b, amount 50 BTC)
2024-05-21 16:04:52.754 [INF] MINR: Block submitted via CPU miner accepted (hash 09ad7ec6bacc0b9430055834a398dddc5c2fbc51f6b1fc0adebdf9a8e425e737, amount 50 BTC)
2024-05-21 16:04:52.754 [INF] MINR: Block submitted via CPU miner accepted (hash 46a751c8717af80552e50b8001dfa59800d7b8bb8a45ae7627448d669810a0b5, amount 50 BTC)
2024-05-21 16:04:52.754 [INF] MINR: Block submitted via CPU miner accepted (hash 144128ef274e7fa61333d2076c946f0f81e7a18d7763ab3a30ad0c35f2d7a1db, amount 50 BTC)
2024-05-21 16:04:52.754 [INF] MINR: Block submitted via CPU miner accepted (hash 1d70bfde5ac07c92b1e16e959e0eb873e371265904e96e0af03bd7eeadf6af42, amount 50 BTC)
2024-05-21 16:04:52.754 [INF] MINR: Block submitted via CPU miner accepted (hash 48e457bf793d9a2ddced67835ffd18ed5e33d1a70d6bd24d672c005966c61cc1, amount 50 BTC)
2024-05-21 16:04:52.754 [INF] MINR: Block submitted via CPU miner accepted (hash 17bef86bea72ee0e40ac7c8505226e72c0343d648fe79d40b220037ca9aae5b1, amount 50 BTC)
2024-05-21 16:04:52.755 [INF] MINR: Block submitted via CPU miner accepted (hash 0aa5694d754e5b7fb3e7629d7290c6e4839d5309de23433b6f02bc817555fcbc, amount 50 BTC)
2024-05-21 16:04:52.755 [INF] MINR: Block submitted via CPU miner accepted (hash 443c2dd638adfe3aa2b586f6e7db9de1c8450972c150f95ef926c53b264931e9, amount 50 BTC)
2024-05-21 16:04:52.760 [INF] MINR: Block submitted via CPU miner accepted (hash 4d896058a3ae550acce6850de7e42a3cae9418adcb21425bae15564edaa9c0ed, amount 50 BTC)
2024-05-21 16:04:52.761 [INF] MINR: Block submitted via CPU miner accepted (hash 494b128307a49da931b2f8776c9272f8fd2c8499f049a7522eb5340aaa8be9c3, amount 50 BTC)
2024-05-21 16:04:52.761 [INF] MINR: Block submitted via CPU miner accepted (hash 0b2990408dd024345effe9dce3cd75d7a878dbd273a7fa6c8013c7a91cb5a93d, amount 50 BTC)
2024-05-21 16:04:52.761 [INF] MINR: Block submitted via CPU miner accepted (hash 7edfd32532be56aa1f16c3e3730f7e573bd4d0927c744263e8842413b206c921, amount 50 BTC)
2024-05-21 16:04:52.766 [INF] MINR: Block submitted via CPU miner accepted (hash 0895f7d82045e0490a249a4365ea0ceaf2f89d345799a649ae053de6508b3c54, amount 50 BTC)
2024-05-21 16:04:52.766 [INF] MINR: Block submitted via CPU miner accepted (hash 0b5814cc23f44f9f85afe89fe61ecf0c6ff101d6823779a3fd52f63e44a62390, amount 50 BTC)
2024-05-21 16:04:52.766 [INF] MINR: Block submitted via CPU miner accepted (hash 2e8ea60301356e25e6d8446eb88c3ed2e4f8190e60d743f06e58cf124edf1591, amount 50 BTC)
2024-05-21 16:04:52.766 [INF] MINR: Block submitted via CPU miner accepted (hash 4ea6a79bbc92751ef3c09ff293e0ebdacded616844ef7e4c4fd8433e2d1ceb96, amount 50 BTC)
2024-05-21 16:04:52.771 [INF] MINR: Block submitted via CPU miner accepted (hash 37076937cf4bc846f2dfa8371221b2a4383f0e5ae57a61732139b6bd5fc6bb1a, amount 50 BTC)
2024-05-21 16:04:52.771 [INF] MINR: Block submitted via CPU miner accepted (hash 22932de42b245ab8eeccfafa814142d3da666353d79d138b3c8ea80e036bd3eb, amount 50 BTC)
2024-05-21 16:04:52.774 [INF] MINR: Block submitted via CPU miner accepted (hash 509e776bd0c4b976379180fc5c3de356771e5ea943b699ffa9defc62d6f2ab88, amount 50 BTC)
2024-05-21 16:04:52.774 [INF] MINR: Block submitted via CPU miner accepted (hash 1ced629e5d4f583c2c3130621a7107bf2563777146ae7ed666cea2dea150dccd, amount 50 BTC)
2024-05-21 16:04:52.775 [INF] MINR: Block submitted via CPU miner accepted (hash 08da01fdc5dd33f82e47260dc43a4213d3fd1260802d16ec62591e24f6611cbe, amount 50 BTC)
2024-05-21 16:04:52.775 [INF] MINR: Block submitted via CPU miner accepted (hash 44c0aa268e8932a08707a283de95e4d3351681c816e406163993fb1762822685, amount 50 BTC)
2024-05-21 16:04:52.775 [INF] MINR: Block submitted via CPU miner accepted (hash 756b2c8663fb05791461ffa111af0c363eab11f47f7e14b25cdb763fa2d5153e, amount 50 BTC)
2024-05-21 16:04:52.775 [INF] MINR: Block submitted via CPU miner accepted (hash 73d0c93e763e68b939a11eee698c076e2af824905ae1cc8c3ec3bd01d47f9754, amount 50 BTC)
2024-05-21 16:04:52.775 [INF] MINR: Block submitted via CPU miner accepted (hash 0502077e785657211d444d3a0792034b0f0dae202f27d733768b3097c5e1faa3, amount 50 BTC)
2024-05-21 16:04:52.776 [INF] MINR: Block submitted via CPU miner accepted (hash 1b58d210009cfaadc6ca5524cfff7822e2f60768a59b08055a315f1ff4065b30, amount 50 BTC)
2024-05-21 16:04:52.776 [INF] MINR: Block submitted via CPU miner accepted (hash 61e3e30efeca8dec9ef53c73f5f63e26f30bac9ea374f3e7c0f86d8e481e10f7, amount 50 BTC)
2024-05-21 16:04:52.776 [INF] MINR: Block submitted via CPU miner accepted (hash 39c2fddf93ca8b84dd979f69da32802ee644eaf491111b79c3fd49f831414997, amount 50 BTC)
2024-05-21 16:04:52.780 [INF] MINR: Block submitted via CPU miner accepted (hash 225da3687a0468c2083df3486df620c25a50de941ace8a03822548ef6d9c37b1, amount 50 BTC)
2024-05-21 16:04:52.780 [INF] MINR: Block submitted via CPU miner accepted (hash 48d50fdf55d96974cdecd4fb3174ec2021178eacf240db771a08417141e85d83, amount 50 BTC)
2024-05-21 16:04:52.785 [INF] MINR: Block submitted via CPU miner accepted (hash 0bcac139e1bbf7d5e21882d81695f2e96f191a92aed222349373641877ed51b1, amount 50 BTC)
2024-05-21 16:04:52.786 [INF] MINR: Block submitted via CPU miner accepted (hash 288c6f04d0580a1ee755f9673fe2b9bb7545f4303d17c5dd941b5e8f10d7e2df, amount 50 BTC)
2024-05-21 16:04:52.786 [INF] MINR: Block submitted via CPU miner accepted (hash 003b1f7569efe744584d89a512f6cad46c07c8d869aa4c6b6a1362a44633bd3e, amount 50 BTC)
2024-05-21 16:04:52.791 [INF] MINR: Block submitted via CPU miner accepted (hash 5e40838693a3d08e4bd26c5784100a162e0c5a2c95cabd1a68c3791b80a13e8e, amount 50 BTC)
2024-05-21 16:04:52.791 [INF] MINR: Block submitted via CPU miner accepted (hash 72373cbdd90169ef1d17ad2cfa940760931cb0a4ff898dc41adc3e74b28a823c, amount 50 BTC)
2024-05-21 16:04:52.795 [INF] MINR: Block submitted via CPU miner accepted (hash 325a3ee138709e3d927f3c6a60bad667126cf1ec4ac6c92f03b96114f3fb323d, amount 50 BTC)
2024-05-21 16:04:52.795 [INF] MINR: Block submitted via CPU miner accepted (hash 0b8e4883cc93b205e966b2576b3c1f0bf14e5ca8c31ded67bb51a673baf4d81c, amount 50 BTC)
2024-05-21 16:04:52.795 [INF] MINR: Block submitted via CPU miner accepted (hash 4bc28e142451dc9c062eef70b80aa2fb5feb478a97eb29df438f000a25d67ae5, amount 50 BTC)
2024-05-21 16:04:52.795 [INF] MINR: Block submitted via CPU miner accepted (hash 3e0713b7de6a0542ff140760db5ec41c7b4f73ee0df24632b3df9001d14abe48, amount 50 BTC)
2024-05-21 16:04:52.795 [INF] MINR: Block submitted via CPU miner accepted (hash 12fe1e506183a861339d307e527cdab5bfe3a37eaefc6833d0672a6cebf119bb, amount 50 BTC)
2024-05-21 16:04:52.795 [INF] MINR: Block submitted via CPU miner accepted (hash 5f08120a1c7d90edb97beb966f0cd94b5fa9da4105b72189ff84eadfcebbdeb2, amount 50 BTC)
2024-05-21 16:04:52.795 [INF] MINR: Block submitted via CPU miner accepted (hash 173f3bcb8ce182df4a47a0c3a9cde2cd4f3f7cbc66f94d8d6a48904314ec8a3a, amount 50 BTC)
2024-05-21 16:04:52.795 [INF] MINR: Block submitted via CPU miner accepted (hash 17b9604ce6042904d650a400952bd7e8f089155c2baf0e265fa6d0c473232eae, amount 50 BTC)
2024-05-21 16:04:52.796 [INF] MINR: Block submitted via CPU miner accepted (hash 5375e02ccba1570d01423fb8932585f2de207f36ef79605c7d9b65b32ee35289, amount 50 BTC)
2024-05-21 16:04:52.796 [INF] MINR: Block submitted via CPU miner accepted (hash 3e73d2d940e1390bccb2103a13e4d8b1914829beb0cec8937b91b5d450d8e770, amount 50 BTC)
2024-05-21 16:04:52.800 [INF] MINR: Block submitted via CPU miner accepted (hash 29fe004c8e50058a3dac64bc7abc9519ae0f104ba11c7e768b27e7ee00d32aaf, amount 50 BTC)
2024-05-21 16:04:52.805 [INF] MINR: Block submitted via CPU miner accepted (hash 475e9d3faac56134898c405805784c0f27bc82da2695d2da655917279344fb1a, amount 50 BTC)
2024-05-21 16:04:52.805 [INF] MINR: Block submitted via CPU miner accepted (hash 16f52bd7bb5b051d005c393781e425bbdcd5e63e8196df1175b04eba97f54dfd, amount 50 BTC)
2024-05-21 16:04:52.805 [INF] MINR: Block submitted via CPU miner accepted (hash 1835cb36fb0b81e05ee63466d7af9a3a2f112284cc8a443fd2f7f24c2d9bbdfb, amount 50 BTC)
2024-05-21 16:04:52.809 [INF] MINR: Block submitted via CPU miner accepted (hash 7cc9889861cb5f42688743fa40c48bfb5e96f823f3cf1ee3b0ad5bbd587c36b5, amount 50 BTC)
2024-05-21 16:04:52.809 [INF] MINR: Block submitted via CPU miner accepted (hash 5039a3013073443bc1e0439d5ddeebe0ab1741ff93dfdb363b7a098a13146f81, amount 50 BTC)
2024-05-21 16:04:52.810 [INF] MINR: Block submitted via CPU miner accepted (hash 3130c4c7cf91837ac8e121b8c30e7287269cbb59094b165fc02f07fa1f37ba43, amount 50 BTC)
2024-05-21 16:04:52.813 [INF] MINR: Block submitted via CPU miner accepted (hash 19acd3f147604681781f47237e82670b6dffd48d22970477618684eabf71a508, amount 50 BTC)
2024-05-21 16:04:52.814 [INF] MINR: Block submitted via CPU miner accepted (hash 04af225031c9d83e0fdd4bc7790c4018e1e084f2c897718798f0a0aa75862ec5, amount 50 BTC)
2024-05-21 16:04:52.814 [INF] MINR: Block submitted via CPU miner accepted (hash 7cffa582c2eb858ee54cd819d7319c726392ed6ad28263ff7789ab7cf383c616, amount 50 BTC)
2024-05-21 16:04:52.814 [INF] MINR: Block submitted via CPU miner accepted (hash 38ac429d5f840857f44131c3c82ecb98ce1da46cf5d52311810cd635a61b8146, amount 50 BTC)
2024-05-21 16:04:52.814 [INF] MINR: Block submitted via CPU miner accepted (hash 3b5bae3017227f5409d3c65613dd5ff9ab99f09c4f2531dac3ad9075567a2eb6, amount 50 BTC)
2024-05-21 16:04:52.814 [INF] MINR: Block submitted via CPU miner accepted (hash 4ac2ec022dfe117ebe4b9d615918b87fe7f6c1ac5882003a2a88cb4493f6921c, amount 50 BTC)
2024-05-21 16:04:52.814 [INF] MINR: Block submitted via CPU miner accepted (hash 1c5b137e808a999cefe9240cf4dd8547e381072b572987a08c5d1a582ea0f56d, amount 50 BTC)
2024-05-21 16:04:52.815 [INF] MINR: Block submitted via CPU miner accepted (hash 3c6392cd5bf50edb53d6ca93981e9f5f15b8f4aa1c82aaec1a9773bb59074556, amount 50 BTC)
2024-05-21 16:04:52.815 [INF] MINR: Block submitted via CPU miner accepted (hash 1204a9adeb422f5bccec2854b93c155aeadf68e64f707c3135c2409818b28d9d, amount 50 BTC)
2024-05-21 16:04:52.819 [INF] MINR: Block submitted via CPU miner accepted (hash 5df7419ad8bee9129254f54277cde87d3a7d14512eb238e28a8d00b9247c7aa3, amount 50 BTC)
2024-05-21 16:04:52.819 [INF] MINR: Block submitted via CPU miner accepted (hash 4d89c307131c0a109e184ce7a2acc2987533ee6916858c21dcddb0f2f6a7c3a4, amount 50 BTC)
2024-05-21 16:04:52.820 [INF] MINR: Block submitted via CPU miner accepted (hash 4100aa84137fea5fb18b1d0701e47bf3ca5502a857f2df03d9f3be1148d5a07e, amount 50 BTC)
2024-05-21 16:04:52.820 [INF] MINR: Block submitted via CPU miner accepted (hash 59269cece3aec2de957755aa014fe807b27801ab12a35233ae88ea7a1616f004, amount 50 BTC)
2024-05-21 16:04:52.824 [INF] MINR: Block submitted via CPU miner accepted (hash 2dab0920bf541433d5dc00f07aa975265eaac5d9ca93d53706fb31070066bb99, amount 50 BTC)
2024-05-21 16:04:52.824 [INF] MINR: Block submitted via CPU miner accepted (hash 69b847feadc16b559a91007d736997f8b9f049d2e035261c0c1fc7d34c944fb9, amount 50 BTC)
2024-05-21 16:04:52.824 [INF] MINR: Block submitted via CPU miner accepted (hash 274007dcfe55fd8f1fec9149006b0b72c73671cdef39993e0fc8f8fa548ac96f, amount 50 BTC)
2024-05-21 16:04:52.829 [INF] MINR: Block submitted via CPU miner accepted (hash 5ef94bccad79b22f22f6d9f0531635fad4feffe83811bb33b890584e61e34141, amount 50 BTC)
2024-05-21 16:04:52.830 [INF] MINR: Block submitted via CPU miner accepted (hash 20c37705dfbbfd92c3903475412755b96cae271db042aa175edc76ed852bef1b, amount 50 BTC)
2024-05-21 16:04:52.833 [INF] MINR: Block submitted via CPU miner accepted (hash 6eb2337083ea7a034a55702531e510619b1c7ff175bc805236331609188af221, amount 50 BTC)
2024-05-21 16:04:52.834 [INF] MINR: Block submitted via CPU miner accepted (hash 7947dfaec9a9c6439c440f2618ae4a4ac323eb5952089130adf5c6e887ecf2ab, amount 50 BTC)
2024-05-21 16:04:52.834 [INF] MINR: Block submitted via CPU miner accepted (hash 5a8eff5abb69b5a0af32d18ec9de56c692b1a3bff3cec363795ccb8aa39dc46e, amount 50 BTC)
2024-05-21 16:04:52.834 [INF] MINR: Block submitted via CPU miner accepted (hash 0797135d22e362109205320d8bdd53dabb3e4017439a1b24d1b16f27e5000ba8, amount 50 BTC)
2024-05-21 16:04:52.834 [INF] MINR: Block submitted via CPU miner accepted (hash 5f33dc2da33d2f692a640dc540ab203b68f67318517e0e30f84d7981b7040ffe, amount 50 BTC)
2024-05-21 16:04:52.834 [INF] MINR: Block submitted via CPU miner accepted (hash 6f752808c100edcefe1dddfe6f1bf8ff7b45ac148061cbcbe96b5da5cc3dd939, amount 50 BTC)
2024-05-21 16:04:52.834 [INF] MINR: Block submitted via CPU miner accepted (hash 2d4328bd8f0c01acf36af2e8b78c351e577c8fe6b1ecc21de7aa65bd10dbc5ac, amount 50 BTC)
2024-05-21 16:04:52.835 [INF] MINR: Block submitted via CPU miner accepted (hash 22210c22f101167dc4916b225441cac4d1e89caf1f25060dd7c242cf47368a14, amount 50 BTC)
2024-05-21 16:04:52.835 [INF] MINR: Block submitted via CPU miner accepted (hash 4b34dfad0961d175b964872768ebf7a9b2a48e8f1d6c9ddc366105e07c945d88, amount 50 BTC)
2024-05-21 16:04:52.839 [INF] MINR: Block submitted via CPU miner accepted (hash 68e04236cf47bf693ea7ca425c73e2cc84411faa49e3b2adcb37da096940b7e5, amount 50 BTC)
2024-05-21 16:04:52.839 [INF] MINR: Block submitted via CPU miner accepted (hash 412684acc379c0ee9b4daf4531e3b8f5098f9f97019a4336efb12158a5e31faa, amount 50 BTC)
2024-05-21 16:04:52.840 [INF] MINR: Block submitted via CPU miner accepted (hash 441e76d7a951190828807e37290cd788b3797e6c5609a61453ba12808ce4e285, amount 50 BTC)
2024-05-21 16:04:52.840 [INF] MINR: Block submitted via CPU miner accepted (hash 697390562c84f750fd797573a40858cfa26684d1d261f959394d3f25239c9acb, amount 50 BTC)
2024-05-21 16:04:52.840 [INF] MINR: Block submitted via CPU miner accepted (hash 363314b9db83795095c8b27e1e50ec50c511837fb00f93bd6aba0fb57345163d, amount 50 BTC)
2024-05-21 16:04:52.844 [INF] MINR: Block submitted via CPU miner accepted (hash 6f88ac5363dd0352a12b7acfc55ea8672cde6626acb6a6ac70bb6c3e54df3e5f, amount 50 BTC)
2024-05-21 16:04:52.844 [INF] MINR: Block submitted via CPU miner accepted (hash 2f0ce806db9dc59e5872ed127cbd40bde372fa7245e8c98826af4c64cf25f825, amount 50 BTC)
2024-05-21 16:04:52.845 [INF] MINR: Block submitted via CPU miner accepted (hash 4544e5f5741c9814b97b9e664bed3bab50cf64dd53fbb662dca55cd0f1b98a92, amount 50 BTC)
2024-05-21 16:04:52.849 [INF] MINR: Block submitted via CPU miner accepted (hash 31be5277f8347cc4aa829a2810bb6e78f65b58608ca280f0f9dc779606e3ce25, amount 50 BTC)
2024-05-21 16:04:52.849 [INF] MINR: Block submitted via CPU miner accepted (hash 7d61b4593ef9c9b852b5f96ed6f299bcb36a0309f8861cf3ce3a5bbffae47a1b, amount 50 BTC)
2024-05-21 16:04:52.849 [INF] MINR: Block submitted via CPU miner accepted (hash 10fd85aebf1008ab7e470b68e5f4e4de172c7c0225a2c95ac65b3d989514171b, amount 50 BTC)
2024-05-21 16:05:10.496 [INF] RPCS: New websocket client 127.0.0.1:55967
2024-05-21 16:05:10.497 [INF] RPCS: New websocket client 127.0.0.1:55968
2024-05-21 16:05:11.138 [ERR] RPCS: Websocket receive error from 127.0.0.1:55968: websocket: close 1006 unexpected EOF
2024-05-21 16:05:11.138 [ERR] RPCS: Websocket receive error from 127.0.0.1:55967: websocket: close 1006 unexpected EOF
2024-05-21 16:05:11.138 [INF] RPCS: Disconnected websocket client 127.0.0.1:55968
2024-05-21 16:05:11.138 [INF] RPCS: Disconnected websocket client 127.0.0.1:55967
2024-05-21 16:30:38.613 [ERR] RPCS: Websocket receive error from 127.0.0.1:54322: websocket: close 1006 unexpected EOF
2024-05-21 16:30:38.614 [INF] RPCS: Disconnected websocket client 127.0.0.1:54322
2024-05-21 16:30:43.053 [INF] RPCS: New websocket client 127.0.0.1:56465
2024-05-21 16:30:43.683 [INF] RPCS: Beginning rescan for 2 addresses
2024-05-21 16:30:43.683 [INF] RPCS: Finished rescan
2024-05-21 16:32:05.319 [ERR] RPCS: Websocket receive error from 127.0.0.1:56465: websocket: close 1006 unexpected EOF
2024-05-21 16:32:05.320 [INF] RPCS: Disconnected websocket client 127.0.0.1:56465
2024-05-22 15:01:07.498 [INF] BTCD: Version 0.24.2-betarc1
2024-05-22 15:01:07.498 [INF] BTCD: Loading block database from 'simnet/btcd/simnet/blocks_ffldb'
2024-05-22 15:01:07.537 [INF] BCDB: Detected unclean shutdown - Repairing...
2024-05-22 15:01:07.541 [INF] BCDB: Database sync complete
2024-05-22 15:01:07.542 [INF] BTCD: Block database loaded
2024-05-22 15:01:07.545 [INF] INDX: Transaction index is enabled
2024-05-22 15:01:07.545 [INF] INDX: Committed filter index is enabled
2024-05-22 15:01:07.545 [INF] CHAN: Pre-alloacting for 251 MiB: 
2024-05-22 15:01:07.549 [INF] CHAN: Loading block index...
2024-05-22 15:01:07.560 [INF] CHAN: Chain state (height 103, hash 4305fbf0a0651b886f9b01159d645671a2ea98e5a20aac7a02e520290cd7d800, totaltx 104, work 208)
2024-05-22 15:01:07.561 [INF] RPCS: RPC server listening on [::1]:18556
2024-05-22 15:01:07.561 [INF] RPCS: RPC server listening on 127.0.0.1:18556
2024-05-22 15:01:07.564 [INF] AMGR: Loaded 0 addresses from file 'simnet/btcd/simnet/peers.json'
2024-05-22 15:01:07.564 [INF] CMGR: Server listening on 0.0.0.0:18555
2024-05-22 15:01:07.564 [INF] CMGR: Server listening on [::]:18555
2024-05-22 15:01:12.482 [INF] RPCS: New websocket client [::1]:50161
2024-05-22 15:01:12.483 [INF] RPCS: New websocket client [::1]:50162
2024-05-22 15:01:12.489 [ERR] RPCS: Websocket receive error from [::1]:50162: websocket: close 1006 unexpected EOF
2024-05-22 15:01:12.489 [INF] RPCS: Disconnected websocket client [::1]:50162
2024-05-22 15:01:12.489 [ERR] RPCS: Websocket receive error from [::1]:50161: websocket: close 1006 unexpected EOF
2024-05-22 15:01:12.490 [INF] RPCS: Disconnected websocket client [::1]:50161
2024-05-22 15:02:05.949 [INF] BTCD: Received signal (terminated).  Shutting down...
2024-05-22 15:02:05.949 [INF] BTCD: Gracefully shutting down the server...
2024-05-22 15:02:05.949 [WRN] SRVR: Server shutting down
2024-05-22 15:02:05.949 [WRN] RPCS: RPC server shutting down
2024-05-22 15:02:05.949 [INF] RPCS: RPC server shutdown complete
2024-05-22 15:02:05.949 [INF] SYNC: Sync manager shutting down
2024-05-22 15:02:05.950 [INF] CHAN: Flushing UTXO cache of 97 MiB with 0 entries to disk. For large sizes, this can take up to several minutes...
2024-05-22 15:02:05.950 [INF] AMGR: Address manager shutting down
2024-05-22 15:02:05.950 [INF] SRVR: Server shutdown complete
2024-05-22 15:02:05.950 [INF] BTCD: Gracefully shutting down the database...
2024-05-22 15:02:05.967 [INF] BTCD: Shutdown complete
2024-05-22 15:02:09.118 [INF] BTCD: Version 0.24.2-betarc1
2024-05-22 15:02:09.118 [INF] BTCD: Loading block database from 'simnet/btcd/simnet/blocks_ffldb'
2024-05-22 15:02:09.148 [INF] BTCD: Block database loaded
2024-05-22 15:02:09.149 [INF] INDX: Transaction index is enabled
2024-05-22 15:02:09.150 [INF] INDX: Committed filter index is enabled
2024-05-22 15:02:09.150 [INF] CHAN: Pre-alloacting for 251 MiB: 
2024-05-22 15:02:09.160 [INF] CHAN: Loading block index...
2024-05-22 15:02:09.176 [INF] CHAN: Chain state (height 103, hash 4305fbf0a0651b886f9b01159d645671a2ea98e5a20aac7a02e520290cd7d800, totaltx 104, work 208)
2024-05-22 15:02:09.177 [INF] AMGR: Loaded 0 addresses from file 'simnet/btcd/simnet/peers.json'
2024-05-22 15:02:09.177 [INF] RPCS: RPC server listening on [::1]:18556
2024-05-22 15:02:09.177 [INF] RPCS: RPC server listening on 127.0.0.1:18556
2024-05-22 15:02:09.177 [INF] CMGR: Server listening on 0.0.0.0:18555
2024-05-22 15:02:09.177 [INF] CMGR: Server listening on [::]:18555
2024-05-22 15:02:14.114 [INF] RPCS: New websocket client [::1]:50170
2024-05-22 15:02:14.115 [INF] RPCS: New websocket client [::1]:50171
2024-05-22 15:02:14.120 [ERR] RPCS: Websocket receive error from [::1]:50171: websocket: close 1006 unexpected EOF
2024-05-22 15:02:14.120 [INF] RPCS: Disconnected websocket client [::1]:50171
2024-05-22 15:02:14.120 [ERR] RPCS: Websocket receive error from [::1]:50170: websocket: close 1006 unexpected EOF
2024-05-22 15:02:14.120 [INF] RPCS: Disconnected websocket client [::1]:50170
2024-05-22 17:16:03.791 [INF] RPCS: New websocket client [::1]:50996
2024-05-22 17:16:03.792 [INF] RPCS: New websocket client [::1]:50997
2024-05-22 17:16:03.796 [ERR] RPCS: Websocket receive error from [::1]:50997: websocket: close 1006 unexpected EOF
2024-05-22 17:16:03.796 [INF] RPCS: Disconnected websocket client [::1]:50997
2024-05-22 17:16:03.796 [ERR] RPCS: Websocket receive error from [::1]:50996: websocket: close 1006 unexpected EOF
2024-05-22 17:16:03.797 [INF] RPCS: Disconnected websocket client [::1]:50996
2024-05-22 17:18:08.653 [INF] RPCS: New websocket client [::1]:51027
2024-05-22 17:18:12.352 [ERR] RPCS: Websocket receive error from [::1]:51027: websocket: close 1006 unexpected EOF
2024-05-22 17:18:12.352 [INF] RPCS: Disconnected websocket client [::1]:51027
2024-05-22 17:26:01.418 [INF] RPCS: New websocket client [::1]:51046
2024-05-22 17:26:02.496 [ERR] RPCS: Websocket receive error from [::1]:51046: websocket: close 1006 unexpected EOF
2024-05-22 17:26:02.496 [INF] RPCS: Disconnected websocket client [::1]:51046
2024-05-22 17:26:13.707 [INF] RPCS: New websocket client [::1]:51049
2024-05-22 17:26:59.673 [INF] BTCD: Received signal (terminated).  Shutting down...
2024-05-22 17:26:59.673 [INF] BTCD: Gracefully shutting down the server...
2024-05-22 17:26:59.673 [WRN] SRVR: Server shutting down
2024-05-22 17:26:59.673 [WRN] RPCS: RPC server shutting down
2024-05-22 17:26:59.673 [INF] RPCS: RPC server shutdown complete
2024-05-22 17:26:59.673 [ERR] RPCS: Websocket receive error from [::1]:51049: read tcp6 [::1]:18556->[::1]:51049: use of closed network connection
2024-05-22 17:26:59.673 [INF] RPCS: Disconnected websocket client [::1]:51049
2024-05-22 17:26:59.697 [INF] SYNC: Sync manager shutting down
2024-05-22 17:26:59.697 [INF] CHAN: Flushing UTXO cache of 97 MiB with 0 entries to disk. For large sizes, this can take up to several minutes...
2024-05-22 17:26:59.697 [INF] AMGR: Address manager shutting down
2024-05-22 17:26:59.698 [INF] SRVR: Server shutdown complete
2024-05-22 17:26:59.698 [INF] BTCD: Gracefully shutting down the database...
2024-05-22 17:26:59.708 [INF] BTCD: Shutdown complete
2024-05-22 17:27:19.078 [INF] BTCD: Version 0.24.2-betarc1
2024-05-22 17:27:19.079 [INF] BTCD: Loading block database from 'simnet/btcd/simnet/blocks_ffldb'
2024-05-22 17:27:19.107 [INF] BTCD: Block database loaded
2024-05-22 17:27:19.110 [INF] INDX: Transaction index is enabled
2024-05-22 17:27:19.110 [INF] INDX: Committed filter index is enabled
2024-05-22 17:27:19.110 [INF] CHAN: Pre-alloacting for 251 MiB: 
2024-05-22 17:27:19.117 [INF] CHAN: Loading block index...
2024-05-22 17:27:19.118 [INF] CHAN: Chain state (height 103, hash 4305fbf0a0651b886f9b01159d645671a2ea98e5a20aac7a02e520290cd7d800, totaltx 104, work 208)
2024-05-22 17:27:19.118 [INF] RPCS: RPC server listening on [::1]:18556
2024-05-22 17:27:19.118 [INF] RPCS: RPC server listening on 127.0.0.1:18556
2024-05-22 17:27:19.119 [INF] AMGR: Loaded 0 addresses from file 'simnet/btcd/simnet/peers.json'
2024-05-22 17:27:19.119 [INF] CMGR: Server listening on 0.0.0.0:18555
2024-05-22 17:27:19.119 [INF] CMGR: Server listening on [::]:18555
2024-05-22 17:27:29.092 [INF] RPCS: New websocket client [::1]:51060
2024-05-22 17:27:29.093 [INF] RPCS: New websocket client [::1]:51061
2024-05-22 17:27:29.691 [INF] RPCS: New websocket client [::1]:51063
2024-05-22 17:27:30.324 [ERR] RPCS: Websocket receive error from [::1]:51061: websocket: close 1006 unexpected EOF
2024-05-22 17:27:30.324 [ERR] RPCS: Websocket receive error from [::1]:51060: websocket: close 1006 unexpected EOF
2024-05-22 17:27:30.324 [INF] RPCS: Disconnected websocket client [::1]:51061
2024-05-22 17:27:30.324 [INF] RPCS: Disconnected websocket client [::1]:51060
2024-05-22 17:50:12.058 [ERR] RPCS: not enough blocks have been observed
2024-05-22 17:50:15.587 [ERR] RPCS: not enough blocks have been observed
2024-05-22 17:50:17.743 [ERR] RPCS: Parameter NumBlocks must be positive
2024-05-22 17:50:29.460 [ERR] RPCS: not enough blocks have been observed
2024-05-22 17:50:38.110 [ERR] RPCS: not enough blocks have been observed
2024-05-22 23:07:10.964 [INF] RPCS: New websocket client [::1]:52589
2024-05-22 23:07:10.966 [INF] RPCS: New websocket client [::1]:52590
2024-05-22 23:07:12.448 [ERR] RPCS: Websocket receive error from [::1]:52589: websocket: close 1006 unexpected EOF
2024-05-22 23:07:12.448 [ERR] RPCS: Websocket receive error from [::1]:52590: read tcp6 [::1]:18556->[::1]:52590: read: connection reset by peer
2024-05-22 23:07:12.448 [INF] RPCS: Disconnected websocket client [::1]:52589
2024-05-22 23:07:12.448 [INF] RPCS: Disconnected websocket client [::1]:52590
2024-05-22 23:12:08.872 [ERR] RPCS: Websocket receive error from [::1]:51063: websocket: close 1006 unexpected EOF
2024-05-22 23:12:08.872 [INF] RPCS: Disconnected websocket client [::1]:51063
2024-05-22 23:12:20.620 [INF] RPCS: New websocket client [::1]:52625
2024-05-22 23:12:25.283 [INF] RPCS: New websocket client [::1]:52628
2024-05-22 23:12:25.284 [INF] RPCS: New websocket client [::1]:52629
2024-05-22 23:12:26.530 [ERR] RPCS: Websocket receive error from [::1]:52629: websocket: close 1006 unexpected EOF
2024-05-22 23:12:26.530 [ERR] RPCS: Websocket receive error from [::1]:52628: websocket: close 1006 unexpected EOF
2024-05-22 23:12:26.530 [INF] RPCS: Disconnected websocket client [::1]:52629
2024-05-22 23:12:26.530 [INF] RPCS: Disconnected websocket client [::1]:52628
2024-05-22 23:16:47.827 [INF] RPCS: New websocket client [::1]:52642
2024-05-22 23:16:47.828 [INF] RPCS: New websocket client [::1]:52643
2024-05-22 23:16:48.470 [ERR] RPCS: Websocket receive error from [::1]:52642: websocket: close 1006 unexpected EOF
2024-05-22 23:16:48.470 [ERR] RPCS: Websocket receive error from [::1]:52643: read tcp6 [::1]:18556->[::1]:52643: read: connection reset by peer
2024-05-22 23:16:48.470 [INF] RPCS: Disconnected websocket client [::1]:52642
2024-05-22 23:16:48.470 [INF] RPCS: Disconnected websocket client [::1]:52643
2024-05-22 23:17:08.889 [INF] RPCS: New websocket client [::1]:52683
2024-05-22 23:17:08.890 [INF] RPCS: New websocket client [::1]:52684
2024-05-22 23:17:09.515 [ERR] RPCS: Websocket receive error from [::1]:52683: websocket: close 1006 unexpected EOF
2024-05-22 23:17:09.515 [ERR] RPCS: Websocket receive error from [::1]:52684: websocket: close 1006 unexpected EOF
2024-05-22 23:17:09.515 [INF] RPCS: Disconnected websocket client [::1]:52683
2024-05-22 23:17:09.515 [INF] RPCS: Disconnected websocket client [::1]:52684
2024-05-22 23:19:59.073 [INF] RPCS: New websocket client [::1]:52789
2024-05-22 23:19:59.074 [INF] RPCS: New websocket client [::1]:52790
2024-05-22 23:19:59.716 [ERR] RPCS: Websocket receive error from [::1]:52789: websocket: close 1006 unexpected EOF
2024-05-22 23:19:59.716 [ERR] RPCS: Websocket receive error from [::1]:52790: read tcp6 [::1]:18556->[::1]:52790: read: connection reset by peer
2024-05-22 23:19:59.717 [INF] RPCS: Disconnected websocket client [::1]:52789
2024-05-22 23:19:59.717 [INF] RPCS: Disconnected websocket client [::1]:52790
2024-05-22 23:24:07.789 [INF] BTCD: Received signal (terminated).  Shutting down...
2024-05-22 23:24:07.790 [INF] BTCD: Gracefully shutting down the server...
2024-05-22 23:24:07.790 [WRN] SRVR: Server shutting down
2024-05-22 23:24:07.790 [WRN] RPCS: RPC server shutting down
2024-05-22 23:24:07.790 [ERR] RPCS: Websocket receive error from [::1]:52625: read tcp6 [::1]:18556->[::1]:52625: use of closed network connection
2024-05-22 23:24:07.790 [INF] RPCS: Disconnected websocket client [::1]:52625
2024-05-22 23:24:07.790 [INF] RPCS: RPC server shutdown complete
2024-05-22 23:24:07.817 [INF] SYNC: Sync manager shutting down
2024-05-22 23:24:07.817 [INF] CHAN: Flushing UTXO cache of 97 MiB with 0 entries to disk. For large sizes, this can take up to several minutes...
2024-05-22 23:24:07.817 [INF] AMGR: Address manager shutting down
2024-05-22 23:24:07.818 [INF] SRVR: Server shutdown complete
2024-05-22 23:24:07.818 [INF] BTCD: Gracefully shutting down the database...
2024-05-22 23:24:07.844 [INF] BTCD: Shutdown complete
2024-05-22 23:24:16.547 [INF] BTCD: Version 0.24.2-betarc1
2024-05-22 23:24:16.547 [INF] BTCD: Loading block database from 'simnet/btcd/simnet/blocks_ffldb'
2024-05-22 23:24:16.574 [INF] BTCD: Block database loaded
2024-05-22 23:24:16.576 [INF] INDX: Transaction index is enabled
2024-05-22 23:24:16.576 [INF] INDX: Committed filter index is enabled
2024-05-22 23:24:16.576 [INF] CHAN: Pre-alloacting for 251 MiB: 
2024-05-22 23:24:16.582 [INF] CHAN: Loading block index...
2024-05-22 23:24:16.583 [INF] CHAN: Chain state (height 103, hash 4305fbf0a0651b886f9b01159d645671a2ea98e5a20aac7a02e520290cd7d800, totaltx 104, work 208)
2024-05-22 23:24:16.584 [INF] AMGR: Loaded 0 addresses from file 'simnet/btcd/simnet/peers.json'
2024-05-22 23:24:16.584 [INF] RPCS: RPC server listening on [::1]:18556
2024-05-22 23:24:16.584 [INF] RPCS: RPC server listening on 127.0.0.1:18556
2024-05-22 23:24:16.584 [INF] CMGR: Server listening on 0.0.0.0:18555
2024-05-22 23:24:16.584 [INF] CMGR: Server listening on [::]:18555
2024-05-22 23:24:26.559 [INF] RPCS: New websocket client [::1]:52812
2024-05-22 23:24:26.559 [INF] RPCS: New websocket client [::1]:52813
2024-05-22 23:24:26.564 [ERR] RPCS: Websocket receive error from [::1]:52813: websocket: close 1006 unexpected EOF
2024-05-22 23:24:26.564 [ERR] RPCS: Websocket receive error from [::1]:52812: websocket: close 1006 unexpected EOF
2024-05-22 23:24:26.564 [INF] RPCS: Disconnected websocket client [::1]:52813
2024-05-22 23:24:26.564 [INF] RPCS: Disconnected websocket client [::1]:52812
2024-05-22 23:24:50.501 [INF] RPCS: New websocket client [::1]:52847
2024-05-22 23:24:55.471 [INF] RPCS: New websocket client [::1]:52853
2024-05-22 23:24:55.473 [INF] RPCS: New websocket client [::1]:52854
2024-05-22 23:24:56.762 [ERR] RPCS: Websocket receive error from [::1]:52853: websocket: close 1006 unexpected EOF
2024-05-22 23:24:56.762 [ERR] RPCS: Websocket receive error from [::1]:52854: websocket: close 1006 unexpected EOF
2024-05-22 23:24:56.762 [INF] RPCS: Disconnected websocket client [::1]:52853
2024-05-22 23:24:56.762 [INF] RPCS: Disconnected websocket client [::1]:52854
2024-05-22 23:27:18.528 [INF] BTCD: Received signal (terminated).  Shutting down...
2024-05-22 23:27:18.528 [INF] BTCD: Gracefully shutting down the server...
2024-05-22 23:27:18.528 [WRN] SRVR: Server shutting down
2024-05-22 23:27:18.528 [WRN] RPCS: RPC server shutting down
2024-05-22 23:27:18.528 [ERR] RPCS: Websocket receive error from [::1]:52847: read tcp6 [::1]:18556->[::1]:52847: use of closed network connection
2024-05-22 23:27:18.528 [INF] RPCS: Disconnected websocket client [::1]:52847
2024-05-22 23:27:18.528 [INF] RPCS: RPC server shutdown complete
2024-05-22 23:27:18.528 [INF] SYNC: Sync manager shutting down
2024-05-22 23:27:18.528 [INF] CHAN: Flushing UTXO cache of 97 MiB with 0 entries to disk. For large sizes, this can take up to several minutes...
2024-05-22 23:27:18.528 [INF] AMGR: Address manager shutting down
2024-05-22 23:27:18.529 [INF] SRVR: Server shutdown complete
2024-05-22 23:27:18.529 [INF] BTCD: Gracefully shutting down the database...
2024-05-22 23:27:18.544 [INF] BTCD: Shutdown complete
2024-05-22 23:27:49.576 [INF] BTCD: Version 0.24.2-betarc1
2024-05-22 23:27:49.576 [INF] BTCD: Loading block database from 'simnet/btcd/simnet/blocks_ffldb'
2024-05-22 23:27:49.616 [INF] BTCD: Block database loaded
2024-05-22 23:27:49.618 [INF] INDX: Transaction index is enabled
2024-05-22 23:27:49.618 [INF] INDX: Committed filter index is enabled
2024-05-22 23:27:49.618 [INF] CHAN: Pre-alloacting for 251 MiB: 
2024-05-22 23:27:49.624 [INF] CHAN: Loading block index...
2024-05-22 23:27:49.626 [INF] CHAN: Chain state (height 103, hash 4305fbf0a0651b886f9b01159d645671a2ea98e5a20aac7a02e520290cd7d800, totaltx 104, work 208)
2024-05-22 23:27:49.627 [INF] AMGR: Loaded 0 addresses from file 'simnet/btcd/simnet/peers.json'
2024-05-22 23:27:49.627 [INF] RPCS: RPC server listening on [::1]:18556
2024-05-22 23:27:49.627 [INF] RPCS: RPC server listening on 127.0.0.1:18556
2024-05-22 23:27:49.627 [INF] CMGR: Server listening on 0.0.0.0:18555
2024-05-22 23:27:49.627 [INF] CMGR: Server listening on [::]:18555
2024-05-22 23:27:59.964 [INF] RPCS: New websocket client [::1]:52871
2024-05-22 23:28:04.610 [INF] RPCS: New websocket client [::1]:52874
2024-05-22 23:28:04.611 [INF] RPCS: New websocket client [::1]:52875
2024-05-22 23:28:05.856 [ERR] RPCS: Websocket receive error from [::1]:52875: read tcp6 [::1]:18556->[::1]:52875: read: connection reset by peer
2024-05-22 23:28:05.856 [INF] RPCS: Disconnected websocket client [::1]:52875
2024-05-22 23:28:05.856 [ERR] RPCS: Websocket receive error from [::1]:52874: websocket: close 1006 unexpected EOF
2024-05-22 23:28:05.857 [INF] RPCS: Disconnected websocket client [::1]:52874
2024-05-22 23:32:35.292 [INF] RPCS: New websocket client [::1]:52917
2024-05-22 23:32:35.292 [INF] RPCS: New websocket client [::1]:52918
2024-05-22 23:32:35.931 [ERR] RPCS: Websocket receive error from [::1]:52918: read tcp6 [::1]:18556->[::1]:52918: read: connection reset by peer
2024-05-22 23:32:35.932 [INF] RPCS: Disconnected websocket client [::1]:52918
2024-05-22 23:32:35.932 [ERR] RPCS: Websocket receive error from [::1]:52917: websocket: close 1006 unexpected EOF
2024-05-22 23:32:35.932 [INF] RPCS: Disconnected websocket client [::1]:52917
2024-05-22 23:46:29.303 [INF] BTCD: Received signal (terminated).  Shutting down...
2024-05-22 23:46:29.304 [INF] BTCD: Gracefully shutting down the server...
2024-05-22 23:46:29.304 [WRN] SRVR: Server shutting down
2024-05-22 23:46:29.304 [WRN] RPCS: RPC server shutting down
2024-05-22 23:46:29.304 [ERR] RPCS: Websocket receive error from [::1]:52871: read tcp6 [::1]:18556->[::1]:52871: use of closed network connection
2024-05-22 23:46:29.304 [INF] RPCS: RPC server shutdown complete
2024-05-22 23:46:29.304 [INF] RPCS: Disconnected websocket client [::1]:52871
2024-05-22 23:46:29.332 [INF] SYNC: Sync manager shutting down
2024-05-22 23:46:29.332 [INF] CHAN: Flushing UTXO cache of 97 MiB with 0 entries to disk. For large sizes, this can take up to several minutes...
2024-05-22 23:46:29.332 [INF] AMGR: Address manager shutting down
2024-05-22 23:46:29.333 [INF] SRVR: Server shutdown complete
2024-05-22 23:46:29.333 [INF] BTCD: Gracefully shutting down the database...
2024-05-22 23:46:29.355 [INF] BTCD: Shutdown complete
2024-05-22 23:46:35.556 [INF] BTCD: Version 0.24.2-betarc1
2024-05-22 23:46:35.556 [INF] BTCD: Loading block database from 'simnet/btcd/simnet/blocks_ffldb'
2024-05-22 23:46:35.589 [INF] BTCD: Block database loaded
2024-05-22 23:46:35.591 [INF] INDX: Transaction index is enabled
2024-05-22 23:46:35.591 [INF] INDX: Committed filter index is enabled
2024-05-22 23:46:35.591 [INF] CHAN: Pre-alloacting for 251 MiB: 
2024-05-22 23:46:35.598 [INF] CHAN: Loading block index...
2024-05-22 23:46:35.599 [INF] CHAN: Chain state (height 103, hash 4305fbf0a0651b886f9b01159d645671a2ea98e5a20aac7a02e520290cd7d800, totaltx 104, work 208)
2024-05-22 23:46:35.599 [INF] RPCS: RPC server listening on [::1]:18556
2024-05-22 23:46:35.599 [INF] RPCS: RPC server listening on 127.0.0.1:18556
2024-05-22 23:46:35.600 [INF] AMGR: Loaded 0 addresses from file 'simnet/btcd/simnet/peers.json'
2024-05-22 23:46:35.600 [INF] CMGR: Server listening on 0.0.0.0:18555
2024-05-22 23:46:35.600 [INF] CMGR: Server listening on [::]:18555
2024-05-22 23:46:43.947 [INF] RPCS: New websocket client [::1]:52953
2024-05-22 23:46:48.594 [INF] RPCS: New websocket client [::1]:52957
2024-05-22 23:46:48.596 [INF] RPCS: New websocket client [::1]:52958
2024-05-22 23:46:49.851 [ERR] RPCS: Websocket receive error from [::1]:52958: websocket: close 1006 unexpected EOF
2024-05-22 23:46:49.851 [ERR] RPCS: Websocket receive error from [::1]:52957: websocket: close 1006 unexpected EOF
2024-05-22 23:46:49.851 [INF] RPCS: Disconnected websocket client [::1]:52958
2024-05-22 23:46:49.851 [INF] RPCS: Disconnected websocket client [::1]:52957
2024-05-22 23:47:36.613 [ERR] RPCS: Websocket receive error from [::1]:52953: websocket: close 1006 unexpected EOF
2024-05-22 23:47:36.613 [INF] RPCS: Disconnected websocket client [::1]:52953
2024-05-22 23:48:37.436 [INF] BTCD: Version 0.24.2-betarc1
2024-05-22 23:48:37.436 [INF] BTCD: Loading block database from 'simnet/btcd/simnet/blocks_ffldb'
2024-05-22 23:48:37.436 [ERR] BTCD: resource temporarily unavailable: resource temporarily unavailable
2024-05-22 23:48:37.436 [INF] BTCD: Shutdown complete
2024-05-22 23:48:43.576 [INF] BTCD: Received signal (terminated).  Shutting down...
2024-05-22 23:48:43.576 [INF] BTCD: Gracefully shutting down the server...
2024-05-22 23:48:43.576 [WRN] SRVR: Server shutting down
2024-05-22 23:48:43.576 [WRN] RPCS: RPC server shutting down
2024-05-22 23:48:43.576 [INF] RPCS: RPC server shutdown complete
2024-05-22 23:48:43.576 [INF] SYNC: Sync manager shutting down
2024-05-22 23:48:43.576 [INF] CHAN: Flushing UTXO cache of 97 MiB with 0 entries to disk. For large sizes, this can take up to several minutes...
2024-05-22 23:48:43.576 [INF] AMGR: Address manager shutting down
2024-05-22 23:48:43.576 [INF] SRVR: Server shutdown complete
2024-05-22 23:48:43.576 [INF] BTCD: Gracefully shutting down the database...
2024-05-22 23:48:43.592 [INF] BTCD: Shutdown complete
2024-05-22 23:48:47.541 [INF] BTCD: Version 0.24.2-betarc1
2024-05-22 23:48:47.541 [INF] BTCD: Loading block database from 'simnet/btcd/simnet/blocks_ffldb'
2024-05-22 23:48:47.572 [INF] BTCD: Block database loaded
2024-05-22 23:48:47.578 [INF] INDX: Transaction index is enabled
2024-05-22 23:48:47.578 [INF] INDX: Committed filter index is enabled
2024-05-22 23:48:47.578 [INF] CHAN: Pre-alloacting for 251 MiB: 
2024-05-22 23:48:47.583 [INF] CHAN: Loading block index...
2024-05-22 23:48:47.585 [INF] CHAN: Chain state (height 103, hash 4305fbf0a0651b886f9b01159d645671a2ea98e5a20aac7a02e520290cd7d800, totaltx 104, work 208)
2024-05-22 23:48:47.586 [INF] AMGR: Loaded 0 addresses from file 'simnet/btcd/simnet/peers.json'
2024-05-22 23:48:47.586 [INF] RPCS: RPC server listening on [::1]:18556
2024-05-22 23:48:47.586 [INF] RPCS: RPC server listening on 127.0.0.1:18556
2024-05-22 23:48:47.586 [INF] CMGR: Server listening on 0.0.0.0:18555
2024-05-22 23:48:47.586 [INF] CMGR: Server listening on [::]:18555
2024-05-22 23:49:00.544 [INF] RPCS: New websocket client [::1]:53005
2024-05-22 23:49:26.025 [ERR] RPCS: Websocket receive error from [::1]:53005: websocket: close 1006 unexpected EOF
2024-05-22 23:49:26.025 [INF] RPCS: Disconnected websocket client [::1]:53005
2024-05-22 23:49:37.360 [INF] RPCS: New websocket client [::1]:53008
2024-05-22 23:49:49.241 [ERR] RPCS: Websocket receive error from [::1]:53008: websocket: close 1006 unexpected EOF
2024-05-22 23:49:49.241 [INF] RPCS: Disconnected websocket client [::1]:53008
2024-05-22 23:50:28.290 [INF] RPCS: New websocket client [::1]:53011
2024-05-22 23:50:56.539 [ERR] RPCS: Websocket receive error from [::1]:53011: websocket: close 1006 unexpected EOF
2024-05-22 23:50:56.539 [INF] RPCS: Disconnected websocket client [::1]:53011
2024-05-22 23:53:05.648 [INF] MINR: Block submitted via CPU miner accepted (hash 677238c855b191de0f6be93f1d5c160b2e5a5b954c42f1f2dfa2620aaa9b3aa0, amount 50 BTC)
2024-05-22 23:54:18.133 [INF] RPCS: New websocket client [::1]:53021
2024-05-22 23:54:21.944 [ERR] RPCS: Websocket receive error from [::1]:53021: websocket: close 1006 unexpected EOF
2024-05-22 23:54:21.944 [INF] RPCS: Disconnected websocket client [::1]:53021
2024-05-22 23:55:41.506 [INF] RPCS: New websocket client [::1]:53025
2024-05-22 23:55:43.142 [INF] RPCS: Beginning rescan for 1 address
2024-05-22 23:55:43.143 [INF] RPCS: Finished rescan
2024-05-23 00:00:49.872 [ERR] RPCS: Websocket receive error from [::1]:53025: websocket: close 1006 unexpected EOF
2024-05-23 00:00:49.872 [INF] RPCS: Disconnected websocket client [::1]:53025
2024-05-23 00:00:50.831 [INF] RPCS: New websocket client [::1]:53054
2024-05-23 00:00:51.468 [INF] RPCS: Beginning rescan for 1 address
2024-05-23 00:00:51.468 [INF] RPCS: Finished rescan
2024-05-23 00:14:41.000 [INF] BTCD: Received signal (interrupt).  Shutting down...
2024-05-23 00:14:41.001 [INF] BTCD: Gracefully shutting down the server...
2024-05-23 00:14:41.001 [WRN] SRVR: Server shutting down
2024-05-23 00:14:41.001 [WRN] RPCS: RPC server shutting down
2024-05-23 00:14:41.001 [ERR] RPCS: Websocket receive error from [::1]:53054: read tcp6 [::1]:18556->[::1]:53054: use of closed network connection
2024-05-23 00:14:41.001 [INF] RPCS: Disconnected websocket client [::1]:53054
2024-05-23 00:14:41.001 [INF] RPCS: RPC server shutdown complete
2024-05-23 00:14:41.038 [INF] SYNC: Sync manager shutting down
2024-05-23 00:14:41.038 [INF] CHAN: Flushing UTXO cache of 97 MiB with 1 entries to disk. For large sizes, this can take up to several minutes...
2024-05-23 00:14:41.061 [INF] AMGR: Address manager shutting down
2024-05-23 00:14:41.061 [INF] SRVR: Server shutdown complete
2024-05-23 00:14:41.061 [INF] BTCD: Gracefully shutting down the database...
2024-05-23 00:14:41.077 [INF] BTCD: Shutdown complete
2024-05-23 00:14:48.898 [INF] BTCD: Version 0.24.2-betarc1
2024-05-23 00:14:48.898 [INF] BTCD: Loading block database from 'simnet/btcd/simnet/blocks_ffldb'
2024-05-23 00:14:48.927 [INF] BTCD: Block database loaded
2024-05-23 00:14:48.931 [INF] INDX: Transaction index is enabled
2024-05-23 00:14:48.931 [INF] INDX: Committed filter index is enabled
2024-05-23 00:14:48.931 [INF] CHAN: Pre-alloacting for 251 MiB: 
2024-05-23 00:14:48.935 [INF] CHAN: Loading block index...
2024-05-23 00:14:48.936 [INF] CHAN: Chain state (height 104, hash 677238c855b191de0f6be93f1d5c160b2e5a5b954c42f1f2dfa2620aaa9b3aa0, totaltx 105, work 210)
2024-05-23 00:14:48.937 [INF] AMGR: Loaded 0 addresses from file 'simnet/btcd/simnet/peers.json'
2024-05-23 00:14:48.937 [INF] RPCS: RPC server listening on [::1]:18556
2024-05-23 00:14:48.937 [INF] RPCS: RPC server listening on 127.0.0.1:18556
2024-05-23 00:14:48.937 [INF] CMGR: Server listening on 0.0.0.0:18555
2024-05-23 00:14:48.937 [INF] CMGR: Server listening on [::]:18555
2024-05-23 00:14:52.764 [INF] RPCS: New websocket client [::1]:53170
2024-05-23 00:14:53.402 [INF] RPCS: Beginning rescan for 1 address
2024-05-23 00:14:53.402 [INF] RPCS: Finished rescan
2024-05-23 00:17:19.326 [ERR] RPCS: Websocket receive error from [::1]:53170: websocket: close 1006 unexpected EOF
2024-05-23 00:17:19.327 [INF] RPCS: Disconnected websocket client [::1]:53170
2024-05-23 00:17:21.251 [INF] RPCS: New websocket client [::1]:53309
2024-05-23 00:17:21.897 [INF] RPCS: Beginning rescan for 1 address
2024-05-23 00:17:21.897 [INF] RPCS: Finished rescan
2024-05-23 00:20:49.352 [ERR] RPCS: Websocket receive error from [::1]:53309: websocket: close 1006 unexpected EOF
2024-05-23 00:20:49.353 [INF] RPCS: Disconnected websocket client [::1]:53309
2024-05-23 00:20:50.643 [INF] RPCS: New websocket client [::1]:53330
2024-05-23 00:20:51.283 [INF] RPCS: Beginning rescan for 1 address
2024-05-23 00:20:51.284 [INF] RPCS: Finished rescan
2024-05-23 00:30:54.526 [ERR] RPCS: Websocket receive error from [::1]:53330: websocket: close 1006 unexpected EOF
2024-05-23 00:30:54.527 [INF] RPCS: Disconnected websocket client [::1]:53330
2024-05-23 00:30:56.059 [INF] RPCS: New websocket client [::1]:53397
2024-05-23 00:30:56.700 [INF] RPCS: Beginning rescan for 1 address
2024-05-23 00:30:56.700 [INF] RPCS: Finished rescan
2024-05-23 00:46:25.921 [ERR] RPCS: Websocket receive error from [::1]:53397: websocket: close 1006 unexpected EOF
2024-05-23 00:46:25.921 [INF] RPCS: Disconnected websocket client [::1]:53397
2024-05-23 00:46:26.993 [INF] RPCS: New websocket client [::1]:53479
2024-05-23 00:46:27.634 [INF] RPCS: Beginning rescan for 1 address
2024-05-23 00:46:27.634 [INF] RPCS: Finished rescan
2024-05-23 00:49:51.485 [INF] RPCS: New websocket client [::1]:53533
2024-05-23 00:49:51.486 [INF] RPCS: New websocket client [::1]:53534
2024-05-23 00:49:52.711 [ERR] RPCS: Websocket receive error from [::1]:53534: read tcp6 [::1]:18556->[::1]:53534: read: connection reset by peer
2024-05-23 00:49:52.711 [INF] RPCS: Disconnected websocket client [::1]:53534
2024-05-23 00:49:52.711 [ERR] RPCS: Websocket receive error from [::1]:53533: websocket: close 1006 unexpected EOF
2024-05-23 00:49:52.711 [INF] RPCS: Disconnected websocket client [::1]:53533
2024-05-23 00:52:18.387 [INF] RPCS: New websocket client [::1]:53543
2024-05-23 00:52:18.389 [INF] RPCS: New websocket client [::1]:53544
2024-05-23 00:52:19.039 [ERR] RPCS: Websocket receive error from [::1]:53544: websocket: close 1006 unexpected EOF
2024-05-23 00:52:19.039 [ERR] RPCS: Websocket receive error from [::1]:53543: websocket: close 1006 unexpected EOF
2024-05-23 00:52:19.040 [INF] RPCS: Disconnected websocket client [::1]:53544
2024-05-23 00:52:19.040 [INF] RPCS: Disconnected websocket client [::1]:53543
2024-05-23 09:54:15.720 [INF] BTCD: Version 0.24.2-betarc1
2024-05-23 09:54:15.720 [INF] BTCD: Loading block database from 'simnet/btcd/simnet/blocks_ffldb'
2024-05-23 09:54:15.761 [INF] BTCD: Block database loaded
2024-05-23 09:54:15.765 [INF] INDX: Transaction index is enabled
2024-05-23 09:54:15.765 [INF] INDX: Committed filter index is enabled
2024-05-23 09:54:15.765 [INF] CHAN: Pre-alloacting for 251 MiB: 
2024-05-23 09:54:15.769 [INF] CHAN: Loading block index...
2024-05-23 09:54:15.771 [INF] CHAN: Chain state (height 104, hash 677238c855b191de0f6be93f1d5c160b2e5a5b954c42f1f2dfa2620aaa9b3aa0, totaltx 105, work 210)
2024-05-23 09:54:15.773 [INF] AMGR: Loaded 0 addresses from file 'simnet/btcd/simnet/peers.json'
2024-05-23 09:54:15.773 [INF] RPCS: RPC server listening on [::1]:18556
2024-05-23 09:54:15.773 [INF] RPCS: RPC server listening on 127.0.0.1:18556
2024-05-23 09:54:15.773 [INF] CMGR: Server listening on 0.0.0.0:18555
2024-05-23 09:54:15.773 [INF] CMGR: Server listening on [::]:18555
2024-05-23 09:54:18.753 [INF] BTCD: Version 0.24.2-betarc1
2024-05-23 09:54:18.753 [INF] BTCD: Loading block database from 'simnet/btcd/simnet/blocks_ffldb'
2024-05-23 09:54:18.753 [ERR] BTCD: resource temporarily unavailable: resource temporarily unavailable
2024-05-23 09:54:18.753 [INF] BTCD: Shutdown complete
2024-05-23 09:54:26.510 [INF] BTCD: Received signal (interrupt).  Shutting down...
2024-05-23 09:54:26.510 [INF] BTCD: Gracefully shutting down the server...
2024-05-23 09:54:26.510 [WRN] SRVR: Server shutting down
2024-05-23 09:54:26.511 [WRN] RPCS: RPC server shutting down
2024-05-23 09:54:26.511 [INF] RPCS: RPC server shutdown complete
2024-05-23 09:54:26.511 [INF] SYNC: Sync manager shutting down
2024-05-23 09:54:26.512 [INF] CHAN: Flushing UTXO cache of 97 MiB with 0 entries to disk. For large sizes, this can take up to several minutes...
2024-05-23 09:54:26.512 [INF] AMGR: Address manager shutting down
2024-05-23 09:54:26.513 [INF] SRVR: Server shutdown complete
2024-05-23 09:54:26.513 [INF] BTCD: Gracefully shutting down the database...
2024-05-23 09:54:26.530 [INF] BTCD: Shutdown complete
2024-05-23 09:54:39.367 [INF] BTCD: Version 0.24.2-betarc1
2024-05-23 09:54:39.367 [INF] BTCD: Loading block database from 'simnet/btcd/simnet/blocks_ffldb'
2024-05-23 09:54:39.396 [INF] BTCD: Block database loaded
2024-05-23 09:54:39.398 [INF] INDX: Transaction index is enabled
2024-05-23 09:54:39.398 [INF] INDX: Committed filter index is enabled
2024-05-23 09:54:39.398 [INF] CHAN: Pre-alloacting for 251 MiB: 
2024-05-23 09:54:39.406 [INF] CHAN: Loading block index...
2024-05-23 09:54:39.408 [INF] CHAN: Chain state (height 104, hash 677238c855b191de0f6be93f1d5c160b2e5a5b954c42f1f2dfa2620aaa9b3aa0, totaltx 105, work 210)
2024-05-23 09:54:39.408 [INF] RPCS: RPC server listening on [::1]:18556
2024-05-23 09:54:39.408 [INF] RPCS: RPC server listening on 127.0.0.1:18556
2024-05-23 09:54:39.409 [INF] AMGR: Loaded 0 addresses from file 'simnet/btcd/simnet/peers.json'
2024-05-23 09:54:39.409 [INF] CMGR: Server listening on 0.0.0.0:18555
2024-05-23 09:54:39.409 [INF] CMGR: Server listening on [::]:18555
2024-05-23 09:54:59.261 [INF] RPCS: New websocket client [::1]:49693
2024-05-23 09:54:59.915 [INF] RPCS: Beginning rescan for 1 address
2024-05-23 09:54:59.916 [INF] RPCS: Finished rescan
2024-05-23 10:21:37.957 [ERR] RPCS: Websocket receive error from [::1]:49693: websocket: close 1006 unexpected EOF
2024-05-23 10:21:37.958 [INF] RPCS: Disconnected websocket client [::1]:49693
2024-05-23 10:21:38.681 [INF] RPCS: New websocket client [::1]:49777
2024-05-23 10:21:39.316 [INF] RPCS: Beginning rescan for 1 address
2024-05-23 10:21:39.316 [INF] RPCS: Finished rescan
2024-05-23 10:21:55.767 [ERR] RPCS: Websocket receive error from [::1]:49777: websocket: close 1006 unexpected EOF
2024-05-23 10:21:55.769 [INF] RPCS: Disconnected websocket client [::1]:49777
2024-05-23 10:21:57.131 [INF] RPCS: New websocket client [::1]:49780
2024-05-23 10:25:16.189 [ERR] RPCS: Websocket receive error from [::1]:49780: websocket: close 1006 unexpected EOF
2024-05-23 10:25:16.189 [INF] RPCS: Disconnected websocket client [::1]:49780
2024-05-23 10:25:23.761 [INF] RPCS: New websocket client [::1]:49811
2024-05-23 10:25:35.021 [ERR] RPCS: Websocket receive error from [::1]:49811: websocket: close 1006 unexpected EOF
2024-05-23 10:25:35.022 [INF] RPCS: Disconnected websocket client [::1]:49811
2024-05-23 10:26:27.375 [INF] RPCS: New websocket client [::1]:49814
2024-05-23 10:26:28.015 [INF] RPCS: Beginning rescan for 1 address
2024-05-23 10:26:28.015 [INF] RPCS: Finished rescan
2024-05-23 10:28:39.566 [ERR] RPCS: Websocket receive error from [::1]:49814: websocket: close 1006 unexpected EOF
2024-05-23 10:28:39.566 [INF] RPCS: Disconnected websocket client [::1]:49814
2024-05-23 10:28:42.147 [INF] RPCS: New websocket client [::1]:49823
2024-05-23 10:28:42.795 [INF] RPCS: Beginning rescan for 1 address
2024-05-23 10:28:42.795 [INF] RPCS: Finished rescan
2024-05-23 10:31:55.041 [ERR] RPCS: Websocket receive error from [::1]:49823: websocket: close 1006 unexpected EOF
2024-05-23 10:31:55.042 [INF] RPCS: Disconnected websocket client [::1]:49823
2024-05-23 10:31:57.225 [INF] RPCS: New websocket client [::1]:49854
2024-05-23 10:31:57.877 [INF] RPCS: Beginning rescan for 1 address
2024-05-23 10:31:57.877 [INF] RPCS: Finished rescan
2024-05-23 10:33:39.544 [ERR] RPCS: Websocket receive error from [::1]:49854: websocket: close 1006 unexpected EOF
2024-05-23 10:33:39.545 [INF] RPCS: Disconnected websocket client [::1]:49854
2024-05-23 10:33:40.856 [INF] RPCS: New websocket client [::1]:49866
2024-05-23 10:33:41.495 [INF] RPCS: Beginning rescan for 1 address
2024-05-23 10:33:41.496 [INF] RPCS: Finished rescan
2024-05-23 10:34:15.351 [ERR] RPCS: Websocket receive error from [::1]:49866: websocket: close 1006 unexpected EOF
2024-05-23 10:34:15.352 [INF] RPCS: Disconnected websocket client [::1]:49866
2024-05-23 10:34:16.408 [INF] RPCS: New websocket client [::1]:49877
2024-05-23 10:34:17.057 [INF] RPCS: Beginning rescan for 1 address
2024-05-23 10:34:17.057 [INF] RPCS: Finished rescan
2024-05-23 10:34:46.948 [ERR] RPCS: Websocket receive error from [::1]:49877: websocket: close 1006 unexpected EOF
2024-05-23 10:34:46.950 [INF] RPCS: Disconnected websocket client [::1]:49877
2024-05-23 10:34:47.953 [INF] RPCS: New websocket client [::1]:49891
2024-05-23 10:34:48.595 [INF] RPCS: Beginning rescan for 1 address
2024-05-23 10:34:48.595 [INF] RPCS: Finished rescan
2024-05-23 10:35:13.625 [ERR] RPCS: Websocket receive error from [::1]:49891: websocket: close 1006 unexpected EOF
2024-05-23 10:35:13.625 [INF] RPCS: Disconnected websocket client [::1]:49891
2024-05-23 10:35:14.591 [INF] RPCS: New websocket client [::1]:49903
2024-05-23 10:35:15.241 [INF] RPCS: Beginning rescan for 1 address
2024-05-23 10:35:15.241 [INF] RPCS: Finished rescan
2024-05-23 10:38:03.920 [ERR] RPCS: Websocket receive error from [::1]:49903: websocket: close 1006 unexpected EOF
2024-05-23 10:38:03.921 [INF] RPCS: Disconnected websocket client [::1]:49903
2024-05-23 10:38:04.835 [INF] RPCS: New websocket client [::1]:49916
2024-05-23 10:38:05.480 [INF] RPCS: Beginning rescan for 1 address
2024-05-23 10:38:05.480 [INF] RPCS: Finished rescan
2024-05-23 10:42:06.393 [INF] RPCS: New websocket client [::1]:49953
2024-05-23 10:42:06.394 [INF] RPCS: New websocket client [::1]:49954
2024-05-23 10:42:07.621 [ERR] RPCS: Websocket receive error from [::1]:49954: read tcp6 [::1]:18556->[::1]:49954: read: connection reset by peer
2024-05-23 10:42:07.621 [INF] RPCS: Disconnected websocket client [::1]:49954
2024-05-23 10:42:07.622 [ERR] RPCS: Websocket receive error from [::1]:49953: websocket: close 1006 unexpected EOF
2024-05-23 10:42:07.622 [INF] RPCS: Disconnected websocket client [::1]:49953
2024-05-23 10:55:53.779 [INF] RPCS: New websocket client [::1]:50102
2024-05-23 10:55:53.780 [INF] RPCS: New websocket client [::1]:50103
2024-05-23 10:55:55.012 [ERR] RPCS: Websocket receive error from [::1]:50103: read tcp6 [::1]:18556->[::1]:50103: read: connection reset by peer
2024-05-23 10:55:55.012 [INF] RPCS: Disconnected websocket client [::1]:50103
2024-05-23 10:55:55.012 [ERR] RPCS: Websocket receive error from [::1]:50102: websocket: close 1006 unexpected EOF
2024-05-23 10:55:55.012 [INF] RPCS: Disconnected websocket client [::1]:50102
2024-05-23 10:57:00.978 [INF] RPCS: New websocket client [::1]:50107
2024-05-23 10:57:00.979 [INF] RPCS: New websocket client [::1]:50108
2024-05-23 10:57:01.628 [ERR] RPCS: Websocket receive error from [::1]:50108: websocket: close 1006 unexpected EOF
2024-05-23 10:57:01.628 [INF] RPCS: Disconnected websocket client [::1]:50108
2024-05-23 10:57:01.628 [ERR] RPCS: Websocket receive error from [::1]:50107: websocket: close 1006 unexpected EOF
2024-05-23 10:57:01.628 [INF] RPCS: Disconnected websocket client [::1]:50107
2024-05-23 10:59:51.797 [ERR] RPCS: Websocket receive error from [::1]:49916: websocket: close 1006 unexpected EOF
2024-05-23 10:59:51.797 [INF] RPCS: Disconnected websocket client [::1]:49916
2024-05-23 10:59:52.899 [INF] RPCS: New websocket client [::1]:50136
2024-05-23 10:59:53.542 [INF] RPCS: Beginning rescan for 1 address
2024-05-23 10:59:53.542 [INF] RPCS: Finished rescan
2024-05-23 11:03:02.340 [ERR] RPCS: Websocket receive error from [::1]:50136: websocket: close 1006 unexpected EOF
2024-05-23 11:03:02.340 [INF] RPCS: Disconnected websocket client [::1]:50136
2024-05-23 11:03:03.605 [INF] RPCS: New websocket client [::1]:50145
2024-05-23 11:03:04.250 [INF] RPCS: Beginning rescan for 1 address
2024-05-23 11:03:04.250 [INF] RPCS: Finished rescan
2024-05-23 11:03:38.001 [INF] MINR: Block submitted via CPU miner accepted (hash 60f45e2e326156bf7b601df57a3ad98560804c446c244899325cef58b2472f39, amount 50 BTC)
2024-05-23 11:03:38.002 [INF] MINR: Block submitted via CPU miner accepted (hash 552148035eb2b4c498237fa33694514c2deccc44903cf4e503af887602204b20, amount 50 BTC)
2024-05-23 11:03:38.002 [INF] MINR: Block submitted via CPU miner accepted (hash 5cb613e1d53a01ed3a5eaae329c2a753d521e5e2673e8c83242f9610f17b48a5, amount 50 BTC)
2024-05-23 11:03:38.006 [INF] MINR: Block submitted via CPU miner accepted (hash 0f55f850643a7258743469028155827b2cc81c0d262162ad4d7ae75e71810948, amount 50 BTC)
2024-05-23 11:03:38.006 [INF] MINR: Block submitted via CPU miner accepted (hash 2a67f70b413ddbe9908e598e8e3acd1e1b1872f524a70a3c86b6970479a9e015, amount 50 BTC)
2024-05-23 11:03:38.011 [INF] MINR: Block submitted via CPU miner accepted (hash 597188f3b2ef91544158a9b8794575d1a97f754403c5568810aaefe0165bf441, amount 50 BTC)
2024-05-23 11:03:38.012 [INF] MINR: Block submitted via CPU miner accepted (hash 6e3cc997c71933b74cf645c9be5cef724d62f9c355504f184c75982f3bd09049, amount 50 BTC)
2024-05-23 11:03:38.016 [INF] MINR: Block submitted via CPU miner accepted (hash 1a3483b73d4cda18f28ee1ce099782fa8651ca4d61dbd5ec4fd77a6f2227acd4, amount 50 BTC)
2024-05-23 11:03:38.017 [INF] MINR: Block submitted via CPU miner accepted (hash 41fa8b084072482c208cf8c7ea91f53ba5b9bbc646990645b6a1fd413c434376, amount 50 BTC)
2024-05-23 11:03:38.017 [INF] MINR: Block submitted via CPU miner accepted (hash 4a74f452947c3b2ad7e7c61d928ec3f75f85729be81e4f176c1e15d9c8456b0e, amount 50 BTC)
2024-05-23 11:03:38.017 [INF] MINR: Block submitted via CPU miner accepted (hash 5d77a1d3c046a38bb5793345fb6f8d6b14c4452d72a1da55c9f1758020c63ee3, amount 50 BTC)
2024-05-23 11:03:38.022 [INF] MINR: Block submitted via CPU miner accepted (hash 1914cbcdc7f35eca08e43e1b5b77a9dc604eb2d95400e7ad959e6aa102e137e7, amount 50 BTC)
2024-05-23 11:03:38.022 [INF] MINR: Block submitted via CPU miner accepted (hash 68f1da2701f997a40afe3e3ea08d04dd7c0722b3974ebcd9aa84929e9195e4a3, amount 50 BTC)
2024-05-23 11:03:38.022 [INF] MINR: Block submitted via CPU miner accepted (hash 40a15be939f98992dae7c4c434dc3f1d6eb79f0daabfc94e25d98edb03f7403f, amount 50 BTC)
2024-05-23 11:03:38.023 [INF] MINR: Block submitted via CPU miner accepted (hash 7704b49bd912c080214758dc142c1fb28ae491030277dbe2097ae851db736b23, amount 50 BTC)
2024-05-23 11:03:38.023 [INF] MINR: Block submitted via CPU miner accepted (hash 77d652e0c7944dd1a479b1ff518b5ac6647f8e9cb8140be09682dbc3046bf71d, amount 50 BTC)
2024-05-23 11:03:38.027 [INF] MINR: Block submitted via CPU miner accepted (hash 581c83230c73c03a2a430daf456d4ca779a5ca2ac70254c6d7cf9bb70d04af54, amount 50 BTC)
2024-05-23 11:03:38.027 [INF] MINR: Block submitted via CPU miner accepted (hash 5ece82ef30b75b0a03ee901d50c7598f225a59f7ccc294f1fed8b45bc7d9a8e7, amount 50 BTC)
2024-05-23 11:03:38.027 [INF] MINR: Block submitted via CPU miner accepted (hash 40de0f82082f273ae5759c892133c6b218e1b3252538d15c2176ce3ba277f3c6, amount 50 BTC)
2024-05-23 11:03:38.031 [INF] MINR: Block submitted via CPU miner accepted (hash 686ca989ccb9ca37156e1388e65ab5154b722f8db8ffadc60abb0581fd09a524, amount 50 BTC)
2024-05-23 11:03:38.031 [INF] MINR: Block submitted via CPU miner accepted (hash 58e83ab4550d49438c0892df308c965e36dc624cb7fba50d9576eb655c07aa2c, amount 50 BTC)
2024-05-23 11:03:38.031 [INF] MINR: Block submitted via CPU miner accepted (hash 199a97bb8913d12c71dc5fbdb9a6ac40a6613a919529f056c26a43baa2de15da, amount 50 BTC)
2024-05-23 11:03:38.032 [INF] MINR: Block submitted via CPU miner accepted (hash 7c23c2f560a72c262f30905e569ddd75b531f84a809b0b1a3a67b5356dd2d5fe, amount 50 BTC)
2024-05-23 11:03:38.032 [INF] MINR: Block submitted via CPU miner accepted (hash 2cc940597f1eaf6774cbb5f4c7e0b0b2a64c5fcf32b7864d5d69f2ae35a1f751, amount 50 BTC)
2024-05-23 11:03:38.032 [INF] MINR: Block submitted via CPU miner accepted (hash 126795728993a6cf9da6c66adc123f9333a8d8203b00b1a0ded5430c1b62b11f, amount 50 BTC)
2024-05-23 11:03:38.032 [INF] MINR: Block submitted via CPU miner accepted (hash 2618aa90667dbef19186613b0aed78ee857f02e632a1021980081a48099ac125, amount 50 BTC)
2024-05-23 11:03:38.032 [INF] MINR: Block submitted via CPU miner accepted (hash 69563cb72d608a785ade372d6abf10f3c36393d5ec9ca25c63df6e0bc53ecf87, amount 50 BTC)
2024-05-23 11:03:38.032 [INF] MINR: Block submitted via CPU miner accepted (hash 7ecf981cb248a2ffdf4dc92c8141b3e4d833258222ab542080a5fe43122a3c10, amount 50 BTC)
2024-05-23 11:03:38.033 [INF] MINR: Block submitted via CPU miner accepted (hash 68ea8adb05962de094947548cae5d044ba7a542e585f9bfd298e7eca650f6255, amount 50 BTC)
2024-05-23 11:03:38.033 [INF] MINR: Block submitted via CPU miner accepted (hash 15275ed69ed5b3cfedd239fbd111a9cbfa608882c2cd0b38062ac3a393f7e46e, amount 50 BTC)
2024-05-23 11:03:38.037 [INF] MINR: Block submitted via CPU miner accepted (hash 0c85b5dad8c2c420d8fc7e5fb3d4f86d4e19998b6f3dd072fb58b611fa1582d5, amount 50 BTC)
2024-05-23 11:03:38.038 [INF] MINR: Block submitted via CPU miner accepted (hash 7288a645701ea00ba3ad26676309690fef5d6e611939f47f007f367c641daab5, amount 50 BTC)
2024-05-23 11:03:38.038 [INF] MINR: Block submitted via CPU miner accepted (hash 6148e8309c79a866b3a6b7f0d1343577704a31938af7a57b1273548d8898d0a9, amount 50 BTC)
2024-05-23 11:03:38.038 [INF] MINR: Block submitted via CPU miner accepted (hash 0982a914a1686db6923454d7e2fce982a3fd650beba76c3189c99129b0f0eabc, amount 50 BTC)
2024-05-23 11:03:38.042 [INF] MINR: Block submitted via CPU miner accepted (hash 51201ccc791df7ea262add75963005b56326f9d94ffc331079b5070938aaa4c3, amount 50 BTC)
2024-05-23 11:03:38.042 [INF] MINR: Block submitted via CPU miner accepted (hash 3d6e1e5c8269e8cea55ef6904be0aafa075c9816a4cfa6dd6e5573cdbebdee9a, amount 50 BTC)
2024-05-23 11:03:38.042 [INF] MINR: Block submitted via CPU miner accepted (hash 7cded0a02834b8c17ed88e031643711345abedc045d47e10bacdb7a60568561b, amount 50 BTC)
2024-05-23 11:03:38.043 [INF] MINR: Block submitted via CPU miner accepted (hash 146948012e5be1bc6b2223268d1cf4bf7e3299a793f584032cd0217eb60965db, amount 50 BTC)
2024-05-23 11:03:38.047 [INF] MINR: Block submitted via CPU miner accepted (hash 7773165c40b53245529d4d807ad2cbce64b4f6b06b55bf72c4c47516bcc858e3, amount 50 BTC)
2024-05-23 11:03:38.047 [INF] MINR: Block submitted via CPU miner accepted (hash 50991ffe4f37a1d38088d333b4c4648363c83ad05aea4cbfa706c6493d78c57c, amount 50 BTC)
2024-05-23 11:03:38.047 [INF] MINR: Block submitted via CPU miner accepted (hash 1eb7c301f3a94b946956666d1297457e77eb1dfe8ed67130fffb95aba3232377, amount 50 BTC)
2024-05-23 11:03:38.047 [INF] MINR: Block submitted via CPU miner accepted (hash 4d5aa426009c6943f36445c4a65b9618470fb6632f8e2e4f0ae1c859db0b230f, amount 50 BTC)
2024-05-23 11:03:38.048 [INF] MINR: Block submitted via CPU miner accepted (hash 0af4b37159f24e2096e783e220622356b3417b6f6a5edbaa44f3ff9232816df5, amount 50 BTC)
2024-05-23 11:03:38.048 [INF] MINR: Block submitted via CPU miner accepted (hash 1f94f3ff61b43c4cc6e9539f23ddc00aa375a7cf4fc2c06413033ebdd322f0f8, amount 50 BTC)
2024-05-23 11:03:38.051 [INF] MINR: Block submitted via CPU miner accepted (hash 2dd996e1896d6a08d607a0aab5e26c84806c786d7738eee665ebc086fe305258, amount 50 BTC)
2024-05-23 11:03:38.051 [INF] MINR: Block submitted via CPU miner accepted (hash 60eaa6ee575e10d22a28bdb9cc7900fb489f34374be3596eadb64df68e81a042, amount 50 BTC)
2024-05-23 11:03:38.052 [INF] MINR: Block submitted via CPU miner accepted (hash 5058d55bdfec7416c1ff9d1f00056859229776238611cb6f9ba1c5e0c58ced11, amount 50 BTC)
2024-05-23 11:03:38.052 [INF] MINR: Block submitted via CPU miner accepted (hash 2a5a210090205f0ba774618f1c217b5ec7d7ac2d94dcc5be20669272acce7152, amount 50 BTC)
2024-05-23 11:03:38.052 [INF] MINR: Block submitted via CPU miner accepted (hash 6e3fa22ea29533dcd6f07f5634002d122b7d51174dea842d066ce3c15c45a737, amount 50 BTC)
2024-05-23 11:03:38.052 [INF] MINR: Block submitted via CPU miner accepted (hash 08a1eb1be6ecfd97ef2df299e985efe273076ee12a8fda74152f088d2d72f124, amount 50 BTC)
2024-05-23 11:03:38.053 [INF] MINR: Block submitted via CPU miner accepted (hash 6633b4ddc4745e7bb69f88135ecd0b70ebf372d55a89c42ed314c988394c2f80, amount 50 BTC)
2024-05-23 11:03:38.053 [INF] MINR: Block submitted via CPU miner accepted (hash 6b412275cf746b7b5f4ef56ded88c4a5c4d459d36af8e48bae886b52408f916e, amount 50 BTC)
2024-05-23 11:03:38.057 [INF] MINR: Block submitted via CPU miner accepted (hash 751fa9a29c97393bfe8169e9480f4086c65fb6f614162b37fc36805982e18f14, amount 50 BTC)
2024-05-23 11:03:38.057 [INF] MINR: Block submitted via CPU miner accepted (hash 0b71b7aece4d7cb0e153f50f03f30a48d102f4eab83444baf47de08e71969d76, amount 50 BTC)
2024-05-23 11:03:38.057 [INF] MINR: Block submitted via CPU miner accepted (hash 23e4262440b833ebac729a88e5cfbf6274cd224d258fa6df0ea46f02ad419be5, amount 50 BTC)
2024-05-23 11:03:38.057 [INF] MINR: Block submitted via CPU miner accepted (hash 403ecd996f4ac0777ea9ce831162e26bd9d854d4e7e63a3cd9919e10faa4dafa, amount 50 BTC)
2024-05-23 11:03:38.057 [INF] MINR: Block submitted via CPU miner accepted (hash 67dc411b1df92e8c821f59795b1bdcb627342590cb51cb02884002c2fc1e8532, amount 50 BTC)
2024-05-23 11:03:38.062 [INF] MINR: Block submitted via CPU miner accepted (hash 75a306da0e52fb4077c975d9454745c9bc68155c824d187eee01b455afee0844, amount 50 BTC)
2024-05-23 11:03:38.062 [INF] MINR: Block submitted via CPU miner accepted (hash 38dbf21e9c06008e3b231b8d75c7961b80416aebca39e75856623cd4913efb61, amount 50 BTC)
2024-05-23 11:03:38.062 [INF] MINR: Block submitted via CPU miner accepted (hash 5a6d87118ae850cede53ceff481e3211eb66a574f8dd965049a054a029ecb7dd, amount 50 BTC)
2024-05-23 11:03:38.067 [INF] MINR: Block submitted via CPU miner accepted (hash 3af50565ff90f25d5209ddd255774f12565a84e3cfccb31cbefaeb752920e943, amount 50 BTC)
2024-05-23 11:03:38.067 [INF] MINR: Block submitted via CPU miner accepted (hash 49f3db2014b9cc046af94ee3c5fc41425fdcc91d64f5cf6d2eb15509be50701a, amount 50 BTC)
2024-05-23 11:03:38.067 [INF] MINR: Block submitted via CPU miner accepted (hash 25a961bdcab83a13deb4df9b8ac113a883d1a5aed4f58d8c8dad9bad9cf3c3db, amount 50 BTC)
2024-05-23 11:03:38.068 [INF] MINR: Block submitted via CPU miner accepted (hash 5df12439a49c72402cefdf9fd565b58e924e1696fb51ae940681b6cd82e9278b, amount 50 BTC)
2024-05-23 11:03:38.071 [INF] MINR: Block submitted via CPU miner accepted (hash 0caa8c005983626d3507ee63b9da44c6e857c7275db2cf0b5755c8938c87df0d, amount 50 BTC)
2024-05-23 11:03:38.071 [INF] MINR: Block submitted via CPU miner accepted (hash 0aeee77867391419b46082642af6d6dd70e40079971b56859b6b3d0316ff1b45, amount 50 BTC)
2024-05-23 11:03:38.071 [INF] MINR: Block submitted via CPU miner accepted (hash 4ad97f37d360bf948bc50beec711b013bc687fbb2acca51d02e3d9cbef8b0bf0, amount 50 BTC)
2024-05-23 11:03:38.072 [INF] MINR: Block submitted via CPU miner accepted (hash 5fc751f65351109517cbe841e29fbf94a7320fbd95f456e301c3779285da5a5c, amount 50 BTC)
2024-05-23 11:03:38.072 [INF] MINR: Block submitted via CPU miner accepted (hash 1d374f002df0ccc086dfb5cb8e2c946da673030f7c32d9b3c245ac8ba47da743, amount 50 BTC)
2024-05-23 11:03:38.072 [INF] MINR: Block submitted via CPU miner accepted (hash 3357a6f9e412fa804e4c9bfcdec9dbc611183a387b30b05980be59819f3939c0, amount 50 BTC)
2024-05-23 11:03:38.072 [INF] MINR: Block submitted via CPU miner accepted (hash 7e2778149d2822ef3ecbab7f40c44b74d09ca5ad6a4e41c6d5229425ab90b889, amount 50 BTC)
2024-05-23 11:03:38.072 [INF] MINR: Block submitted via CPU miner accepted (hash 03af2e84417419f67a283ff64418dac29f3898bbd52d0b46d94d0d15f9a77f85, amount 50 BTC)
2024-05-23 11:03:38.072 [INF] MINR: Block submitted via CPU miner accepted (hash 5d5fa764a9ec7bed5f4771205fcdfe0b4f039134b1b0ffffb977ba54133f19f5, amount 50 BTC)
2024-05-23 11:03:38.072 [INF] MINR: Block submitted via CPU miner accepted (hash 6a0cb29e1ee277133ce104665f6598a239f74d32612635eb033d24dad66e94ee, amount 50 BTC)
2024-05-23 11:03:38.073 [INF] MINR: Block submitted via CPU miner accepted (hash 580480e817c3f262af44c85280a77780483b696b39e12d2bcc4f73893290a54c, amount 50 BTC)
2024-05-23 11:03:38.076 [INF] MINR: Block submitted via CPU miner accepted (hash 762d80697e90fab94e256fbfa588af58588526496b8d9a6e4105f57dec23ef55, amount 50 BTC)
2024-05-23 11:03:38.077 [INF] MINR: Block submitted via CPU miner accepted (hash 36d17d84e1ee3705cc5638f0e77fa39b45f5fcc4498356f0946b800a49d62778, amount 50 BTC)
2024-05-23 11:03:38.077 [INF] MINR: Block submitted via CPU miner accepted (hash 73e40e4c2f867257ffc3af31dd7cd9c18a84030c86f6985034d1d6a8616390cb, amount 50 BTC)
2024-05-23 11:03:38.077 [INF] MINR: Block submitted via CPU miner accepted (hash 4c442232ff295d3a4bddbe633a8bc79ef2a7b9635839b6781a9e0ed49be0f68a, amount 50 BTC)
2024-05-23 11:03:38.081 [INF] MINR: Block submitted via CPU miner accepted (hash 7f3f573933f4f64ce1bb8196bdffa1f5af751914f9417151da731c8587c5a406, amount 50 BTC)
2024-05-23 11:03:38.081 [INF] MINR: Block submitted via CPU miner accepted (hash 4c2dabac024bff631e0eb33742fddc63ec4f194262d4d6756f80827a1cfd09e5, amount 50 BTC)
2024-05-23 11:03:38.081 [INF] MINR: Block submitted via CPU miner accepted (hash 66758316a9fcccfa02183982f14f25822787db46e823fdf877fff6f9b9fbe23f, amount 50 BTC)
2024-05-23 11:03:38.086 [INF] MINR: Block submitted via CPU miner accepted (hash 08386335ecff8ce8382722237facf2118dc55a9288e92a0b74c35d6149e3a805, amount 50 BTC)
2024-05-23 11:03:38.086 [INF] MINR: Block submitted via CPU miner accepted (hash 4765f373fb2ca772f40a8f0ddddcc076459300b617a95abd01ff1fca6051b0c3, amount 50 BTC)
2024-05-23 11:03:38.086 [INF] MINR: Block submitted via CPU miner accepted (hash 3811588c162627402bfb03bbd6e3dce76d55455f0e82c18d77574f6cd8bc9296, amount 50 BTC)
2024-05-23 11:03:38.087 [INF] MINR: Block submitted via CPU miner accepted (hash 44d6bdd73864190bb480d8eb5eb0b15a9a740a2c9cadefeddf29f0816eda54dd, amount 50 BTC)
2024-05-23 11:03:38.090 [INF] MINR: Block submitted via CPU miner accepted (hash 7ba195f1fe066896b4c2e78ce8439e5f42fc3ae4358e5c7d77289f6b5badd89e, amount 50 BTC)
2024-05-23 11:03:38.090 [INF] MINR: Block submitted via CPU miner accepted (hash 3d93acadb60986beb983e39eb9c2d0212096b072fa7dfb9b875dc131cdd35424, amount 50 BTC)
2024-05-23 11:03:38.091 [INF] MINR: Block submitted via CPU miner accepted (hash 486a03c5aea47b6148dae31fc376cfa172518053cf529fdbce8867c193998223, amount 50 BTC)
2024-05-23 11:03:38.091 [INF] MINR: Block submitted via CPU miner accepted (hash 4ce25e3a89a51c96694489bf3a5bb36c6918ce27837019e47e74eee294395477, amount 50 BTC)
2024-05-23 11:03:38.091 [INF] MINR: Block submitted via CPU miner accepted (hash 6e66cb28e7584a959c229e975741a55d642f91027e99dd80dcb4aeb43a59bc50, amount 50 BTC)
2024-05-23 11:03:38.091 [INF] MINR: Block submitted via CPU miner accepted (hash 12b05fd2434be90e9ed6a9eab21ffa64ce358f43fce30cdea6075e377e934bb7, amount 50 BTC)
2024-05-23 11:03:38.091 [INF] MINR: Block submitted via CPU miner accepted (hash 377588a0b9c2a5b95198ce59f2f220ab86a616ae733898d726548cdb7e1da52a, amount 50 BTC)
2024-05-23 11:03:38.091 [INF] MINR: Block submitted via CPU miner accepted (hash 5e4c4abfce68239dab7981e020fab2bab4f55c41c689f6a30b5ff52444e00fc4, amount 50 BTC)
2024-05-23 11:03:38.092 [INF] MINR: Block submitted via CPU miner accepted (hash 68c61592aa30c84857eaaddd11f1c4f290827ef7d6d74dcd24e74991b229bce4, amount 50 BTC)
2024-05-23 11:03:38.096 [INF] MINR: Block submitted via CPU miner accepted (hash 59800ed3e5ffece546546e5cd38ee2ea128ac1296efb7aae33e85860f0858665, amount 50 BTC)
2024-05-23 11:03:38.096 [INF] MINR: Block submitted via CPU miner accepted (hash 133dfc96691f3a1aa8bc4eb3b90ca3f92d4dd84a3820a9b87ad9a63270f40648, amount 50 BTC)
2024-05-23 11:03:38.096 [INF] MINR: Block submitted via CPU miner accepted (hash 6d3b779301e8fb251b79e04bc600dd406a6194679e4aacb60ee6d2ff717be5ee, amount 50 BTC)
2024-05-23 11:03:38.101 [INF] MINR: Block submitted via CPU miner accepted (hash 6325b344550a374e64cac7071e1a4f845cf7268e1e79f85155133faaa74d6a06, amount 50 BTC)
2024-05-23 11:03:38.101 [INF] MINR: Block submitted via CPU miner accepted (hash 1ce57b171c1a1d0257117e44b357fa3ebd1d6e948d8d829f9f74df386076603c, amount 50 BTC)
2024-05-23 11:03:38.101 [INF] MINR: Block submitted via CPU miner accepted (hash 6403f3c1a18e38366d811fc2f958ff289380c8d2c637346eef98186b04383ee6, amount 50 BTC)
2024-05-23 11:03:38.101 [INF] MINR: Block submitted via CPU miner accepted (hash 67b5ed18ee21d6a0e518e6035964a5e013f821e924d785ce6d46dac437bea64f, amount 50 BTC)
2024-05-23 11:03:38.106 [INF] MINR: Block submitted via CPU miner accepted (hash 0e3cade3828adb28a365e93f02d312d4e1a790542c6cec521ffc03de8552523a, amount 50 BTC)
2024-05-23 11:03:38.106 [INF] MINR: Block submitted via CPU miner accepted (hash 5fbc58d39aeee6a90ee63a8a5c1a895c891533362e50bcb7a8e7b7841697d50e, amount 50 BTC)
2024-05-23 11:03:38.106 [INF] MINR: Block submitted via CPU miner accepted (hash 33a43dc06acff26343222708a5c4dcaefa940a5947c75b40c3bbb7fe125aecc7, amount 50 BTC)
2024-05-23 11:03:38.107 [INF] MINR: Block submitted via CPU miner accepted (hash 335164590d1df0fbf21aa98eeeb86b907439fb37c1e4a12603d4c64f6ee5c834, amount 50 BTC)
2024-05-23 11:03:38.110 [INF] MINR: Block submitted via CPU miner accepted (hash 0f933e6940af282c50c768e4763a7d71cfc35df34c1175312a8f1fec002ab704, amount 50 BTC)
2024-05-23 11:03:38.110 [INF] MINR: Block submitted via CPU miner accepted (hash 2393513118b88f15ab01c89bedc887b824d481157cf62515f2e5942e9c963c11, amount 50 BTC)
2024-05-23 11:03:38.110 [INF] MINR: Block submitted via CPU miner accepted (hash 45b96f497b7714a1ed8195d5fdf2807ee6b6bd15d893879bebf9d24c1068695d, amount 50 BTC)
2024-05-23 11:03:38.111 [INF] MINR: Block submitted via CPU miner accepted (hash 3c15005c9740336eeca47717607aae6bcc9c8ffa0b0f382afef3c4767cfe19f5, amount 50 BTC)
2024-05-23 11:03:38.111 [INF] MINR: Block submitted via CPU miner accepted (hash 7a76f744005544076a0c28e3361a5265ae6e27f4127f8037acbdd368870c161f, amount 50 BTC)
2024-05-23 11:03:38.111 [INF] MINR: Block submitted via CPU miner accepted (hash 024396b6cc6e8320aba22ec5a062b9dd89e06dd28fde2dc4d97dfb760f42dbb7, amount 50 BTC)
2024-05-23 11:03:38.111 [INF] MINR: Block submitted via CPU miner accepted (hash 4e24b5de85061320e8c8ff3429fdb603a27f7cc2393b914ba6cc37bb77a6d971, amount 50 BTC)
2024-05-23 11:03:38.111 [INF] MINR: Block submitted via CPU miner accepted (hash 14f6aa0d161b1903f31791c54cae5d39b1066ea57b9d93647141215df4f9875f, amount 50 BTC)
2024-05-23 11:03:38.111 [INF] MINR: Block submitted via CPU miner accepted (hash 5310fac7f2bc8ca15e5e03a50ecf52eb3bd0f0254887ca1e266dcbffeaccffb1, amount 50 BTC)
2024-05-23 11:03:38.112 [INF] MINR: Block submitted via CPU miner accepted (hash 285cfa29821dbc7b877d300836707fcab681fd77a5035d87c8a4cbc4da4f1748, amount 50 BTC)
2024-05-23 11:03:38.116 [INF] MINR: Block submitted via CPU miner accepted (hash 51ef81945d9020ba6481aaf692b1dfdc5737e87bbc5b6025742852ae1e837a49, amount 50 BTC)
2024-05-23 11:03:38.116 [INF] MINR: Block submitted via CPU miner accepted (hash 4973dd89bf94042dc9991ab9be3db001ba4a4856b816d1b4f855545631f7c030, amount 50 BTC)
2024-05-23 11:03:38.116 [INF] MINR: Block submitted via CPU miner accepted (hash 65675f37d3eea7df409f934dd57f678165dfb72514c2a910cf6613100f178200, amount 50 BTC)
2024-05-23 11:03:38.116 [INF] MINR: Block submitted via CPU miner accepted (hash 0609da299d6f3384e485a819284edb5650ae724a2f0b9252f19a947b8849ec65, amount 50 BTC)
2024-05-23 11:03:38.117 [INF] MINR: Block submitted via CPU miner accepted (hash 7c685acedd75a412bd4020ee9731ee480d1bd9dc9258a588af94f1f9ad5db05a, amount 50 BTC)
2024-05-23 11:03:38.121 [INF] MINR: Block submitted via CPU miner accepted (hash 1d30c5df610c4b3324d4326b3ea821a4304e6caab92d71c320204ef62e1d1f79, amount 50 BTC)
2024-05-23 11:03:38.121 [INF] MINR: Block submitted via CPU miner accepted (hash 033400805944010e3531bc017e2bd738ffde54785dfd0f99c6b373bdba8ad668, amount 50 BTC)
2024-05-23 11:03:38.121 [INF] MINR: Block submitted via CPU miner accepted (hash 78a59118779c32536f943b98d10b89289afa43b38b4b8aeb80c80fbc38b04ad2, amount 50 BTC)
2024-05-23 11:03:38.121 [INF] MINR: Block submitted via CPU miner accepted (hash 2efc886e3fdb6ad98bd4a5f00b5c44b96f80577495376a37f053b698d2770dbc, amount 50 BTC)
2024-05-23 11:03:38.126 [INF] MINR: Block submitted via CPU miner accepted (hash 3934e70e8f81f201e2badb511e5c5a1dc21ede73d91b3bb4d16fdfaf42b8ba1e, amount 50 BTC)
2024-05-23 11:03:38.126 [INF] MINR: Block submitted via CPU miner accepted (hash 12093ffb8a70ca4474a8c365251448d5c4833a0cb3baf20a56579420d0a65d79, amount 50 BTC)
2024-05-23 11:03:38.126 [INF] MINR: Block submitted via CPU miner accepted (hash 1ba073a45b5b9bab2e0b35e81aa601cafe4b3be0faf77c675ec4f202c6ad0d9b, amount 50 BTC)
2024-05-23 11:03:38.130 [INF] MINR: Block submitted via CPU miner accepted (hash 630346993fe32c8e3450dbb27c691e7601b8f9d8166c6ae9e16da5411ed688ad, amount 50 BTC)
2024-05-23 11:03:38.130 [INF] MINR: Block submitted via CPU miner accepted (hash 6b4f1a50a00c1f56e88549df803c190bb670107460550f6f6bc0839323bf92cb, amount 50 BTC)
2024-05-23 11:03:38.130 [INF] MINR: Block submitted via CPU miner accepted (hash 09852687d8870499ea967dc5dbaafa3414ce43d2f8af4292d30ba34703e53c29, amount 50 BTC)
2024-05-23 11:03:38.131 [INF] MINR: Block submitted via CPU miner accepted (hash 38a5819efd63b8754940604d04ba5174d8c5ade54b3db32220bc0c82cf667ff0, amount 50 BTC)
2024-05-23 11:03:38.131 [INF] MINR: Block submitted via CPU miner accepted (hash 2e04cb731fab58647805a4bce03f251165c7f01b13cc5c00954eb62e33614fdd, amount 50 BTC)
2024-05-23 11:03:38.131 [INF] MINR: Block submitted via CPU miner accepted (hash 4531f5057fa7e5b4e9b5b9b8f3c8d2e61c5265ee26124dc97161bcd2b008ff52, amount 50 BTC)
2024-05-23 11:03:38.131 [INF] MINR: Block submitted via CPU miner accepted (hash 1fd102e2aad9dda0b2c4fdf3674629d64dc1670517039dee1277ff47ab0a19be, amount 50 BTC)
2024-05-23 11:03:38.131 [INF] MINR: Block submitted via CPU miner accepted (hash 79631b023d9e69855acd5a1a3faa1d2f8ca49128a3719adb06fa5d0889c15bb2, amount 50 BTC)
2024-05-23 11:03:38.132 [INF] MINR: Block submitted via CPU miner accepted (hash 60897b27df50acad8bba05d4a0e1da61f887b6b55280a1eb8b0f5822da57a1ec, amount 50 BTC)
2024-05-23 11:03:38.142 [INF] MINR: Block submitted via CPU miner accepted (hash 4d703f24cf1e2e4460c7c26171bbfeda4bfbc00ba81c06a5e8f2decf072a82f2, amount 50 BTC)
2024-05-23 11:03:38.152 [INF] MINR: Block submitted via CPU miner accepted (hash 79345d8a5c1e5c9a3c1f3725809cfbc23d934a69e46e6d6db47bcb33799c67db, amount 50 BTC)
2024-05-23 11:03:38.152 [INF] MINR: Block submitted via CPU miner accepted (hash 6e42170f5566c7528774a5057843de45f018a8ffe4cad4def232dcbb7b365efa, amount 50 BTC)
2024-05-23 11:03:38.156 [INF] MINR: Block submitted via CPU miner accepted (hash 678a292f5fb7b439c44393afadd7305f14189a73a054f8d96d4b7bb634d74c89, amount 50 BTC)
2024-05-23 11:03:38.157 [INF] MINR: Block submitted via CPU miner accepted (hash 1564c97f330d5393ebe2076fd385f40c53d4c7829631d15dba3a9084290bf155, amount 50 BTC)
2024-05-23 11:03:38.161 [INF] MINR: Block submitted via CPU miner accepted (hash 527a24020d3f287c1f52f1d6f90b7836f53f4aa750d61b611bd9f531ab4f736d, amount 50 BTC)
2024-05-23 11:03:38.161 [INF] MINR: Block submitted via CPU miner accepted (hash 6298532bc88f8417ca6d9dac7235f32f75c0c8edf9a8c8918427cbf770bd8cf7, amount 50 BTC)
2024-05-23 11:03:38.161 [INF] MINR: Block submitted via CPU miner accepted (hash 4019be9ea9532da4d5adee532149a64d92a3ec24ceac44a66e3aa737b0dcbdf5, amount 50 BTC)
2024-05-23 11:03:38.161 [INF] MINR: Block submitted via CPU miner accepted (hash 68c02b9663356e1d0f4d27c419957f6c1f6acf56eb2d7fecd16dcbd4c7a4ec52, amount 50 BTC)
2024-05-23 11:03:38.162 [INF] MINR: Block submitted via CPU miner accepted (hash 42d6731b3774fb34073646a08fc39a0ffc272fc1cdcc0e42e11c8c71c0713b2f, amount 50 BTC)
2024-05-23 11:03:38.162 [INF] MINR: Block submitted via CPU miner accepted (hash 3f5de81476e5d2c0c91ac836846e096e2205643ecb7d70b38e760db194d0ed0a, amount 50 BTC)
2024-05-23 11:03:38.162 [INF] MINR: Block submitted via CPU miner accepted (hash 52b6ee4930d298f732fbaa359f95d6cf6d1a927b2ad385fc502717d8baf1da9a, amount 50 BTC)
2024-05-23 11:03:38.162 [INF] MINR: Block submitted via CPU miner accepted (hash 167179df919316dcb4c1a4991d52297b98ac3f28bb8f9d92481599097a1d817e, amount 50 BTC)
2024-05-23 11:03:38.163 [INF] MINR: Block submitted via CPU miner accepted (hash 67e851fbecf8e9b460a7cfcf1593172a3b51bbddf3d350eb3ca577da35c2254f, amount 50 BTC)
2024-05-23 11:03:38.163 [INF] MINR: Block submitted via CPU miner accepted (hash 433f5d6e9cdd94fb4cc0b32aa2157bfbe44cc6b1c2d8fa946956ebaac54964f2, amount 50 BTC)
2024-05-23 11:03:38.168 [INF] MINR: Block submitted via CPU miner accepted (hash 56b3f446803f8039bf20be2a6bdd25b1429bab1c62f9bcd9dd17f5feff5e86f0, amount 50 BTC)
2024-05-23 11:03:38.168 [INF] MINR: Block submitted via CPU miner accepted (hash 52b3dd034ad828dff7f6bc617cca7c3f365761023ec5a495b99e206b14e193b5, amount 50 BTC)
2024-05-23 11:03:38.173 [INF] MINR: Block submitted via CPU miner accepted (hash 246e27aba28eac6862c55eb11f929defd6cd00f8470a0b53eb991e79c52c176b, amount 50 BTC)
2024-05-23 11:03:38.173 [INF] MINR: Block submitted via CPU miner accepted (hash 7e3db44b407d910e9b6f84ecfff3aec63d4a249fd7c0cf96ab1d3f153787887a, amount 50 BTC)
2024-05-23 11:03:38.178 [INF] MINR: Block submitted via CPU miner accepted (hash 59cdd01f6a949beeb0f8c3b855d91c0f530175ebd61e8cf4de5b46108148441f, amount 50 BTC)
2024-05-23 11:03:38.182 [INF] MINR: Block submitted via CPU miner accepted (hash 449fee046eddaa82ca4ed154cdf2b0584bcf1d29d129a542603130bc210a2374, amount 50 BTC)
2024-05-23 11:03:38.182 [INF] MINR: Block submitted via CPU miner accepted (hash 5aee3180dbb840cf5ad26e988e6d09c839bb205919f8dc3a2f64b3a878ccf661, amount 50 BTC)
2024-05-23 11:03:38.182 [INF] MINR: Block submitted via CPU miner accepted (hash 393e96fc4808f96680e6569e92cee8ea38c785aa1a176da3627422d85a6a0083, amount 50 BTC)
2024-05-23 11:03:38.182 [INF] MINR: Block submitted via CPU miner accepted (hash 1c14e2d9c3b6d4ddb863388ed39d8bfd235a08d52d02b3c0baf04a2c642fb379, amount 50 BTC)
2024-05-23 11:03:38.182 [INF] MINR: Block submitted via CPU miner accepted (hash 670a5d194972fa678be2be09fc88c984b1adc2e2d5cf354aea8daa7d0d7e3036, amount 50 BTC)
2024-05-23 11:03:38.183 [INF] MINR: Block submitted via CPU miner accepted (hash 7a2f0a9c317c945a6efbd1d436aa908fb30e428be90495cce85e486c4a26c33c, amount 50 BTC)
2024-05-23 11:03:38.183 [INF] MINR: Block submitted via CPU miner accepted (hash 785063172b08b9cdeac64ba09a1d06ac75378973ff76a13246ff973d393487c2, amount 50 BTC)
2024-05-23 11:03:38.183 [INF] MINR: Block submitted via CPU miner accepted (hash 5d6482086999286a482a6c0a4a7d3b42a5bc6a49434e34dc3e7012f41e7f6ac1, amount 50 BTC)
2024-05-23 11:03:38.183 [INF] MINR: Block submitted via CPU miner accepted (hash 737f1902bad2731ace7054a23a9c1d8e9195356c4b137ea9eaaa9418c9648c8f, amount 50 BTC)
2024-05-23 11:03:38.183 [INF] MINR: Block submitted via CPU miner accepted (hash 748432c5c612580a46c73fef1c40b9eadda779eb93a0527224657b7dbcdf026c, amount 50 BTC)
2024-05-23 11:03:38.183 [INF] MINR: Block submitted via CPU miner accepted (hash 2689d065f3acbdfbf6fe5980e86812a03555069f4f68f93b316935cc62faa391, amount 50 BTC)
2024-05-23 11:03:38.183 [INF] MINR: Block submitted via CPU miner accepted (hash 7e4d1e210214902c70022b3aec2a375660d6dad45433209e34788e35ad68001c, amount 50 BTC)
2024-05-23 11:03:38.184 [INF] MINR: Block submitted via CPU miner accepted (hash 54405811ed63ba99ea4020f68941ce727e34d00a1e49ff1bb6433c36dd49dd87, amount 50 BTC)
2024-05-23 11:03:38.184 [INF] MINR: Block submitted via CPU miner accepted (hash 4ca9b16fb55aa5e77a44b21ec7c3a9cadefd8a7432ea60b1b8658bc16e9de438, amount 50 BTC)
2024-05-23 11:03:38.188 [INF] MINR: Block submitted via CPU miner accepted (hash 6e9a3e44f341005cbfb1bd7f23a1bbbd64fc392befd571b7a8a2113b19eb38df, amount 50 BTC)
2024-05-23 11:03:38.188 [INF] MINR: Block submitted via CPU miner accepted (hash 635b5031233354428afdbcd830b95ccfb914fdd135a5042741bb7b7784c58053, amount 50 BTC)
2024-05-23 11:03:38.192 [INF] MINR: Block submitted via CPU miner accepted (hash 73b489f1dbb2f99780ea9c80946354301d7c3b9e1365697892386d969d3b9311, amount 50 BTC)
2024-05-23 11:03:38.193 [INF] MINR: Block submitted via CPU miner accepted (hash 4466c4df18ce7965ec12126b0172f4c29c5ceb49e6fb1d237040e28498b54bbd, amount 50 BTC)
2024-05-23 11:03:38.197 [INF] MINR: Block submitted via CPU miner accepted (hash 3eac97f3331f73bfac47778a56dd4b7ddc2e870abd21f6d20d2e10ee69ee4cb3, amount 50 BTC)
2024-05-23 11:03:38.197 [INF] MINR: Block submitted via CPU miner accepted (hash 608774b8409508717d41f089d4707506ed7eba14d66fa60b402940741975c147, amount 50 BTC)
2024-05-23 11:03:38.201 [INF] MINR: Block submitted via CPU miner accepted (hash 1bf871f321f1418bf7a17f03ab4653b09af7370d589e2edc17508b382b54aa35, amount 50 BTC)
2024-05-23 11:03:38.201 [INF] MINR: Block submitted via CPU miner accepted (hash 540c618850d1552655c2df836c6731416542e2ba2e174fd1d4f8257d2cfb8e18, amount 50 BTC)
2024-05-23 11:03:38.201 [INF] MINR: Block submitted via CPU miner accepted (hash 7b0d5ff390838169cbffb079ab7ddc567b61c814fee59970b340590938eec82c, amount 50 BTC)
2024-05-23 11:03:38.201 [INF] MINR: Block submitted via CPU miner accepted (hash 1f2b866b9ce0c587e64f74775d6955138a7f188fadba0535284b089a3dedf1ed, amount 50 BTC)
2024-05-23 11:03:38.201 [INF] MINR: Block submitted via CPU miner accepted (hash 2473438040110505153cd761171c17c176328cc2db48ced7864fd538a815e18c, amount 50 BTC)
2024-05-23 11:03:38.201 [INF] MINR: Block submitted via CPU miner accepted (hash 179b7cc6d223a76cd99dddd6959d53b5180c129502ed767b2ac930f47c724335, amount 50 BTC)
2024-05-23 11:03:38.202 [INF] MINR: Block submitted via CPU miner accepted (hash 473c2e004c97b91b876360810c3509f87763dc7064b6139e909d171595e26e6c, amount 50 BTC)
2024-05-23 11:03:38.202 [INF] MINR: Block submitted via CPU miner accepted (hash 478db7e3887fce3b763b928824bdfc31d973a557a534b58d925b942d3f1282da, amount 50 BTC)
2024-05-23 11:03:38.202 [INF] MINR: Block submitted via CPU miner accepted (hash 77103012931a1268b1bf7bb55b57582c2582d6ef179be56b7a4d7be60e4f8497, amount 50 BTC)
2024-05-23 11:03:38.202 [INF] MINR: Block submitted via CPU miner accepted (hash 00a416c30cdfe5f1ef7d804daf7115535486377810b3a51660cf3706b69b0cb0, amount 50 BTC)
2024-05-23 11:03:38.207 [INF] MINR: Block submitted via CPU miner accepted (hash 1f426089fbfcb95da226fd4ace65e0fdcec9464a1df63cea648e85cdc9c4442a, amount 50 BTC)
2024-05-23 11:03:38.207 [INF] MINR: Block submitted via CPU miner accepted (hash 3d29c0af34f23549fa9aa05ccf8ee1e3b5d7eb708e5a9cebfe200e30069e4cf2, amount 50 BTC)
2024-05-23 11:03:38.207 [INF] MINR: Block submitted via CPU miner accepted (hash 39d9af48bb15342732211722e621c1f50b05b5a0635c830f3eb2723020ad76de, amount 50 BTC)
2024-05-23 11:03:38.208 [INF] MINR: Block submitted via CPU miner accepted (hash 2e4745ba0160086eae4d961b3d21e8bd1d0d0878b0739094e3dc71f083d100c1, amount 50 BTC)
2024-05-23 11:03:38.208 [INF] MINR: Block submitted via CPU miner accepted (hash 1e6916d9df7a19ddf0360e0b0dc7a3caa9543103929bdd11fd1787b3393abb66, amount 50 BTC)
2024-05-23 11:03:38.211 [INF] MINR: Block submitted via CPU miner accepted (hash 2879e83bb3b4b2d4c88ad1a6995e5a980102a58ca13e6eb7e1df7ab382ae0995, amount 50 BTC)
2024-05-23 11:03:38.211 [INF] MINR: Block submitted via CPU miner accepted (hash 7f73ef5ce722f9ed5c95077c7dccefb970bb8019f0cafe724ecd0abc2df01eaf, amount 50 BTC)
2024-05-23 11:03:38.212 [INF] MINR: Block submitted via CPU miner accepted (hash 735c766d9f41acacafe044d0732a3fe72acca5b9542451b055c1fc33c0375a73, amount 50 BTC)
2024-05-23 11:03:38.212 [INF] MINR: Block submitted via CPU miner accepted (hash 3566697dd01aa76340e5b9796a812929d42af9ba4ec66cc7d4eabeb2918d8eff, amount 50 BTC)
2024-05-23 11:03:38.216 [INF] MINR: Block submitted via CPU miner accepted (hash 23fcfe2db2ea5181956bfb7d6cc846b9425d77e9a4979ac9c36978e1b9c6c665, amount 50 BTC)
2024-05-23 11:03:38.216 [INF] MINR: Block submitted via CPU miner accepted (hash 291b7635905b2d85482f1f182dff3d7e40a3a38750d308fea2acf033f2863e7c, amount 50 BTC)
2024-05-23 11:03:38.216 [INF] MINR: Block submitted via CPU miner accepted (hash 383cc9e2c610a3a9d716409ce1853a084f04ce10d9614190ddaab05e692146d9, amount 50 BTC)
2024-05-23 11:03:38.216 [INF] MINR: Block submitted via CPU miner accepted (hash 17b34ff63efe73ca8d8fd0bebaf3eb9b889445f4d50fddd66b5d335441209faa, amount 50 BTC)
2024-05-23 11:04:21.987 [INF] MINR: Block submitted via CPU miner accepted (hash 4f1bf35f22c24dec4d211a64df9d2af56765cf27dbe88674f0ab06661b615adc, amount 50.00000144 BTC)
2024-05-23 11:04:21.988 [INF] MINR: Block submitted via CPU miner accepted (hash 52e4aa9833ec1968deaa7a0cbdf4a9abee59708842a35961656b1e3f4b973c69, amount 50 BTC)
2024-05-23 11:04:21.988 [INF] MINR: Block submitted via CPU miner accepted (hash 37d5a8eec6b7adf39586b73807304f599d5a54472d0d2cdd4269dd914a283eda, amount 50 BTC)
2024-05-23 11:04:21.988 [INF] MINR: Block submitted via CPU miner accepted (hash 4d19126ba2c1bc9a88d27769efeba4a97dac23e18bd9523e8b9d1d3ecab6e9c3, amount 50 BTC)
2024-05-23 11:04:21.988 [INF] MINR: Block submitted via CPU miner accepted (hash 5c7385ea5a1600e420a314b08dce17dc0b968d796b036405c0f57a35099df8b4, amount 50 BTC)
2024-05-23 11:04:21.988 [INF] MINR: Block submitted via CPU miner accepted (hash 42856dc4d7c01eb21dc77665fe59e130239d0d33a9b5ff81b9ab078a9ba2741b, amount 50 BTC)
2024-05-23 11:04:21.990 [INF] MINR: Block submitted via CPU miner accepted (hash 6a74005218d696018d966ed073b206bad272561446dbed0e699351451ac8e8ce, amount 50 BTC)
2024-05-23 11:04:21.990 [INF] MINR: Block submitted via CPU miner accepted (hash 6224706a5a5edcb0affb26e5f0bd1d68907953da1f8d5ae2e778df32c0863c7f, amount 50 BTC)
2024-05-23 11:04:21.990 [INF] MINR: Block submitted via CPU miner accepted (hash 3d92d2ce2daf4e0307ed8ee09d3a3fe2972c14452d286e4394c7584357d86e33, amount 50 BTC)
2024-05-23 11:04:21.995 [INF] MINR: Block submitted via CPU miner accepted (hash 0cca5ee8ad44f42be7c959f4205d918d9f11774ad03a3819997c0eb0f3dfd824, amount 50 BTC)
2024-05-23 11:04:21.996 [INF] MINR: Block submitted via CPU miner accepted (hash 0aec7791ce79078968dd7e69ff7b870a73523b35b6d590e0a45a244b0bdd47e0, amount 50 BTC)
2024-05-23 11:04:21.996 [INF] MINR: Block submitted via CPU miner accepted (hash 41f96f0bf1a2eba33b57149a045fd994da6eebaef4530e5234612db9664a5184, amount 50 BTC)
2024-05-23 11:04:22.000 [INF] MINR: Block submitted via CPU miner accepted (hash 5a57df2302cfb60acf80adddbceac396fe11e1726de57e0b786f2f1f94595d27, amount 50 BTC)
2024-05-23 11:04:22.001 [INF] MINR: Block submitted via CPU miner accepted (hash 4b0f358b19cebe6fab39e03a946ca2d7b65236603685f2cca4d70adc4a73cb77, amount 50 BTC)
2024-05-23 11:04:22.001 [INF] MINR: Block submitted via CPU miner accepted (hash 737d157dee656057926445e0b76cec195912c8859cef20d7d80525ad41ed15f9, amount 50 BTC)
2024-05-23 11:04:22.001 [INF] MINR: Block submitted via CPU miner accepted (hash 2a5928c5c246d0fd765ea1593b421c0d9624be802dc5e7d893b9f2930f9ad051, amount 50 BTC)
2024-05-23 11:04:22.001 [INF] MINR: Block submitted via CPU miner accepted (hash 3f3ebaad3f7173b71c75b9d6b9ee3b161d5368b1bbe7acc567bf96ec030fb61f, amount 50 BTC)
2024-05-23 11:04:22.002 [INF] MINR: Block submitted via CPU miner accepted (hash 63e51f4df41470df9f9c14454cbde69a17b9849d9a7d2eb2ac87792372bf6be3, amount 50 BTC)
2024-05-23 11:04:22.002 [INF] MINR: Block submitted via CPU miner accepted (hash 268ea0783a2a98310cd772469f386f15ffcca1ffc7c8da6b24c6675dccca4a94, amount 50 BTC)
2024-05-23 11:04:22.002 [INF] MINR: Block submitted via CPU miner accepted (hash 3727ef54018e9efb2cf98d634e631d47bd43e411809ec83b45636b9cc8c9f215, amount 50 BTC)
2024-05-23 11:04:22.003 [INF] MINR: Block submitted via CPU miner accepted (hash 3aebd0f2dff5eee8600ab565830f7d4480a36691956179dc0a75022405f232f8, amount 50 BTC)
2024-05-23 11:04:22.003 [INF] MINR: Block submitted via CPU miner accepted (hash 1136599c5d4a3fae90deb73d8fee8af83ec32072ebb19a51c4fde18d54e8b7e1, amount 50 BTC)
2024-05-23 11:04:22.007 [INF] MINR: Block submitted via CPU miner accepted (hash 78287f8f1f828b8a15950b93654047d5a1a2e2f492fbe566dc993e936927d09b, amount 50 BTC)
2024-05-23 11:04:22.008 [INF] MINR: Block submitted via CPU miner accepted (hash 12ddacc5d47f7c5567fd008d48216b4576248db374a13adce227c1f1a14c1d66, amount 50 BTC)
2024-05-23 11:04:22.009 [INF] MINR: Block submitted via CPU miner accepted (hash 1560594103b27b5ff7c3f220cc7726bc7234e0bfca6e81d6f24cb4b98fe205cc, amount 50 BTC)
2024-05-23 11:04:22.009 [INF] MINR: Block submitted via CPU miner accepted (hash 57e6d820cd97349b9341e5b9ffa79b89858ef38988d78cfcfb3f26761bfa0d93, amount 50 BTC)
2024-05-23 11:04:22.014 [INF] MINR: Block submitted via CPU miner accepted (hash 241f6c7d395fc5eb60b04340f79a79dda0c66339098bb2c963b2b7ee6b89c86d, amount 50 BTC)
2024-05-23 11:04:22.014 [INF] MINR: Block submitted via CPU miner accepted (hash 7d6737363ca28d5c81d6cb5daf581d2f9b12c0800419fe0ea0e25c924d665fee, amount 50 BTC)
2024-05-23 11:04:22.014 [INF] MINR: Block submitted via CPU miner accepted (hash 4d94b0ac77651e9c65964aa19afb1b94e58a81668c969da9dcc894e0adb5093f, amount 50 BTC)
2024-05-23 11:04:22.018 [INF] MINR: Block submitted via CPU miner accepted (hash 79cd72e17931abb0653879c06f7406dcec2779bad0f62137433ed5876a425677, amount 50 BTC)
2024-05-23 11:04:22.019 [INF] MINR: Block submitted via CPU miner accepted (hash 71cf0aa2d17bcf2d98feee5ec0d618368bdede85709dcb95f3fadc0b2741d7bc, amount 50 BTC)
2024-05-23 11:04:22.019 [INF] MINR: Block submitted via CPU miner accepted (hash 63a32b400089c611a67c28b72c95b9004d9f1030174853ad5ab142ab5f3a47f7, amount 50 BTC)
2024-05-23 11:04:22.020 [INF] MINR: Block submitted via CPU miner accepted (hash 21e1314ef07aa78b352fa4d0b7916f18296f995e254d1c72dbcaa238e0f355f5, amount 50 BTC)
2024-05-23 11:04:22.023 [INF] MINR: Block submitted via CPU miner accepted (hash 6c16a5541ea921547b5d5e770a12f60961f88790962b1f5eb0d934abeb080190, amount 50 BTC)
2024-05-23 11:04:22.024 [INF] MINR: Block submitted via CPU miner accepted (hash 21f5001963dd7c86f3711eb899ddb3ce25568bfe01046270017f3329f3f11fb7, amount 50 BTC)
2024-05-23 11:04:22.024 [INF] MINR: Block submitted via CPU miner accepted (hash 1a7da71d48726ca0de1e7c98679cb98a5b6ec204e142ac22ba1f2b77cf1aa6a5, amount 50 BTC)
2024-05-23 11:04:22.025 [INF] MINR: Block submitted via CPU miner accepted (hash 0942784bcbf47d8d516aa3e44c7c3b78afd30618c5bb0190e1146f5884d3736f, amount 50 BTC)
2024-05-23 11:04:22.025 [INF] MINR: Block submitted via CPU miner accepted (hash 7fee3f2fbb4b317c8c2e4dfc339af29e151fa4cf6926771444813fa3a77626d8, amount 50 BTC)
2024-05-23 11:04:22.029 [INF] MINR: Block submitted via CPU miner accepted (hash 417cddc5b1f0848759e97f2b6351a9179e4c9a60e588de0a16cd153bfd116dc9, amount 50 BTC)
2024-05-23 11:04:22.030 [INF] MINR: Block submitted via CPU miner accepted (hash 591941b985d97e7bf57771fbb9c4f7c3d50189c974614794fe455905b6a5b909, amount 50 BTC)
2024-05-23 11:04:22.030 [INF] MINR: Block submitted via CPU miner accepted (hash 5ca739f89368c47df68dcaa40d6d841e8ac8a1373b2549e4fe4bf1e2dc0e66b9, amount 50 BTC)
2024-05-23 11:04:22.034 [INF] MINR: Block submitted via CPU miner accepted (hash 1605904eef516087e472727ae93641380a6326137ec4396ee4c50ee68aad039f, amount 50 BTC)
2024-05-23 11:04:22.035 [INF] MINR: Block submitted via CPU miner accepted (hash 697040f19d67e931ea4418e5ba34c8ed13f92bfbd66c65f23f8db1904406991b, amount 50 BTC)
2024-05-23 11:04:22.036 [INF] MINR: Block submitted via CPU miner accepted (hash 7f3d1d96818c197602f808321b62492afc586fdd0440aef5fa586ff0c6100af6, amount 50 BTC)
2024-05-23 11:04:22.040 [INF] MINR: Block submitted via CPU miner accepted (hash 070bd854e1fde9ae284401c3c5ab12c2053ba34327aaf83e0c06671518ce266c, amount 50 BTC)
2024-05-23 11:04:22.041 [INF] MINR: Block submitted via CPU miner accepted (hash 61f8ee6100b555652982ead5d20d88af121e1c9a53f274f9ff3177c32c6198aa, amount 50 BTC)
2024-05-23 11:04:22.041 [INF] MINR: Block submitted via CPU miner accepted (hash 2ea490f45c06fa80832b8ae6be160e96c488b0a5000b5e312804e4271670b046, amount 50 BTC)
2024-05-23 11:04:22.045 [INF] MINR: Block submitted via CPU miner accepted (hash 65e7d3556ffafc1971ec3df8dfd357c63451f3c924d5a83361b9c85d3b32bcd7, amount 50 BTC)
2024-05-23 11:04:22.046 [INF] MINR: Block submitted via CPU miner accepted (hash 7edb4372269c2188904a91fd4b8e53756035d224f11c5f4a12b23229a5834f41, amount 50 BTC)
2024-05-23 11:04:22.046 [INF] MINR: Block submitted via CPU miner accepted (hash 5e0946118c8d04713b7b87405610164eb49ee5b9891011d7e8e236496a9a22b7, amount 50 BTC)
2024-05-23 11:04:22.046 [INF] MINR: Block submitted via CPU miner accepted (hash 0d282d721b66f58d32016689f97aec9904fc1e87f32e6f1fc3970f214df4571d, amount 50 BTC)
2024-05-23 11:04:22.050 [INF] MINR: Block submitted via CPU miner accepted (hash 4bc488e86b55662e874afccd458a27d4d2a04b9ffade3ebde04162c559f6e23e, amount 50 BTC)
2024-05-23 11:04:22.050 [INF] MINR: Block submitted via CPU miner accepted (hash 1314dd9f3d982112682ec1db4fb6afc449626f5d84d15bd3002d9bf83cb9eec4, amount 50 BTC)
2024-05-23 11:04:22.050 [INF] MINR: Block submitted via CPU miner accepted (hash 37eafad3b311ce752e362f15f1f107f2c0eefff4f680e285428e19528e257061, amount 50 BTC)
2024-05-23 11:04:22.051 [INF] MINR: Block submitted via CPU miner accepted (hash 2ba9cd870a14d79834558bb168480cfae3a085bcd7a1b10900cddbb309120521, amount 50 BTC)
2024-05-23 11:04:22.051 [INF] MINR: Block submitted via CPU miner accepted (hash 64941381ae8d905d36fc6ee7001f6cf3c7e8c1c4ed30524d367b751664496b31, amount 50 BTC)
2024-05-23 11:04:22.055 [INF] MINR: Block submitted via CPU miner accepted (hash 03fab15a1b4a0d6fe3988a5625177e48073bff7bc9e51cb4c5b20297bf8b1d10, amount 50 BTC)
2024-05-23 11:04:22.055 [INF] MINR: Block submitted via CPU miner accepted (hash 4bc1bde930e156cd61d83c543be5f27e9bd1127f7df10fc7508b96e0476114e9, amount 50 BTC)
2024-05-23 11:04:22.055 [INF] MINR: Block submitted via CPU miner accepted (hash 6c2dab2d27b41ee891e996675061debf7ce17007954798579f57d72097e67fb4, amount 50 BTC)
2024-05-23 11:04:22.056 [INF] MINR: Block submitted via CPU miner accepted (hash 6928431a2c7945a01b609e15e93acc5eaa0f2651eeba7ed678d135d86060b9e3, amount 50 BTC)
2024-05-23 11:04:22.060 [INF] MINR: Block submitted via CPU miner accepted (hash 3d3d332772b999eeddcdabbcb75c89ca3b99c58a3b8366d2b7933a25c5015a17, amount 50 BTC)
2024-05-23 11:04:22.061 [INF] MINR: Block submitted via CPU miner accepted (hash 1fc13135af0d27a68d3132eca15a528154fe1e18a96e616d8ae0fc38ed97fafb, amount 50 BTC)
2024-05-23 11:04:22.065 [INF] MINR: Block submitted via CPU miner accepted (hash 4ec6f2d893821e50e9d7fb88aca9becfe232a09e923816f73675cf393365f76b, amount 50 BTC)
2024-05-23 11:04:22.066 [INF] MINR: Block submitted via CPU miner accepted (hash 4b6e72b1b0eb2c556599f0fa6a99e9bf4519dd0d105a52fcb2be51332a32c657, amount 50 BTC)
2024-05-23 11:04:22.066 [INF] MINR: Block submitted via CPU miner accepted (hash 28c25f2f88ca2725ef3e7bf00dc2fd762111ca7afda00480a17eb64aed11b2ad, amount 50 BTC)
2024-05-23 11:04:22.070 [INF] MINR: Block submitted via CPU miner accepted (hash 6e5658531d4934bd00c47e4ced34236aad77b52daa3938af44b891587a649f58, amount 50 BTC)
2024-05-23 11:04:22.070 [INF] MINR: Block submitted via CPU miner accepted (hash 661eeec850dc6f96fc58095d3d4f47250ff68b7d92d10a039a69bc93d829ca93, amount 50 BTC)
2024-05-23 11:04:22.070 [INF] MINR: Block submitted via CPU miner accepted (hash 0ce13428f7292840d785c522fb0cbacbc9f050a4bbd763e1c970cfe9168b3be0, amount 50 BTC)
2024-05-23 11:04:22.070 [INF] MINR: Block submitted via CPU miner accepted (hash 70fc9ae70f3e20a3f5171a24254cb99d63cd30920316cf2fb0c03c4277b09dc1, amount 50 BTC)
2024-05-23 11:04:22.074 [INF] MINR: Block submitted via CPU miner accepted (hash 25ede93e87c492945fa3c8710f324908667cf02b50626132dc6389f4cd526b58, amount 50 BTC)
2024-05-23 11:04:22.074 [INF] MINR: Block submitted via CPU miner accepted (hash 40607f828c349700403521be47a61ff21e772c61ffaa9c394f5215627e383aaf, amount 50 BTC)
2024-05-23 11:04:22.075 [INF] MINR: Block submitted via CPU miner accepted (hash 2bce76e9dbe20e48581c0600ada971f8f12be2baf7e2d3293fcb4c561f2cab93, amount 50 BTC)
2024-05-23 11:04:22.079 [INF] MINR: Block submitted via CPU miner accepted (hash 1db9b76ed40a323a6ac971327ad6e1e1cea044636582359a4f20e8378c5f021e, amount 50 BTC)
2024-05-23 11:04:22.079 [INF] MINR: Block submitted via CPU miner accepted (hash 7ff443724937fb963b7c36cd2e40c9c085937886bd2657a5a506c9ff4ff96759, amount 50 BTC)
2024-05-23 11:04:22.080 [INF] MINR: Block submitted via CPU miner accepted (hash 3b6ce1f950d9ccf27cc99e09c6b4aab5e16488e51ef966ed7870a93dca51592c, amount 50 BTC)
2024-05-23 11:04:22.080 [INF] MINR: Block submitted via CPU miner accepted (hash 030103cc47290c616bb6f94a7d42cd6e8ac3137191c417c2951bbeebf87a1e49, amount 50 BTC)
2024-05-23 11:04:22.084 [INF] MINR: Block submitted via CPU miner accepted (hash 26ca208a8e9f4a09ea4e3984f12ab4c6b22c2264d38c9ec184ed0a4de0c2540d, amount 50 BTC)
2024-05-23 11:04:22.084 [INF] MINR: Block submitted via CPU miner accepted (hash 687358b644474b4f16ea70601f6c1b26f9e59ac6d0afb95bc28f50a1585e2817, amount 50 BTC)
2024-05-23 11:04:22.085 [INF] MINR: Block submitted via CPU miner accepted (hash 18b4ed7292a509cd26f8e69dae478b03370095d9b21e79e7ebef291453aa6761, amount 50 BTC)
2024-05-23 11:04:22.085 [INF] MINR: Block submitted via CPU miner accepted (hash 12adebab57883834ec3fd7f8e12498163a32c953d7d0846ed5583e329a9a7bba, amount 50 BTC)
2024-05-23 11:04:22.089 [INF] MINR: Block submitted via CPU miner accepted (hash 5b192f23c8e7214444f611cc9fb1cb943e3c0df9a3a6a552259286372be73cb7, amount 50 BTC)
2024-05-23 11:04:22.089 [INF] MINR: Block submitted via CPU miner accepted (hash 54c074fecfe14bca61434e5fb9d8f0ab7099ccbc385a20937296b70aea91e9d1, amount 50 BTC)
2024-05-23 11:04:22.090 [INF] MINR: Block submitted via CPU miner accepted (hash 0a5f90a5981c68930381426db9dd0a0de2c2f0b23f4364f0235616be28fa3869, amount 50 BTC)
2024-05-23 11:04:22.090 [INF] MINR: Block submitted via CPU miner accepted (hash 5671b6ced108485d5e5bd5e69c5d75a4953aeb6ebeb56c87b3f3a22c8ecd17ea, amount 50 BTC)
2024-05-23 11:04:22.094 [INF] MINR: Block submitted via CPU miner accepted (hash 1739a5ba0873bd17605d0f7cd0658037e9d5d20d8d4f8abca8b574b148004364, amount 50 BTC)
2024-05-23 11:04:22.094 [INF] MINR: Block submitted via CPU miner accepted (hash 687f7bee3fd3a74dac61a1cbc8ed3cdc5e471557d1c5358c772de6e7d32d1479, amount 50 BTC)
2024-05-23 11:04:22.095 [INF] MINR: Block submitted via CPU miner accepted (hash 4521fedfeb7519267cf64acacccef16f3b7971894329a7569d600c561a9c4bf7, amount 50 BTC)
2024-05-23 11:04:22.099 [INF] MINR: Block submitted via CPU miner accepted (hash 1d097e3a5ad47037d2c8a0b7b7260309788f217f94f38adcd11ce1395a8a7503, amount 50 BTC)
2024-05-23 11:04:22.099 [INF] MINR: Block submitted via CPU miner accepted (hash 398fae9d0a9ce95be4025cb82ca71894a570942b83c47d4ed7418e9785314ffb, amount 50 BTC)
2024-05-23 11:04:22.100 [INF] MINR: Block submitted via CPU miner accepted (hash 747f1788d40753511192ddd0438b5a8968d215d2553ffaefe7ba6de1c96d55d4, amount 50 BTC)
2024-05-23 11:04:22.104 [INF] MINR: Block submitted via CPU miner accepted (hash 12eaff21cdf5f5e7294edbb776beaa93a1fbe3f127942ca33cda8ac67c820dad, amount 50 BTC)
2024-05-23 11:04:22.104 [INF] MINR: Block submitted via CPU miner accepted (hash 72d4b30ae6707f2009d0f54beb8cb266a2e34c13fd2f54ca43b335328551bac6, amount 50 BTC)
2024-05-23 11:04:22.105 [INF] MINR: Block submitted via CPU miner accepted (hash 715ba14cb37d6b896690ed33789f666bffeb5efcae41f9ddb91cdcd6012df737, amount 50 BTC)
2024-05-23 11:04:22.109 [INF] MINR: Block submitted via CPU miner accepted (hash 0debb34c0f4886220d69e3296c6e60ed2acfb5daa2342b79e40c525b1fa92885, amount 50 BTC)
2024-05-23 11:04:22.109 [INF] MINR: Block submitted via CPU miner accepted (hash 5e1010c2970cec5c3e6e807781ef92d1dbfbe2e9fd2882e09562c3ff71544966, amount 50 BTC)
2024-05-23 11:04:22.109 [INF] MINR: Block submitted via CPU miner accepted (hash 1c57842121216fccca6c2ee31aa3586edc946907181e6b31498e4fd5f01be426, amount 50 BTC)
2024-05-23 11:04:22.113 [INF] MINR: Block submitted via CPU miner accepted (hash 613630689d74acec842df1701c47eb8718d363fa94449ffced44373b4e0e33ef, amount 50 BTC)
2024-05-23 11:04:22.113 [INF] MINR: Block submitted via CPU miner accepted (hash 01177d588a2db0ae11c2c4c1605edc937c2c3f8fc419aa2250e69078ab7ceba6, amount 50 BTC)
2024-05-23 11:04:22.113 [INF] MINR: Block submitted via CPU miner accepted (hash 5aad10ad7b6e1626cea41eaaacb9ad5398fe9e293a8da5e1a05f32c9b03da12f, amount 50 BTC)
2024-05-23 11:04:22.114 [INF] MINR: Block submitted via CPU miner accepted (hash 27a2052c1d9f42f2f5ee68621cba2b84abcb55021f12d10a61753aff1a03868c, amount 50 BTC)
2024-05-23 11:04:52.728 [INF] RPCS: New websocket client [::1]:50174
2024-05-23 11:04:52.729 [INF] RPCS: New websocket client [::1]:50175
2024-05-23 11:04:53.955 [ERR] RPCS: Websocket receive error from [::1]:50174: websocket: close 1006 unexpected EOF
2024-05-23 11:04:53.955 [ERR] RPCS: Websocket receive error from [::1]:50175: websocket: close 1006 unexpected EOF
2024-05-23 11:04:53.955 [INF] RPCS: Disconnected websocket client [::1]:50174
2024-05-23 11:04:53.955 [INF] RPCS: Disconnected websocket client [::1]:50175
2024-05-23 11:07:50.710 [INF] RPCS: New websocket client [::1]:50185
2024-05-23 11:07:50.711 [INF] RPCS: New websocket client [::1]:50186
2024-05-23 11:07:51.336 [ERR] RPCS: Websocket receive error from [::1]:50186: websocket: close 1006 unexpected EOF
2024-05-23 11:07:51.336 [INF] RPCS: Disconnected websocket client [::1]:50186
2024-05-23 11:07:51.336 [ERR] RPCS: Websocket receive error from [::1]:50185: websocket: close 1006 unexpected EOF
2024-05-23 11:07:51.336 [INF] RPCS: Disconnected websocket client [::1]:50185
2024-05-23 11:09:39.292 [INF] RPCS: New websocket client [::1]:50209
2024-05-23 11:09:39.293 [INF] RPCS: New websocket client [::1]:50210
2024-05-23 11:09:39.941 [ERR] RPCS: Websocket receive error from [::1]:50209: websocket: close 1006 unexpected EOF
2024-05-23 11:09:39.942 [ERR] RPCS: Websocket receive error from [::1]:50210: websocket: close 1006 unexpected EOF
2024-05-23 11:09:39.942 [INF] RPCS: Disconnected websocket client [::1]:50209
2024-05-23 11:09:39.942 [INF] RPCS: Disconnected websocket client [::1]:50210
2024-05-23 11:11:29.344 [INF] RPCS: New websocket client [::1]:50216
2024-05-23 11:11:29.345 [INF] RPCS: New websocket client [::1]:50217
2024-05-23 11:11:29.988 [ERR] RPCS: Websocket receive error from [::1]:50217: websocket: close 1006 unexpected EOF
2024-05-23 11:11:29.988 [ERR] RPCS: Websocket receive error from [::1]:50216: websocket: close 1006 unexpected EOF
2024-05-23 11:11:29.988 [INF] RPCS: Disconnected websocket client [::1]:50216
2024-05-23 11:11:29.988 [INF] RPCS: Disconnected websocket client [::1]:50217
2024-05-23 11:11:57.750 [INF] RPCS: New websocket client [::1]:50221
2024-05-23 11:11:57.751 [INF] RPCS: New websocket client [::1]:50222
2024-05-23 11:11:58.394 [ERR] RPCS: Websocket receive error from [::1]:50222: websocket: close 1006 unexpected EOF
2024-05-23 11:11:58.394 [ERR] RPCS: Websocket receive error from [::1]:50221: websocket: close 1006 unexpected EOF
2024-05-23 11:11:58.394 [INF] RPCS: Disconnected websocket client [::1]:50222
2024-05-23 11:11:58.394 [INF] RPCS: Disconnected websocket client [::1]:50221
2024-05-23 11:12:06.756 [INF] MINR: Block submitted via CPU miner accepted (hash 27f541ae82d8eb101afb676737fc9f9bf4ab0f3a827dcd291e829192c005a1ea, amount 50.00000144 BTC)
2024-05-23 11:12:06.756 [INF] MINR: Block submitted via CPU miner accepted (hash 391bba4a425ce598a02df48b302b37ab68139228f2885e43e296261032d1c815, amount 50 BTC)
2024-05-23 11:12:06.756 [INF] MINR: Block submitted via CPU miner accepted (hash 27ff59ed432618e5f187b8769fd00f56839cfa1eec9096a2b258064537fd8a37, amount 50 BTC)
2024-05-23 11:12:06.757 [INF] MINR: Block submitted via CPU miner accepted (hash 631bc23d3ac827eeafb2b1917d62909df77cdeeb01964e2f3c04ef23f5cb1c24, amount 50 BTC)
2024-05-23 11:12:06.757 [INF] MINR: Block submitted via CPU miner accepted (hash 57661485a55e17d2769200fd21d574dc3f4e644faa89fd1279d60b2c9a960383, amount 50 BTC)
2024-05-23 11:12:06.757 [INF] MINR: Block submitted via CPU miner accepted (hash 1c44f57f83c707ecef4e9dc353f96004bf804b31120f27526ac430e792568814, amount 50 BTC)
2024-05-23 11:12:06.757 [INF] MINR: Block submitted via CPU miner accepted (hash 2251ca8658a1e728b30ca893d3d0f56590352b43b2be15f2ff2d9c192391950a, amount 50 BTC)
2024-05-23 11:12:06.757 [INF] MINR: Block submitted via CPU miner accepted (hash 679188bb0d686138d514c6d56ed6b0db8db1e32f9c1e7ee2f24fc19133507356, amount 50 BTC)
2024-05-23 11:12:06.757 [INF] MINR: Block submitted via CPU miner accepted (hash 4cfa5744958ee618dc318c132563552b641875e0f31bfdef4b23ddfdbfab7b49, amount 50 BTC)
2024-05-23 11:12:06.758 [INF] MINR: Block submitted via CPU miner accepted (hash 6d17bf3f3e2c8c9d254c6448a95641fc1dbb28e6a51cc0a3e3fe925b60839d0d, amount 50 BTC)
2024-05-23 11:12:06.758 [INF] MINR: Block submitted via CPU miner accepted (hash 4fb19a27562904c659ee56a607d03c797ee5399eac2bbc61bb8e73a0288036fc, amount 50 BTC)
2024-05-23 11:12:06.758 [INF] MINR: Block submitted via CPU miner accepted (hash 2af942be9c6cc480ea5268ddde8ee8cd1d624550c96dad8d63c40d682c6379bd, amount 50 BTC)
2024-05-23 11:12:06.758 [INF] MINR: Block submitted via CPU miner accepted (hash 0a8425334b43d28113f5feeb2aeb903869f0907ee3057d69b3e7a41db58ea159, amount 50 BTC)
2024-05-23 11:12:06.759 [INF] MINR: Block submitted via CPU miner accepted (hash 131f8490d24b83cd315a28514e01f3024cc08de4018e99d22f88cf42f6c7a88a, amount 50 BTC)
2024-05-23 11:12:06.759 [INF] MINR: Block submitted via CPU miner accepted (hash 533dc1adf2c67874b424eaa4070c4765116e918d400119a64ab6abfa525bb6e8, amount 50 BTC)
2024-05-23 11:12:06.763 [INF] MINR: Block submitted via CPU miner accepted (hash 67b54490c202021bb6815ec03860c36366a6f4abdc37b509fb75e1c7dc611b6b, amount 50 BTC)
2024-05-23 11:12:06.763 [INF] MINR: Block submitted via CPU miner accepted (hash 6e5213ef72856c72511479a8930b13532d62ddec22c24e078beac5421f1364ef, amount 50 BTC)
2024-05-23 11:12:06.763 [INF] MINR: Block submitted via CPU miner accepted (hash 3b310aaaf555d841d4b8e1ce4a31db444c0aa71a2c85a00c384ee3aa4b05ef63, amount 50 BTC)
2024-05-23 11:12:06.769 [INF] MINR: Block submitted via CPU miner accepted (hash 39b1ba02da15d65ec40944e5464e8e19ebf1d09d63a8c62ac6cce1955ea8c301, amount 50 BTC)
2024-05-23 11:12:06.769 [INF] MINR: Block submitted via CPU miner accepted (hash 14728c287797c49d23126da7873a7361b1b80a00cd22ff390a0041c2c9cebe62, amount 50 BTC)
2024-05-23 11:12:06.769 [INF] MINR: Block submitted via CPU miner accepted (hash 35ef054e95b58ac1ecc1cce7777def00048bd99ddf9e79b02de3bcd8693baa97, amount 50 BTC)
2024-05-23 11:12:06.770 [INF] MINR: Block submitted via CPU miner accepted (hash 189e82d9c8d146347e2c109d50a6f176356ead5fcc53e130b5101ac5deb81e0b, amount 50 BTC)
2024-05-23 11:12:06.770 [INF] MINR: Block submitted via CPU miner accepted (hash 1015487ddaafc7842f404d523d3adf851614abb62611fc79026b6dc32513e009, amount 50 BTC)
2024-05-23 11:12:06.770 [INF] MINR: Block submitted via CPU miner accepted (hash 5271469bff1b21581c3e5c2b8a3bcc8176fe8e38185042e6ba3756e3f1aebfbe, amount 50 BTC)
2024-05-23 11:12:06.770 [INF] MINR: Block submitted via CPU miner accepted (hash 2bae2fc7e93890d329e53b177e6ba9dd45d135c877b10e4360aa451b795c11b0, amount 50 BTC)
2024-05-23 11:12:06.770 [INF] MINR: Block submitted via CPU miner accepted (hash 0a03bc66c46fbf7a536bfcf947ac8fe8e7ccd36b9a97830bff408fccdb048010, amount 50 BTC)
2024-05-23 11:12:06.770 [INF] MINR: Block submitted via CPU miner accepted (hash 1d37c6fb6bf2448a0d04c4b08a95eec439f2a7b4cd66b760454850453408450d, amount 50 BTC)
2024-05-23 11:12:06.771 [INF] MINR: Block submitted via CPU miner accepted (hash 2316ccfa9cae02bd482838515935bd5c2b09de096f2b900df46301f821efeaeb, amount 50 BTC)
2024-05-23 11:12:06.771 [INF] MINR: Block submitted via CPU miner accepted (hash 0c06e1b4ff4d0047bd8b98de219e46713dfe2f6781378ad1f0af22dabd40fb81, amount 50 BTC)
2024-05-23 11:12:06.771 [INF] MINR: Block submitted via CPU miner accepted (hash 6128ef7bb63ea94fff3fc60c1423eee1d78279c10538ff0dc578e45871dc9cfa, amount 50 BTC)
2024-05-23 11:12:06.771 [INF] MINR: Block submitted via CPU miner accepted (hash 49332a28a8f22b0a7ae95730b479395bf3a23d9c10a0bb5afcfc8b4603dc3275, amount 50 BTC)
2024-05-23 11:12:06.772 [INF] MINR: Block submitted via CPU miner accepted (hash 1fbd02f2c8a82655bf72391fe6489ab36e52acd307887420df454afc0cbf3976, amount 50 BTC)
2024-05-23 11:12:06.772 [INF] MINR: Block submitted via CPU miner accepted (hash 584067c63de05d4162a4075258f8aa7c28d07d84d47f53766768f39a52cd361b, amount 50 BTC)
2024-05-23 11:12:06.772 [INF] MINR: Block submitted via CPU miner accepted (hash 13f1a46f44f0474c252a4e3fdac8c757376d93fd2c9bd795a5c27a60b7f5d9b8, amount 50 BTC)
2024-05-23 11:12:06.776 [INF] MINR: Block submitted via CPU miner accepted (hash 262b2e725eebcc9d9f3c77ef326b2696a9df4990a45abe8fd05e3990ca470ef5, amount 50 BTC)
2024-05-23 11:12:06.776 [INF] MINR: Block submitted via CPU miner accepted (hash 4376eeae4f3a1f46d52cfc40c6c6116ceaa4f7c94ff7488860778cc778a8ad86, amount 50 BTC)
2024-05-23 11:12:06.777 [INF] MINR: Block submitted via CPU miner accepted (hash 3ab92b806f7e07e220b83d6d5e0d1494bfeed31a07c51445347b9f38720fe1bb, amount 50 BTC)
2024-05-23 11:12:06.777 [INF] MINR: Block submitted via CPU miner accepted (hash 6b64a39563dda577475d782de13e917d92211cd45d0a72660e3dd91604520fdf, amount 50 BTC)
2024-05-23 11:12:06.777 [INF] MINR: Block submitted via CPU miner accepted (hash 4adb33f6c6726c39fae980c5782815ea85269054dce14cdf3c60834a57e72aae, amount 50 BTC)
2024-05-23 11:12:06.781 [INF] MINR: Block submitted via CPU miner accepted (hash 308fd3f5a6fca75f51979145c4ca7e7e9d59de77818ce73d0036fc25913919a3, amount 50 BTC)
2024-05-23 11:12:06.782 [INF] MINR: Block submitted via CPU miner accepted (hash 4453584ee1c368e478be52f32f1f0374242daa9e623349c9863b9603cc1619f9, amount 50 BTC)
2024-05-23 11:12:06.786 [INF] MINR: Block submitted via CPU miner accepted (hash 344a842fed0ce5e49dfc2bbacd1fc266a5856fd0fd180a1c134851d1ee6e98f2, amount 50 BTC)
2024-05-23 11:12:06.786 [INF] MINR: Block submitted via CPU miner accepted (hash 1898825fe36ebbc6bb7085e55a5d0d857338f1088eeff28bc97661ef99cb5d9b, amount 50 BTC)
2024-05-23 11:12:06.786 [INF] MINR: Block submitted via CPU miner accepted (hash 5a5f21c4e0ae044ac3d1cee34700d4d2b7454fc5e078bc8760818c20f515412a, amount 50 BTC)
2024-05-23 11:12:06.787 [INF] MINR: Block submitted via CPU miner accepted (hash 32b84900b6efa805a59e6c0627456efafd97f27364adc08cc808c86151c6f81e, amount 50 BTC)
2024-05-23 11:12:06.787 [INF] MINR: Block submitted via CPU miner accepted (hash 084ccb5f22e4db2bfc8b737dbbf47fab952c3886c203ae8dc25457efa3a16247, amount 50 BTC)
2024-05-23 11:12:06.787 [INF] MINR: Block submitted via CPU miner accepted (hash 70aa28efc765feec0b6c4c8b21da77fbc9e980f39e2a03ab002f564d3cf90f2c, amount 50 BTC)
2024-05-23 11:12:06.791 [INF] MINR: Block submitted via CPU miner accepted (hash 2f50d0bc2055e14174277371b0629d360ecc0b7d83ce0c607d4dd409a67a176b, amount 50 BTC)
2024-05-23 11:12:06.792 [INF] MINR: Block submitted via CPU miner accepted (hash 79e98c4076efbc8a07975c890df99b8701d9a237e2429d8343b2a1e833a591a6, amount 50 BTC)
2024-05-23 11:12:06.792 [INF] MINR: Block submitted via CPU miner accepted (hash 55153a59ce72e714ac99528725f6b0aea46a5d5d5361e440ca43c593f066f121, amount 50 BTC)
2024-05-23 11:12:06.792 [INF] MINR: Block submitted via CPU miner accepted (hash 3f2f45a32df6056d11861103e4601a04097e0fe2fa1de8e30ff292d32d72f2d0, amount 50 BTC)
2024-05-23 11:12:06.797 [INF] MINR: Block submitted via CPU miner accepted (hash 3e79fdae3ad44191a3fa059d71165bcddaef081b4ec1c3919eea6c81298b5d0e, amount 50 BTC)
2024-05-23 11:12:06.797 [INF] MINR: Block submitted via CPU miner accepted (hash 3f90c0b7b617a321f44bb4888fc44f1157c87c31c2fd7acdcc1170f1226c3843, amount 50 BTC)
2024-05-23 11:12:06.797 [INF] MINR: Block submitted via CPU miner accepted (hash 7e8518466f910cf8548029e0273ce29fa65009f8e9ca6030f0bfeff73698f465, amount 50 BTC)
2024-05-23 11:12:06.801 [INF] MINR: Block submitted via CPU miner accepted (hash 1fbafa8ba3c2a521f8f76db6a08cd84a5ee5408dd6478c0e52ea02e9ba9f5d25, amount 50 BTC)
2024-05-23 11:12:06.801 [INF] MINR: Block submitted via CPU miner accepted (hash 2b3406aff27c7df893747feae86024088435f1d45a54768fef1bd3449ea9020a, amount 50 BTC)
2024-05-23 11:12:06.801 [INF] MINR: Block submitted via CPU miner accepted (hash 2f265282c26768b8f98b92521de7c4ab63d0281f2158a6eb023744622a03199f, amount 50 BTC)
2024-05-23 11:12:06.802 [INF] MINR: Block submitted via CPU miner accepted (hash 08d649ef81d1229c06f1ce31a0b6f35e061a249b84fd16897cf175d4227fafb1, amount 50 BTC)
2024-05-23 11:12:06.808 [INF] MINR: Block submitted via CPU miner accepted (hash 1387c148987cd35f89630a438689a06645ebc95ca1f38decf56b53aeb6713225, amount 50 BTC)
2024-05-23 11:12:06.818 [INF] MINR: Block submitted via CPU miner accepted (hash 33bfd34666bff52418cb022ab9d3f03466ac1bf222ef89cfcdca2100e8516de0, amount 50 BTC)
2024-05-23 11:12:06.818 [INF] MINR: Block submitted via CPU miner accepted (hash 62d41b9d161b0de6c1271c5afed5be159d29d1d56451f60a8b17a8840b541a04, amount 50 BTC)
2024-05-23 11:12:06.823 [INF] MINR: Block submitted via CPU miner accepted (hash 724c90389f686190b997df0e7c7b3c77c64b221e2b8dd6216a956ce407ddc600, amount 50 BTC)
2024-05-23 11:12:06.823 [INF] MINR: Block submitted via CPU miner accepted (hash 6e7e7d27491d9e96262953c836f3170f12c672f8ab8d68d7094d59ee036f2e47, amount 50 BTC)
2024-05-23 11:12:06.823 [INF] MINR: Block submitted via CPU miner accepted (hash 00bf439c78c6719044681b40b38464ef253ee794dd1216348641e525662a65c3, amount 50 BTC)
2024-05-23 11:12:06.827 [INF] MINR: Block submitted via CPU miner accepted (hash 49e9f9a95e7363622c9719746bfbc3bef7bfd9746018c5536335163abc736065, amount 50 BTC)
2024-05-23 11:12:06.827 [INF] MINR: Block submitted via CPU miner accepted (hash 2eca326a1d348704c2fb98c5c50ddd75ed23427b86027b5da2c8152452ef76c2, amount 50 BTC)
2024-05-23 11:12:06.828 [INF] MINR: Block submitted via CPU miner accepted (hash 11481b1169911e32bb2aac200016da8b5fc141733c1967425d4976464377c14e, amount 50 BTC)
2024-05-23 11:12:06.828 [INF] MINR: Block submitted via CPU miner accepted (hash 265728a4ae9662a7f4c9ff5417ab20a2f90c07662585945b2c3ee1b0520fffee, amount 50 BTC)
2024-05-23 11:12:06.828 [INF] MINR: Block submitted via CPU miner accepted (hash 6a02c67621e7a33bca8d5e62d39c8e43de3151554af84e69e9bc6003e61df46d, amount 50 BTC)
2024-05-23 11:12:06.832 [INF] MINR: Block submitted via CPU miner accepted (hash 4439bf6f0154510b9cf0f7e1cdb10483323fbb36a4954e07a9250f49603e6208, amount 50 BTC)
2024-05-23 11:12:06.832 [INF] MINR: Block submitted via CPU miner accepted (hash 2af2ac8dd400c3eeb9e3c0c2980108e94c7ee6ca40702c423ed98ed1e1b42dc4, amount 50 BTC)
2024-05-23 11:12:06.832 [INF] MINR: Block submitted via CPU miner accepted (hash 1e0eee0e25c932fe0442fb27a6ffe69734ae11a0b3dc9791a0ebb3cb7365c2fe, amount 50 BTC)
2024-05-23 11:12:06.832 [INF] MINR: Block submitted via CPU miner accepted (hash 61b631574a188c4cbb046ec99657407dae71cb3c1fdb579b24dd49b261c15966, amount 50 BTC)
2024-05-23 11:12:06.833 [INF] MINR: Block submitted via CPU miner accepted (hash 23137ba2501bdeec877d21038645e62d7d985759c055866bcc4160cdfa8cde37, amount 50 BTC)
2024-05-23 11:12:06.833 [INF] MINR: Block submitted via CPU miner accepted (hash 040ac1156dadec678a561404088b4ee878c6b49e8cb9f5aebf817e49102e38a6, amount 50 BTC)
2024-05-23 11:12:06.833 [INF] MINR: Block submitted via CPU miner accepted (hash 78589dd6b8b9cfa83d8dd6995b80dba6d473ef10fce5a0352e7a23ce27fb9998, amount 50 BTC)
2024-05-23 11:12:06.833 [INF] MINR: Block submitted via CPU miner accepted (hash 31123bea363bc568a42144bdd009e27142e3ac4c2b9bd6a8dc5df71346e9dad4, amount 50 BTC)
2024-05-23 11:12:06.833 [INF] MINR: Block submitted via CPU miner accepted (hash 5f9ac10aec00ce3398e0979042e1a2011b2691e1d2d8591c5cde8754257a0f5c, amount 50 BTC)
2024-05-23 11:12:06.839 [INF] MINR: Block submitted via CPU miner accepted (hash 61ecafe4c3385f33d807b5c13c6061894b214d1625ceb1aff21e5e3cd25eaf35, amount 50 BTC)
2024-05-23 11:12:06.839 [INF] MINR: Block submitted via CPU miner accepted (hash 7ef50b96ba18323b7c1297663039a165fede7a3ffd7e16ae63f832c05f1aff43, amount 50 BTC)
2024-05-23 11:12:06.839 [INF] MINR: Block submitted via CPU miner accepted (hash 7de11fd5d34dfde6df8d5355ecacb88f601048aa31249582ba4ecbe44d12893a, amount 50 BTC)
2024-05-23 11:12:06.842 [INF] MINR: Block submitted via CPU miner accepted (hash 3edc47a6b0567f8048d5b28c0a12e0aa05b2b92d5d3340ce937376ea05441498, amount 50 BTC)
2024-05-23 11:12:06.844 [INF] MINR: Block submitted via CPU miner accepted (hash 013cbeebb68acf2dd7c952b31d4712e729c745ff1a1e61af88ec8cddfd817f7d, amount 50 BTC)
2024-05-23 11:12:06.844 [INF] MINR: Block submitted via CPU miner accepted (hash 5c759e5b580729780ed2e0e3d2175d6d6950cf95f28ba579d424a2196a89072a, amount 50 BTC)
2024-05-23 11:12:06.848 [INF] MINR: Block submitted via CPU miner accepted (hash 768b1d7c90c35b8f52ab0397a9413e05f9d8c686282acb088b8f351c873f23bd, amount 50 BTC)
2024-05-23 11:12:06.848 [INF] MINR: Block submitted via CPU miner accepted (hash 70a8476221bae549b40df05cccee546574d646b52016c1cb8464fc4f76e6f379, amount 50 BTC)
2024-05-23 11:12:06.849 [INF] MINR: Block submitted via CPU miner accepted (hash 5bc08af281f250ce8c9e4d9e0042699b23ddbec5433b152ee8c178b6d9d78323, amount 50 BTC)
2024-05-23 11:12:06.849 [INF] MINR: Block submitted via CPU miner accepted (hash 0b80ecbdbfe7dbd1a58baa535b8713b47ea4f8089e070623d718a5d3f37cf471, amount 50 BTC)
2024-05-23 11:12:06.849 [INF] MINR: Block submitted via CPU miner accepted (hash 5cb72e7a2ed1259ab7e7f6aeb1238da377c7418e686181d3fe8efcf663b88459, amount 50 BTC)
2024-05-23 11:12:06.853 [INF] MINR: Block submitted via CPU miner accepted (hash 0d3c8e92e6b694046ba2d07c0a417bd73c4edbcea6ab91e7994d3ead3c2c84ab, amount 50 BTC)
2024-05-23 11:12:06.853 [INF] MINR: Block submitted via CPU miner accepted (hash 5e31f392226574d827ec143592fb94a283fccd3888aaf4ad825646a46cfc8a8a, amount 50 BTC)
2024-05-23 11:12:06.853 [INF] MINR: Block submitted via CPU miner accepted (hash 706e3bdc92bdc1d4042fff65d705d7c32947b5349a2270cb847cd4805b7ea89e, amount 50 BTC)
2024-05-23 11:12:06.853 [INF] MINR: Block submitted via CPU miner accepted (hash 766eff6e37fed822d6a16783b03ea3debe42391fc4ee371bf1fdd76f1ffdeddb, amount 50 BTC)
2024-05-23 11:12:06.854 [INF] MINR: Block submitted via CPU miner accepted (hash 2e3600f7a808a532faabaa57f614f8c1d50e72ebafec947a766267d1a1bf86ab, amount 50 BTC)
2024-05-23 11:12:06.854 [INF] MINR: Block submitted via CPU miner accepted (hash 36c26e31e636d3a87b81becf7237d6035539ac0f8d3367d841aeecbea92fc49c, amount 50 BTC)
2024-05-23 11:12:06.854 [INF] MINR: Block submitted via CPU miner accepted (hash 098cfb993097f98c98cf3eb759e92050275005d19bee2eeb1a4b28ecd0a5406f, amount 50 BTC)
2024-05-23 11:12:06.854 [INF] MINR: Block submitted via CPU miner accepted (hash 61600575b2d8a71592ebe2978b5515b700ef793159ac1ed652a9b3a4d20a4ca7, amount 50 BTC)
2024-05-23 11:12:06.854 [INF] MINR: Block submitted via CPU miner accepted (hash 5344a13541bc0a8aa830cabe6e2b1e10c7ecfb214d64de1de1e87599527a23ed, amount 50 BTC)
2024-05-23 11:12:06.859 [INF] MINR: Block submitted via CPU miner accepted (hash 43f3d32cc930e3a94f9d822e37dff3e44e8f15ae44822bee850c943b4a794358, amount 50 BTC)
2024-05-23 11:12:06.860 [INF] MINR: Block submitted via CPU miner accepted (hash 1ca8e29ea9c535c9e3fdb233af2304567e94c05b273ac946a990e2a3cfd3c1e8, amount 50 BTC)
2024-05-23 11:12:22.992 [INF] RPCS: New websocket client [::1]:50229
2024-05-23 11:12:22.993 [INF] RPCS: New websocket client [::1]:50230
2024-05-23 11:12:23.638 [ERR] RPCS: Websocket receive error from [::1]:50229: websocket: close 1006 unexpected EOF
2024-05-23 11:12:23.638 [ERR] RPCS: Websocket receive error from [::1]:50230: websocket: close 1006 unexpected EOF
2024-05-23 11:12:23.638 [INF] RPCS: Disconnected websocket client [::1]:50229
2024-05-23 11:12:23.638 [INF] RPCS: Disconnected websocket client [::1]:50230
2024-05-23 11:13:13.262 [INF] RPCS: New websocket client [::1]:50234
2024-05-23 11:13:13.263 [INF] RPCS: New websocket client [::1]:50235
2024-05-23 11:13:13.902 [ERR] RPCS: Websocket receive error from [::1]:50235: websocket: close 1006 unexpected EOF
2024-05-23 11:13:13.902 [ERR] RPCS: Websocket receive error from [::1]:50234: websocket: close 1006 unexpected EOF
2024-05-23 11:13:13.902 [INF] RPCS: Disconnected websocket client [::1]:50235
2024-05-23 11:13:13.902 [INF] RPCS: Disconnected websocket client [::1]:50234
2024-05-23 11:15:48.499 [INF] BTCD: Received signal (interrupt).  Shutting down...
2024-05-23 11:15:48.499 [INF] BTCD: Gracefully shutting down the server...
2024-05-23 11:15:48.499 [WRN] SRVR: Server shutting down
2024-05-23 11:15:48.499 [WRN] RPCS: RPC server shutting down
2024-05-23 11:15:48.499 [ERR] RPCS: Websocket receive error from [::1]:50145: read tcp6 [::1]:18556->[::1]:50145: use of closed network connection
2024-05-23 11:15:48.499 [INF] RPCS: RPC server shutdown complete
2024-05-23 11:15:48.499 [INF] RPCS: Disconnected websocket client [::1]:50145
2024-05-23 11:15:48.500 [INF] SYNC: Sync manager shutting down
2024-05-23 11:15:48.500 [INF] CHAN: Flushing UTXO cache of 97 MiB with 402 entries to disk. For large sizes, this can take up to several minutes...
2024-05-23 11:15:48.550 [INF] AMGR: Address manager shutting down
2024-05-23 11:15:48.550 [INF] SRVR: Server shutdown complete
2024-05-23 11:15:48.550 [INF] BTCD: Gracefully shutting down the database...
2024-05-23 11:15:48.569 [INF] BTCD: Shutdown complete
2024-05-23 11:15:56.299 [INF] BTCD: Version 0.24.2-betarc1
2024-05-23 11:15:56.299 [INF] BTCD: Loading block database from 'simnet/btcd/simnet/blocks_ffldb'
2024-05-23 11:15:56.330 [INF] BTCD: Block database loaded
2024-05-23 11:15:56.333 [INF] INDX: Transaction index is enabled
2024-05-23 11:15:56.333 [INF] INDX: Committed filter index is enabled
2024-05-23 11:15:56.333 [INF] CHAN: Pre-alloacting for 251 MiB: 
2024-05-23 11:15:56.342 [INF] CHAN: Loading block index...
2024-05-23 11:15:56.346 [INF] CHAN: Chain state (height 504, hash 1ca8e29ea9c535c9e3fdb233af2304567e94c05b273ac946a990e2a3cfd3c1e8, totaltx 507, work 1010)
2024-05-23 11:15:56.347 [INF] AMGR: Loaded 0 addresses from file 'simnet/btcd/simnet/peers.json'
2024-05-23 11:15:56.347 [INF] RPCS: RPC server listening on [::1]:18556
2024-05-23 11:15:56.347 [INF] RPCS: RPC server listening on 127.0.0.1:18556
2024-05-23 11:15:56.347 [INF] CMGR: Server listening on 0.0.0.0:18555
2024-05-23 11:15:56.347 [INF] CMGR: Server listening on [::]:18555
2024-05-23 11:16:03.508 [INF] RPCS: New websocket client [::1]:50259
2024-05-23 11:16:03.565 [INF] RPCS: Beginning rescan for 4 addresses
2024-05-23 11:16:03.566 [INF] RPCS: Finished rescan
2024-05-23 11:16:48.164 [INF] BTCD: Received signal (interrupt).  Shutting down...
2024-05-23 11:16:48.164 [INF] BTCD: Gracefully shutting down the server...
2024-05-23 11:16:48.164 [WRN] SRVR: Server shutting down
2024-05-23 11:16:48.164 [WRN] RPCS: RPC server shutting down
2024-05-23 11:16:48.165 [ERR] RPCS: Websocket receive error from [::1]:50259: read tcp6 [::1]:18556->[::1]:50259: use of closed network connection
2024-05-23 11:16:48.165 [INF] RPCS: Disconnected websocket client [::1]:50259
2024-05-23 11:16:48.165 [INF] RPCS: RPC server shutdown complete
2024-05-23 11:16:48.165 [INF] SYNC: Sync manager shutting down
2024-05-23 11:16:48.165 [INF] CHAN: Flushing UTXO cache of 97 MiB with 0 entries to disk. For large sizes, this can take up to several minutes...
2024-05-23 11:16:48.165 [INF] AMGR: Address manager shutting down
2024-05-23 11:16:48.165 [INF] SRVR: Server shutdown complete
2024-05-23 11:16:48.165 [INF] BTCD: Gracefully shutting down the database...
2024-05-23 11:16:48.175 [INF] BTCD: Shutdown complete
2024-05-23 11:16:54.884 [INF] BTCD: Version 0.24.2-betarc1
2024-05-23 11:16:54.885 [INF] BTCD: Loading block database from 'simnet/btcd/simnet/blocks_ffldb'
2024-05-23 11:16:54.912 [INF] BTCD: Block database loaded
2024-05-23 11:16:54.913 [INF] INDX: Transaction index is enabled
2024-05-23 11:16:54.913 [INF] INDX: Committed filter index is enabled
2024-05-23 11:16:54.913 [INF] CHAN: Pre-alloacting for 251 MiB: 
2024-05-23 11:16:54.919 [INF] CHAN: Loading block index...
2024-05-23 11:16:54.923 [INF] CHAN: Chain state (height 504, hash 1ca8e29ea9c535c9e3fdb233af2304567e94c05b273ac946a990e2a3cfd3c1e8, totaltx 507, work 1010)
2024-05-23 11:16:54.923 [INF] AMGR: Loaded 0 addresses from file 'simnet/btcd/simnet/peers.json'
2024-05-23 11:16:54.923 [INF] RPCS: RPC server listening on 127.0.0.1:18556
2024-05-23 11:16:54.923 [INF] RPCS: RPC server listening on [::1]:18556
2024-05-23 11:16:54.924 [INF] CMGR: Server listening on 0.0.0.0:18555
2024-05-23 11:16:54.924 [INF] CMGR: Server listening on [::]:18555
2024-05-23 11:17:03.173 [INF] RPCS: New websocket client [::1]:50269
2024-05-23 11:17:03.238 [INF] RPCS: Beginning rescan for 5 addresses
2024-05-23 11:17:03.238 [INF] RPCS: Finished rescan
2024-05-23 11:17:16.328 [INF] MINR: Block submitted via CPU miner accepted (hash 1e4b4786553230d9065675252a3dba3565060541d9f82552ee4d4e2f16c26d5f, amount 50 BTC)
2024-05-23 11:17:16.329 [INF] MINR: Block submitted via CPU miner accepted (hash 4849c65d2e1f6c61bd0aa1fae1947f38258f86c4ab495159b53db5e915343134, amount 50 BTC)
2024-05-23 11:17:16.329 [INF] MINR: Block submitted via CPU miner accepted (hash 60edb0fa49ffa9249798dfe0238f5581effcf5f9e1c2661d8acdb136406496e3, amount 50 BTC)
2024-05-23 11:17:16.329 [INF] MINR: Block submitted via CPU miner accepted (hash 25acd960803f8857619a2c485890689496e40b97c2ba3a3e19b50d4e721b3e80, amount 50 BTC)
2024-05-23 11:17:16.329 [INF] MINR: Block submitted via CPU miner accepted (hash 042fada4d448ce5facbdb2b61a5a625dc96ec45a23249f7d652c45d514d69fc6, amount 50 BTC)
2024-05-23 11:17:16.330 [INF] MINR: Block submitted via CPU miner accepted (hash 0980fe47bbbe7f91811d63ccc1db4ef719417c764aa00f5c47ad7b394ed305d6, amount 50 BTC)
2024-05-23 11:17:16.330 [INF] MINR: Block submitted via CPU miner accepted (hash 79fd43e780b725adf8cb1a85b250d0d4550e92f35db880e742da79af77beac5d, amount 50 BTC)
2024-05-23 11:17:16.330 [INF] MINR: Block submitted via CPU miner accepted (hash 164407a873bdff438eb6f2b51029a0f5da302e55e96e747f75c8391602646104, amount 50 BTC)
2024-05-23 11:17:16.330 [INF] MINR: Block submitted via CPU miner accepted (hash 251347fc146ca905789a106ae12efc55a8465aae935ea42baf274e301d7f4082, amount 50 BTC)
2024-05-23 11:17:16.331 [INF] MINR: Block submitted via CPU miner accepted (hash 0f42450dd010191fdec253dc88de4f37ddf4679d9e8dfa2387d6de629d114d3b, amount 50 BTC)
2024-05-23 11:17:16.331 [INF] MINR: Block submitted via CPU miner accepted (hash 5c521805ac8ec7a8b09dd0bac950a534e924894f888900b563e3d3a4f9b14711, amount 50 BTC)
2024-05-23 11:17:16.331 [INF] MINR: Block submitted via CPU miner accepted (hash 2c0ab3fb2890fb933de2fb6278588762d96afab914451acd6c1d6cb71b6d1a05, amount 50 BTC)
2024-05-23 11:17:16.331 [INF] MINR: Block submitted via CPU miner accepted (hash 6a61fc5fb1f5b6be8872cc7356d0b5e1fe5bcf561485e233a7ca6b3c28c0a8a2, amount 50 BTC)
2024-05-23 11:17:16.331 [INF] MINR: Block submitted via CPU miner accepted (hash 6dc572ea97eb7ac5a8bc139bacd7c15e382e768c3cfcbbee34acad0aae6a086e, amount 50 BTC)
2024-05-23 11:17:16.332 [INF] MINR: Block submitted via CPU miner accepted (hash 6e3737f062db8a37a7d92884b4ce11225d0ab817d40170af44c1077b9f8a658d, amount 50 BTC)
2024-05-23 11:17:16.333 [INF] MINR: Block submitted via CPU miner accepted (hash 7b26d052c856ec2182e030eeb570fe656480cb60091689f46ffa93bfda44a37e, amount 50 BTC)
2024-05-23 11:17:16.333 [INF] MINR: Block submitted via CPU miner accepted (hash 1a90285b4b2356b02a761cfd2bfea9f57f5213c39280eae847a632ed24a4743a, amount 50 BTC)
2024-05-23 11:17:16.334 [INF] MINR: Block submitted via CPU miner accepted (hash 0099bf4908da56fec6f71ba343cd5b2e9436258d13406c221010a2b3ab98e922, amount 50 BTC)
2024-05-23 11:17:16.334 [INF] MINR: Block submitted via CPU miner accepted (hash 6ca9767be1db83ce3583c57ab774444246261be0c618684b042ff94ed8a6b94d, amount 50 BTC)
2024-05-23 11:17:16.340 [INF] MINR: Block submitted via CPU miner accepted (hash 441095b56755b9b2c7f22af5801d0004e88679c5383bf161e5f9fdaf6cda17f6, amount 50 BTC)
2024-05-23 11:17:16.344 [INF] MINR: Block submitted via CPU miner accepted (hash 55d4624abe08620f8693eb95442d789c485e88f322b5994ea2727b9cdb25af2a, amount 50 BTC)
2024-05-23 11:17:16.344 [INF] MINR: Block submitted via CPU miner accepted (hash 42dbbc09e2ea07c9e507be6baa127b3a12406785a673134914e3d0e71906bfee, amount 50 BTC)
2024-05-23 11:17:16.344 [INF] MINR: Block submitted via CPU miner accepted (hash 6f62efd16386336f31839280d54d3a24dbe1c466b1f0138f624b1a3844cf847f, amount 50 BTC)
2024-05-23 11:17:16.345 [INF] MINR: Block submitted via CPU miner accepted (hash 701dab0b157381d878996e1a19ca9d06a84050cbcbdb51650984b97b2f60f87f, amount 50 BTC)
2024-05-23 11:17:16.349 [INF] MINR: Block submitted via CPU miner accepted (hash 0b69ef54c47fd5754197b0d95a2a3e5f105d3b4c59cd2d93450e14fd8f8e6ca4, amount 50 BTC)
2024-05-23 11:17:16.350 [INF] MINR: Block submitted via CPU miner accepted (hash 1b2126e6f086ec02da16f7d7984b7d16f9a94b65bb492bac8e04b58898494364, amount 50 BTC)
2024-05-23 11:17:16.350 [INF] MINR: Block submitted via CPU miner accepted (hash 2ea040d93edb42f34f8dcf5cc52082cc5d54bab8f662d1c67c5ccd38a10ba1ee, amount 50 BTC)
2024-05-23 11:17:16.354 [INF] MINR: Block submitted via CPU miner accepted (hash 7b15562bb1fd3b0b6e7a04a59fbce09cf876ac293d754b4c961d10afd4de9ad6, amount 50 BTC)
2024-05-23 11:17:16.354 [INF] MINR: Block submitted via CPU miner accepted (hash 56586d5efa003a938fec286ba51cfca1205aa5ceb6f317ce0c4a8c528a09656a, amount 50 BTC)
2024-05-23 11:17:16.354 [INF] MINR: Block submitted via CPU miner accepted (hash 07adfc4c800fd355a6ff4b58cf918c86a04956f4b0c13f2ed5424e8245ed2da4, amount 50 BTC)
2024-05-23 11:17:16.355 [INF] MINR: Block submitted via CPU miner accepted (hash 574d69851f7e1da8876c16a2d6596f7c02096f88df93e90bc03d78d28985dba9, amount 50 BTC)
2024-05-23 11:17:16.355 [INF] MINR: Block submitted via CPU miner accepted (hash 250b6a8034b170a09b949b97a3c98816252a21211dc8bfdeb28eb897e9093fcf, amount 50 BTC)
2024-05-23 11:17:16.355 [INF] MINR: Block submitted via CPU miner accepted (hash 424209a82b22e19cfa60bdf7db193beaa2a09babcc25e8ab53ec7b1d585bf727, amount 50 BTC)
2024-05-23 11:17:16.355 [INF] MINR: Block submitted via CPU miner accepted (hash 4a9404a91eae94b1713574b9bdf88b9eaaacfb2b47ebacd0ee1ae585b4a80028, amount 50 BTC)
2024-05-23 11:17:16.356 [INF] MINR: Block submitted via CPU miner accepted (hash 76d143cb6cb479de4b6a7a979ad76416d166395c99d5cdeab94a122aaf8f12bc, amount 50 BTC)
2024-05-23 11:17:16.356 [INF] MINR: Block submitted via CPU miner accepted (hash 4f59bc682eba0afc864b13e6c574500e10a4067f9b14f85109a7a7e057a72660, amount 50 BTC)
2024-05-23 11:17:16.356 [INF] MINR: Block submitted via CPU miner accepted (hash 0f2509cde3d223dc7e0777b669eef9b3e11901004f896dc9f5a5fe943647ab61, amount 50 BTC)
2024-05-23 11:17:16.359 [INF] MINR: Block submitted via CPU miner accepted (hash 6919d26ce44b8b2e9d274f851e3d153f6e20b26e191f5852fbd14385e02f5c31, amount 50 BTC)
2024-05-23 11:17:16.360 [INF] MINR: Block submitted via CPU miner accepted (hash 3448c30d962742dc5c9dd2f1966aef861e7a8587a9c8933b5fce96d42405de86, amount 50 BTC)
2024-05-23 11:17:16.360 [INF] MINR: Block submitted via CPU miner accepted (hash 7e95d3fefbd13ec7e12b363222e606b7ea3fe6ec8e98f28efd925899b683b440, amount 50 BTC)
2024-05-23 11:17:16.364 [INF] MINR: Block submitted via CPU miner accepted (hash 1d18a699b3f3f2bbc272c742e7bd9d1dc6f44ca7365988e0166df48c59a1ac9e, amount 50 BTC)
2024-05-23 11:17:16.364 [INF] MINR: Block submitted via CPU miner accepted (hash 36190a73d0e22ece97898bde5a7a223d12d141c141f41539c06ba59c5f4a8055, amount 50 BTC)
2024-05-23 11:17:16.364 [INF] MINR: Block submitted via CPU miner accepted (hash 352a5c5913ff95b3be1ca2bbbb1e42295245132321c6402a1e4bb3764e0b36ef, amount 50 BTC)
2024-05-23 11:17:16.369 [INF] MINR: Block submitted via CPU miner accepted (hash 0e97b995ff476d85b371122d34ea8bbeb3abf44d58638061f26e6a6ce81f96f1, amount 50 BTC)
2024-05-23 11:17:16.369 [INF] MINR: Block submitted via CPU miner accepted (hash 673ec6fb37671a96a1dbf6181399890aea12f23288ab00a91a6e1d90a3952ae6, amount 50 BTC)
2024-05-23 11:17:16.369 [INF] MINR: Block submitted via CPU miner accepted (hash 69f85a6a35f1df306f58463f7d343dd76b93a30c50cb67431fa9a598da9cf000, amount 50 BTC)
2024-05-23 11:17:16.375 [INF] MINR: Block submitted via CPU miner accepted (hash 7c348c8d81400e6e3e17f19368ee4222e2c5124615a90be80e892ecd0d47009f, amount 50 BTC)
2024-05-23 11:17:16.375 [INF] MINR: Block submitted via CPU miner accepted (hash 3ec74b0f5c126319873f2859ce4ddf477697b16e903da089eda96fe9fdfd5c05, amount 50 BTC)
2024-05-23 11:17:16.386 [INF] MINR: Block submitted via CPU miner accepted (hash 633f25aa9141a5f62ae21022aad6758078b6979e794c770286d9405cdfd9b6f7, amount 50 BTC)
2024-05-23 11:17:16.390 [INF] MINR: Block submitted via CPU miner accepted (hash 6620168af464d647bc22a62b9cfdea616e78cd7664d8a50a7183be22626c7e5c, amount 50 BTC)
2024-05-23 11:17:16.390 [INF] MINR: Block submitted via CPU miner accepted (hash 6306f19678de456e75182b82dacfcf0bc872624261222579439017a878da848d, amount 50 BTC)
2024-05-23 11:17:16.395 [INF] MINR: Block submitted via CPU miner accepted (hash 04a1df74feeeca19116211e6baa729375f2c857c18f9ab2b49f62eeced24c894, amount 50 BTC)
2024-05-23 11:17:16.395 [INF] MINR: Block submitted via CPU miner accepted (hash 7947785bfadcd0ae9dc3c768625db51a3b773d41bc1a164ac70190f8b3d0d04a, amount 50 BTC)
2024-05-23 11:17:16.395 [INF] MINR: Block submitted via CPU miner accepted (hash 17d8bbf5b155c0480fc6d25bff893f484f3fa99038644e91128cfdc9ac2d54e0, amount 50 BTC)
2024-05-23 11:17:16.399 [INF] MINR: Block submitted via CPU miner accepted (hash 29e42c9e9452444a21b71540cbbf524f6884758232bcdea7b200044ebadf3b40, amount 50 BTC)
2024-05-23 11:17:16.399 [INF] MINR: Block submitted via CPU miner accepted (hash 33997921ba954b1269ee58ba4f5652b3f203b13d0aa3f7401642b9a3a478cce2, amount 50 BTC)
2024-05-23 11:17:16.400 [INF] MINR: Block submitted via CPU miner accepted (hash 7b075fb6ead109e2cf30c8022ecb6757952b64dd661a3922bbf7d438f208aa0a, amount 50 BTC)
2024-05-23 11:17:16.400 [INF] MINR: Block submitted via CPU miner accepted (hash 308f8f037579dd4e57bca7f03bde6bd75d9cde63b9cdc5cf3607e8c3ec7382a4, amount 50 BTC)
2024-05-23 11:17:16.405 [INF] MINR: Block submitted via CPU miner accepted (hash 45ff07aa15c159980de5738765f175d86f5ca3b888004ff86ae0c1d0e3ca10c9, amount 50 BTC)
2024-05-23 11:17:16.405 [INF] MINR: Block submitted via CPU miner accepted (hash 7b94b74054ce5b9d12f396dd318dc9c4f350a1c8ea12317efe8f1a03a24fa288, amount 50 BTC)
2024-05-23 11:17:16.405 [INF] MINR: Block submitted via CPU miner accepted (hash 7436001bc00887ac5b1c583659c92c351010358058e06bc3a365678f78f698e6, amount 50 BTC)
2024-05-23 11:17:16.405 [INF] MINR: Block submitted via CPU miner accepted (hash 71f3fd642f90f3b0a88f5426b24538d78513661076bb5f292db423af765a1642, amount 50 BTC)
2024-05-23 11:17:16.405 [INF] MINR: Block submitted via CPU miner accepted (hash 12a93180d70a19fa328546cf3bdb5f959a76be2509a8c6e4394e730b8323e111, amount 50 BTC)
2024-05-23 11:17:16.406 [INF] MINR: Block submitted via CPU miner accepted (hash 3bd968972639107ffd47c623bbe49835a308e3805093723fc7543066c2f033c8, amount 50 BTC)
2024-05-23 11:17:16.406 [INF] MINR: Block submitted via CPU miner accepted (hash 261c77b92f401e7560f38aa34943b73ce6a25a4cab21d30e438896b8d29e6920, amount 50 BTC)
2024-05-23 11:17:16.406 [INF] MINR: Block submitted via CPU miner accepted (hash 3318aa2f2a50232e6d2b42e3a01a89bef54d86b244c9e84c6381f858fd4e54b1, amount 50 BTC)
2024-05-23 11:17:16.406 [INF] MINR: Block submitted via CPU miner accepted (hash 1cbb8861590aaf035d1ed5b156d11f7b13b4ca5ae4c298306f175ef47b1a9f18, amount 50 BTC)
2024-05-23 11:17:16.411 [INF] MINR: Block submitted via CPU miner accepted (hash 46faccc79293afbec72b19459a7607879a2d197c85b9fec5bb9a9ae390596717, amount 50 BTC)
2024-05-23 11:17:16.411 [INF] MINR: Block submitted via CPU miner accepted (hash 1cb3bb722b544145ccb720d6d57b653d67da5bfe4d212cc15d708104935b3f69, amount 50 BTC)
2024-05-23 11:17:16.412 [INF] MINR: Block submitted via CPU miner accepted (hash 06210fd464e47722718972fc904b96ea12a5e6708cda098eb9e9260567f929f3, amount 50 BTC)
2024-05-23 11:17:16.412 [INF] MINR: Block submitted via CPU miner accepted (hash 34c481c0626e54aa4c7c00ced748ef1ecfc7c2b5a1ebfac1608ad5bdb946c6a9, amount 50 BTC)
2024-05-23 11:17:16.416 [INF] MINR: Block submitted via CPU miner accepted (hash 221c7c7af1381480a2c2d6c0725f9ff42cfc883b0bbb54075ac30cd19c4df31d, amount 50 BTC)
2024-05-23 11:17:16.416 [INF] MINR: Block submitted via CPU miner accepted (hash 3ba9832bcc03b21a47e4e46ec1b7aad9df3854caff2a759814f7286b9f84150e, amount 50 BTC)
2024-05-23 11:17:16.416 [INF] MINR: Block submitted via CPU miner accepted (hash 0df5a91f17e92b481fddcdcbb393ca71b66e30c1968d3f9b0ba9a52fad9a9d50, amount 50 BTC)
2024-05-23 11:17:16.417 [INF] MINR: Block submitted via CPU miner accepted (hash 247da55a7d124339ca32705ef0536134fe78ca897ae3135525e5aa4830398449, amount 50 BTC)
2024-05-23 11:17:16.420 [INF] MINR: Block submitted via CPU miner accepted (hash 0d8de1cd2656574bb18f18e395a8e163a8456870bc27f93a6c21dc397ae95fb3, amount 50 BTC)
2024-05-23 11:17:16.421 [INF] MINR: Block submitted via CPU miner accepted (hash 58dc032a5f8559cd1b7470e576e1f3f4686e08aca52c446a304796fa3dd64ba7, amount 50 BTC)
2024-05-23 11:17:16.425 [INF] MINR: Block submitted via CPU miner accepted (hash 31b32d7ae82f902c28b60280307d404592dc4d42d9da1b948410a344a0d97d27, amount 50 BTC)
2024-05-23 11:17:16.425 [INF] MINR: Block submitted via CPU miner accepted (hash 6f7f2b6ba3ab5f3ab98cddfed66f6b9802e1573715e766ee5f34326b57b69b99, amount 50 BTC)
2024-05-23 11:17:16.425 [INF] MINR: Block submitted via CPU miner accepted (hash 23791af8a70cad1488de8a115d55a319000ee6e2021de9c30638e1fe538642b4, amount 50 BTC)
2024-05-23 11:17:16.425 [INF] MINR: Block submitted via CPU miner accepted (hash 7f95080f64f9774afd9fb7e2f1e725dc84890fd43402723fa9ca02694bf2daf7, amount 50 BTC)
2024-05-23 11:17:16.426 [INF] MINR: Block submitted via CPU miner accepted (hash 795e2195a402a88b61bf62605eaca1ce60f6ef5ccc2075461438c73511a6b06c, amount 50 BTC)
2024-05-23 11:17:16.426 [INF] MINR: Block submitted via CPU miner accepted (hash 1f8bcf3b7d0383302fd3569107745ab3ebd5161ee595eacdbe5a58898bedd1c4, amount 50 BTC)
2024-05-23 11:17:16.426 [INF] MINR: Block submitted via CPU miner accepted (hash 5e57c2ba6ee0c0d718abc9f4a88c3deccf1cb71cc50c1a0ee7c59e3673b204f6, amount 50 BTC)
2024-05-23 11:17:16.426 [INF] MINR: Block submitted via CPU miner accepted (hash 31f9556d0ee4cd689b8c08355b0b82d93398cfdea40ca266c5e4cae711e8138d, amount 50 BTC)
2024-05-23 11:17:16.426 [INF] MINR: Block submitted via CPU miner accepted (hash 776e460c013fc6b090d09ae7bb0b525586e27871ef3323000c9087683777c1c5, amount 50 BTC)
2024-05-23 11:17:16.431 [INF] MINR: Block submitted via CPU miner accepted (hash 5608af9678052c6c97ed365dfba97ae05f4c686a9a85e5aff76d76bb5e375582, amount 50 BTC)
2024-05-23 11:17:16.431 [INF] MINR: Block submitted via CPU miner accepted (hash 1a0dc9770eae64c2d542ecf8dcb9d17afd6a1e29314bd3180a404e36bcf43b6c, amount 50 BTC)
2024-05-23 11:17:16.432 [INF] MINR: Block submitted via CPU miner accepted (hash 14f35ca9e2f79b594f12a5e1698b463b82218c9314790220f9ff5c779a57c273, amount 50 BTC)
2024-05-23 11:17:16.436 [INF] MINR: Block submitted via CPU miner accepted (hash 56a81e9e4222bc04a1c39550c9cafb57b91718962b86414858e3dfa5b6c21ac7, amount 50 BTC)
2024-05-23 11:17:16.436 [INF] MINR: Block submitted via CPU miner accepted (hash 2c165fa7d92087203148d342da3b640f02a9eb5804db5857242691207c300e59, amount 50 BTC)
2024-05-23 11:17:16.437 [INF] MINR: Block submitted via CPU miner accepted (hash 3bf67f5ed22c930cd4addb24dbf74c1139e2a762986d4db71fa5a2e2e56068e6, amount 50 BTC)
2024-05-23 11:17:16.437 [INF] MINR: Block submitted via CPU miner accepted (hash 5488eba2590344106f0aec548d48cef7fd5626f0ce9de3da782735d3bbc0e542, amount 50 BTC)
2024-05-23 11:17:16.440 [INF] MINR: Block submitted via CPU miner accepted (hash 5e898df6a0090412475e5bf41ac161007f54d679c2434105ebf89a2c08c32cff, amount 50 BTC)
2024-05-23 11:17:16.441 [INF] MINR: Block submitted via CPU miner accepted (hash 5be12f55b3ad63a3fb6e03d769bf01a2b7ff80918687a7e6ad594edeadc61499, amount 50 BTC)
2024-05-23 11:17:16.441 [INF] MINR: Block submitted via CPU miner accepted (hash 34c9c7ded674bef2b26d1fc4088103517cb7e559b3e8e05eb1727942d1b3bdab, amount 50 BTC)
2024-05-23 11:17:16.441 [INF] MINR: Block submitted via CPU miner accepted (hash 7578eee4a43cbd0cd5d66251cae8d93b9343d2a4518abb8f60a17c486adf16bb, amount 50 BTC)
2024-05-23 11:17:16.446 [INF] MINR: Block submitted via CPU miner accepted (hash 2018838a275b0b7b269ed03b780ff804da02b946eb0995aefe5068644269191f, amount 50 BTC)
2024-05-23 11:17:16.446 [INF] MINR: Block submitted via CPU miner accepted (hash 353a868158748f9528ea743f46a21de82ece5a9ce9da4e8aead20645267931cd, amount 50 BTC)
2024-05-23 11:17:16.446 [INF] MINR: Block submitted via CPU miner accepted (hash 1d11101d1cfea35e4e0375f6dff0e4cd77a61a19232e0b9e9c2a51a96f647444, amount 50 BTC)
2024-05-23 11:17:16.446 [INF] MINR: Block submitted via CPU miner accepted (hash 210249d0912a21e5c0faffecdb200951979d190be019bc256701b188ecd754d3, amount 50 BTC)
2024-05-23 11:17:16.446 [INF] MINR: Block submitted via CPU miner accepted (hash 27d52d2eafb24f82bc179a053d13fd56dbbea7fa84c504f3081975cee40e373b, amount 50 BTC)
2024-05-23 11:17:16.447 [INF] MINR: Block submitted via CPU miner accepted (hash 23ae57868aa3655fae311b1ebd40ef418d46c42405b836f7727fdb1e134a5fed, amount 50 BTC)
2024-05-23 11:17:16.447 [INF] MINR: Block submitted via CPU miner accepted (hash 27910b9d07c381ac9988af1586cc10af772da6d4f22d638338caa1184fd00688, amount 50 BTC)
2024-05-23 11:17:16.447 [INF] MINR: Block submitted via CPU miner accepted (hash 550cb6a68c932ae9091bc90d1f9932ebb5ab7191b50f484589d671cd16277815, amount 50 BTC)
2024-05-23 11:17:16.447 [INF] MINR: Block submitted via CPU miner accepted (hash 4100e48db68d644ed2e6cd77d01632626843b739b65f5cfebfa01830d81549da, amount 50 BTC)
2024-05-23 11:17:16.448 [INF] MINR: Block submitted via CPU miner accepted (hash 38691ffcca7e3a074a0f618ddb0782703bc432bca09fd8ab70aab901a36934a9, amount 50 BTC)
2024-05-23 11:17:16.452 [INF] MINR: Block submitted via CPU miner accepted (hash 2f27d283512a82f3c1e33002571704b2b51ee97803f94f4b8a395294f85cb52e, amount 50 BTC)
2024-05-23 11:17:16.452 [INF] MINR: Block submitted via CPU miner accepted (hash 711b4f6d794a72ccf3e91d6e2960891cb6168e1356c31c9b38ceac1b761be8b5, amount 50 BTC)
2024-05-23 11:17:16.453 [INF] MINR: Block submitted via CPU miner accepted (hash 76ae42acbae85f4fa20f4470ce9156f80b4f89d3cd6bc0ee3ba1c689f1f5870d, amount 50 BTC)
2024-05-23 11:17:16.457 [INF] MINR: Block submitted via CPU miner accepted (hash 50a04ea9bdc26a680b585d86f5501b72d4a97c68d15d7867c248b56e92459f77, amount 50 BTC)
2024-05-23 11:17:16.457 [INF] MINR: Block submitted via CPU miner accepted (hash 0362eeb14b31c345995b05a9548a4f5dfe20594fe77fd1f388c2b6067b3887b6, amount 50 BTC)
2024-05-23 11:17:16.458 [INF] MINR: Block submitted via CPU miner accepted (hash 43efd039f0ba2850417be2050a91bc9e9f4c96aa923d6306919547b389487f49, amount 50 BTC)
2024-05-23 11:17:16.458 [INF] MINR: Block submitted via CPU miner accepted (hash 46949e11eed333043150ea4ff5a98607fed0144c58dbc94454c0a1877d8f9891, amount 50 BTC)
2024-05-23 11:17:16.461 [INF] MINR: Block submitted via CPU miner accepted (hash 46d8e017b65942ebf8fbef250f579d0e8641a7d8f4e612cebd2b9ce573dc953a, amount 50 BTC)
2024-05-23 11:17:16.462 [INF] MINR: Block submitted via CPU miner accepted (hash 7b671b9488bb4ed94344b2851f27364b86d49197d72787e95835154387693434, amount 50 BTC)
2024-05-23 11:17:16.462 [INF] MINR: Block submitted via CPU miner accepted (hash 2bc7210a426d631c395fecf1c6ac22f1c2282416d9504030ee28dfd9a77d900f, amount 50 BTC)
2024-05-23 11:17:16.466 [INF] MINR: Block submitted via CPU miner accepted (hash 096564e62da2a848085f826622fd89cca7ff4c584c8f72c49f9b6227c7a77049, amount 50 BTC)
2024-05-23 11:17:16.466 [INF] MINR: Block submitted via CPU miner accepted (hash 05074a7a173e1fda6729075f063d0c4e4ca4893656a498324e8cccd0090db1a5, amount 50 BTC)
2024-05-23 11:17:16.466 [INF] MINR: Block submitted via CPU miner accepted (hash 323affc04dd38afc9289f0aa2f5e240ada9a7c8eac9c10ef5034809d2e557048, amount 50 BTC)
2024-05-23 11:17:16.466 [INF] MINR: Block submitted via CPU miner accepted (hash 4d2160f5978920688dbeebbba1e0d911b87057eeb74aa614f605cce7e6b62c06, amount 50 BTC)
2024-05-23 11:17:16.466 [INF] MINR: Block submitted via CPU miner accepted (hash 626f80e9949909d36d31aba93167b766071efd3da94fe01f8cafdb4302b3e49a, amount 50 BTC)
2024-05-23 11:17:16.467 [INF] MINR: Block submitted via CPU miner accepted (hash 6bd45d92cfb8a3186fdf477c13b89aae160474da4d2d8bd7973e75f515d82a3e, amount 50 BTC)
2024-05-23 11:17:16.467 [INF] MINR: Block submitted via CPU miner accepted (hash 7ba3816683fba1692b0de908a141d4d826cce20b24b2c66ae10d63d5bd0a9c26, amount 50 BTC)
2024-05-23 11:17:16.467 [INF] MINR: Block submitted via CPU miner accepted (hash 26fad93e31592642cef7bdad66f558315619d9ca172c7ad782e45da202b0d5f8, amount 50 BTC)
2024-05-23 11:17:16.467 [INF] MINR: Block submitted via CPU miner accepted (hash 200f82dd0785ff3242a4b426aa099edeeeaa2ad77d414f5fb91356d1df028ca9, amount 50 BTC)
2024-05-23 11:17:16.467 [INF] MINR: Block submitted via CPU miner accepted (hash 17daf6ca40c6f40b450ea83a7da76db8a64c5fd41ee4003da7c1de0e1f4a215d, amount 50 BTC)
2024-05-23 11:17:16.472 [INF] MINR: Block submitted via CPU miner accepted (hash 54f52f4f8650795a67b1855784fae8d045a37caef6d68f0042c180cc406fb30f, amount 50 BTC)
2024-05-23 11:17:16.472 [INF] MINR: Block submitted via CPU miner accepted (hash 5fa0f44146ba150891f7646a17dc78917630059e109bf2021c3b556c266660b0, amount 50 BTC)
2024-05-23 11:17:16.473 [INF] MINR: Block submitted via CPU miner accepted (hash 44bfe5758115073295dda6f9e38a5067b70a3244d184b473fff5855de6700a8f, amount 50 BTC)
2024-05-23 11:17:16.477 [INF] MINR: Block submitted via CPU miner accepted (hash 681cf27aa2ccdca70fd8d220408f5386833ab33a0692bcc9cf8525a4a12813d3, amount 50 BTC)
2024-05-23 11:17:16.477 [INF] MINR: Block submitted via CPU miner accepted (hash 2111b0223006cb9e4c5a4783f74e41a997779d1c997a3c37ee9807126280c947, amount 50 BTC)
2024-05-23 11:17:16.478 [INF] MINR: Block submitted via CPU miner accepted (hash 4feef6c0e757341f01bfd4f1962d6fa8e166c4ddf0c817cddf58af39b7017e1b, amount 50 BTC)
2024-05-23 11:17:16.478 [INF] MINR: Block submitted via CPU miner accepted (hash 1a32618ab212933a3faf45df7562f6679c05aaabf5f732336130fe54736f89b7, amount 50 BTC)
2024-05-23 11:17:16.481 [INF] MINR: Block submitted via CPU miner accepted (hash 04522a098163de57e17b34fc427e7232d48e13f25cb1c5f3d6ec57fdc3809d6f, amount 50 BTC)
2024-05-23 11:17:16.482 [INF] MINR: Block submitted via CPU miner accepted (hash 1447fe66c53988a7c776cfae6a703071e040a0014f0c76c00c8af20d0d4601db, amount 50 BTC)
2024-05-23 11:17:16.482 [INF] MINR: Block submitted via CPU miner accepted (hash 7de7e03046aeff4ca25d490950ef7e49fa8438054c168b4fbc92ca23cdeda791, amount 50 BTC)
2024-05-23 11:17:16.482 [INF] MINR: Block submitted via CPU miner accepted (hash 0b0479ac552cda41cd13a866570d6ccd1d82b3a1a95739769b54cbd7b19f5c7a, amount 50 BTC)
2024-05-23 11:17:16.486 [INF] MINR: Block submitted via CPU miner accepted (hash 4d8f575f0a0c9df95c75e3fc79519ece7b73891d79dffce1ebe6ffb168fd1a46, amount 50 BTC)
2024-05-23 11:17:16.486 [INF] MINR: Block submitted via CPU miner accepted (hash 737e5d64747b6c9c2ace0a1434f664f3bd72495334ff319afc72cab7bab997c2, amount 50 BTC)
2024-05-23 11:17:16.486 [INF] MINR: Block submitted via CPU miner accepted (hash 2038efde514c03ccbaa7b8f83623bde4a69f071a869d855171ef97137ba24402, amount 50 BTC)
2024-05-23 11:17:16.486 [INF] MINR: Block submitted via CPU miner accepted (hash 2f8ac49a818fdf2787a6c6ea29ec902ae0d7bfcec4825580cf986dd544ba7c08, amount 50 BTC)
2024-05-23 11:17:16.486 [INF] MINR: Block submitted via CPU miner accepted (hash 1bd7d47c2bd004d4f0e61f92298d3c992d4801ce69260065efc229dddc3fac92, amount 50 BTC)
2024-05-23 11:17:16.487 [INF] MINR: Block submitted via CPU miner accepted (hash 6311cec5a5f59f303b4ba87df259b439a2ff45d6b72e461b029398212ec8da26, amount 50 BTC)
2024-05-23 11:17:16.487 [INF] MINR: Block submitted via CPU miner accepted (hash 6b37d990df4aee21af6e802ae7ab1787d527615fa8384709248a8e5db029cb49, amount 50 BTC)
2024-05-23 11:17:16.487 [INF] MINR: Block submitted via CPU miner accepted (hash 7a27d4e82a3216db9390880e31436da0ecd5dae81e28846ed0264f6a2b3bab7a, amount 50 BTC)
2024-05-23 11:17:16.487 [INF] MINR: Block submitted via CPU miner accepted (hash 2ae975cd4482e5ed64ee704992cd2ea2e231c8f8e6c4f4ef6e7d18e8eb289d6a, amount 50 BTC)
2024-05-23 11:17:16.492 [INF] MINR: Block submitted via CPU miner accepted (hash 7819475e5d9a7fb01c68ffbde05caebbb90fc470b198dc36e191e70e5f0a2c89, amount 50 BTC)
2024-05-23 11:17:16.492 [INF] MINR: Block submitted via CPU miner accepted (hash 1abf38747027ff52ae77f1ac88188aa1bc06a0a7b0a28981dccf1f2d8b0ee00e, amount 50 BTC)
2024-05-23 11:17:16.493 [INF] MINR: Block submitted via CPU miner accepted (hash 58c8695a5b3b17ac51bf1ff3e487d8cc3d6e52aa064e9e2c4bb57780290bfdc5, amount 50 BTC)
2024-05-23 11:17:16.493 [INF] MINR: Block submitted via CPU miner accepted (hash 4cf40c0d2f2570fb94701343cbda536d3f0661d6c0721317190e4b7db2e78a07, amount 50 BTC)
2024-05-23 11:17:16.497 [INF] MINR: Block submitted via CPU miner accepted (hash 5afb217610c9f49ce03b0ab2ce2adddd03f69098d6bf877190aab7baee2ca2c8, amount 50 BTC)
2024-05-23 11:17:16.497 [INF] MINR: Block submitted via CPU miner accepted (hash 364b86964ebfb7c80a3465a90e1c1e61e6e1ba3b45564137f9e4916bda0202ed, amount 50 BTC)
2024-05-23 11:17:16.498 [INF] MINR: Block submitted via CPU miner accepted (hash 4168372afda56b595ae8466d733e87aae23d6ba2929c52f9c76bea44cdd7e8d1, amount 50 BTC)
2024-05-23 11:17:16.498 [INF] MINR: Block submitted via CPU miner accepted (hash 3e5a55966f3b7b305e3f60a03b64afd068ea47802e83561faf24a0633b840521, amount 50 BTC)
2024-05-23 11:17:16.502 [INF] MINR: Block submitted via CPU miner accepted (hash 269421808e2377aba53b63663ebf4d813f20cd88435090b749967a0e78d34fd4, amount 50 BTC)
2024-05-23 11:17:16.502 [INF] MINR: Block submitted via CPU miner accepted (hash 3281cfed42d288594774cbe691841d63df5bd65bdcd227598a8fc08ff68339b2, amount 50 BTC)
2024-05-23 11:17:16.502 [INF] MINR: Block submitted via CPU miner accepted (hash 193307f51b5eb25b0057f3a1e5df55431a098af6e4162315dedcda80d3e33c81, amount 50 BTC)
2024-05-23 11:17:16.507 [INF] MINR: Block submitted via CPU miner accepted (hash 7a060a45eef3dafd9d6032e4f8bd51eb87fa343eaaf7be8f1e7deb1c0d11d394, amount 50 BTC)
2024-05-23 11:17:16.507 [INF] MINR: Block submitted via CPU miner accepted (hash 68c1b06955a02afdf686f030d0e57d2dc8f72ab0b4f4e8d277b0c8c0dba8c03c, amount 50 BTC)
2024-05-23 11:17:16.507 [INF] MINR: Block submitted via CPU miner accepted (hash 4ba62fa43a7e6cceee18884cda0a516a4c14f6029fcace49f7ba8b5e599f452a, amount 50 BTC)
2024-05-23 11:17:16.507 [INF] MINR: Block submitted via CPU miner accepted (hash 43c843019484e34cfa9096f5753ead7be45b22a69b7d7040ba167199fc46eeac, amount 50 BTC)
2024-05-23 11:17:16.507 [INF] MINR: Block submitted via CPU miner accepted (hash 5b4940c95803a36e29df4eaaa2c53173400ceb53e6dc266bb5e9b27c2ac2d680, amount 50 BTC)
2024-05-23 11:17:16.508 [INF] MINR: Block submitted via CPU miner accepted (hash 0c7a8b505d8707998f56de52ea37cdc7f41b3069179a81ec7279772aa7c947e6, amount 50 BTC)
2024-05-23 11:17:16.508 [INF] MINR: Block submitted via CPU miner accepted (hash 75c89137ce05523d74dcb7e57b59565e5a03e57005076b5e722e2f416287c4ab, amount 50 BTC)
2024-05-23 11:17:16.508 [INF] MINR: Block submitted via CPU miner accepted (hash 1dbb47dd423b1b1bee3d051a957864904d8e0fb013d026492aac5cd7be8efb81, amount 50 BTC)
2024-05-23 11:17:16.508 [INF] MINR: Block submitted via CPU miner accepted (hash 457f9770cfb08a82b8aaea772b4a8ed50eb012b6ae8f66d4954e172b3f6159ec, amount 50 BTC)
2024-05-23 11:17:16.513 [INF] MINR: Block submitted via CPU miner accepted (hash 2ccc7ab5c5d86f56e0ff33c8adce7dd4ce840e99d441511c36073e967bd66320, amount 50 BTC)
2024-05-23 11:17:16.514 [INF] MINR: Block submitted via CPU miner accepted (hash 1d0be2d8669479cf683801bef015da849517e995426364650b0d599e7704b161, amount 50 BTC)
2024-05-23 11:17:16.514 [INF] MINR: Block submitted via CPU miner accepted (hash 3038c8083baae6d81ff036e669ef52df518109f23e079efba9c123e7656a2ebf, amount 50 BTC)
2024-05-23 11:17:16.518 [INF] MINR: Block submitted via CPU miner accepted (hash 32aebf21bf46144ba7aba969d17a7e12516f7839a9436d569d0f9c80f5fb0e74, amount 50 BTC)
2024-05-23 11:17:16.518 [INF] MINR: Block submitted via CPU miner accepted (hash 73ac58b0b6a0978deba0f3548e79a16e3c1422a94433d69fc9d53f70d2c29778, amount 50 BTC)
2024-05-23 11:17:16.518 [INF] MINR: Block submitted via CPU miner accepted (hash 73fbed55dadd3975e9394be6254f5d53f8d8e96e8d3599392b8676a1371f377d, amount 50 BTC)
2024-05-23 11:17:16.522 [INF] MINR: Block submitted via CPU miner accepted (hash 1c4c45256dc28dfda5f1221220f2965df6d0760bd1ff8334ef7fca65f4ab2ec3, amount 50 BTC)
2024-05-23 11:17:16.523 [INF] MINR: Block submitted via CPU miner accepted (hash 159b01c3027b8561012af10f270681cb086554abf944287e66b65a060c04d011, amount 50 BTC)
2024-05-23 11:17:16.523 [INF] MINR: Block submitted via CPU miner accepted (hash 02ae4346d1708a316c524c819995a0f96e0cd7534d79ad37de1f362700040861, amount 50 BTC)
2024-05-23 11:17:16.523 [INF] MINR: Block submitted via CPU miner accepted (hash 7dea9a9fd5324b0c35a3ba2eaf56e6fb7635f7c62f8fdfce634e0ddd52b6046f, amount 50 BTC)
2024-05-23 11:17:16.523 [INF] MINR: Block submitted via CPU miner accepted (hash 049fc52ce375c7042e5f900de8dd3eb3f87c2c3d08880d62f053840859c469a4, amount 50 BTC)
2024-05-23 11:17:16.528 [INF] MINR: Block submitted via CPU miner accepted (hash 7c0f8014df27e3eda09992890d8a6610f345e7ed8c25298c88c40e4f58a0774e, amount 50 BTC)
2024-05-23 11:17:16.528 [INF] MINR: Block submitted via CPU miner accepted (hash 54bcb2daf51f6f7f02ce2b2937bdbe0aaf4a7f2a0fdf1677c24a460245340372, amount 50 BTC)
2024-05-23 11:17:16.528 [INF] MINR: Block submitted via CPU miner accepted (hash 0fcecdde4287d924ccd690f26a2b98772d631246b8013863b257d34b6b2dc1d6, amount 50 BTC)
2024-05-23 11:17:16.528 [INF] MINR: Block submitted via CPU miner accepted (hash 2c1f7efd4b6943404fc554fedf26ba55bea134f8c6ed12d72604787f42df9c91, amount 50 BTC)
2024-05-23 11:17:16.528 [INF] MINR: Block submitted via CPU miner accepted (hash 3f38a56fbfb08cd6629edc072a20f8fd1f4d14c3097b6c6c5cdf6a93a4bca6b6, amount 50 BTC)
2024-05-23 11:17:16.529 [INF] MINR: Block submitted via CPU miner accepted (hash 349b0523f431e1a5acf39c1c26eda186e18f31862d2239e32a41dd5411e369a7, amount 50 BTC)
2024-05-23 11:17:16.529 [INF] MINR: Block submitted via CPU miner accepted (hash 040e6b6edb9d5292e5a8e4ae1d782e0a4fe2a4bfee35b61ef7aa4922d9ad5172, amount 50 BTC)
2024-05-23 11:17:16.529 [INF] MINR: Block submitted via CPU miner accepted (hash 1067fbc3f57f5749b547b5d74a9b708f63eb2b6fabd909b7487cbac880bf3eaf, amount 50 BTC)
2024-05-23 11:17:16.529 [INF] MINR: Block submitted via CPU miner accepted (hash 7973ebb2efa065e9eeaf7136e244a69c457492a9800b8356f804b68159d990fa, amount 50 BTC)
2024-05-23 11:17:16.534 [INF] MINR: Block submitted via CPU miner accepted (hash 40735acbcd22e2d4db097ea09cf7716b057be570fc74f0086805a538e470081d, amount 50 BTC)
2024-05-23 11:17:16.534 [INF] MINR: Block submitted via CPU miner accepted (hash 395a83132fe3856d69a45c71ada43e399febbe78e282b11c1c7ee7c73bc3a1d0, amount 50 BTC)
2024-05-23 11:17:16.534 [INF] MINR: Block submitted via CPU miner accepted (hash 3322a20e7423a3498e33f49e7a54271229320f0cd9ebd39fb440900c8047cf5f, amount 50 BTC)
2024-05-23 11:17:16.539 [INF] MINR: Block submitted via CPU miner accepted (hash 1bb34b6907bab1890a06ece480ff2efc01f736cfc03114d365c60935f4d2b13a, amount 50 BTC)
2024-05-23 11:17:16.539 [INF] MINR: Block submitted via CPU miner accepted (hash 6269662037b7a2461d2b7d18a983a210756b323fb6b726f215ef5448377e43cc, amount 50 BTC)
2024-05-23 11:17:16.539 [INF] MINR: Block submitted via CPU miner accepted (hash 3ecfec029039f762a07c53e1ae2130bd5b1577639cbe1479110ed541b3428fdb, amount 50 BTC)
2024-05-23 11:17:16.540 [INF] MINR: Block submitted via CPU miner accepted (hash 278e24729f7307e0004fdc088fd5e039d856688a89f22bbe9b9130c992140197, amount 50 BTC)
2024-05-23 11:17:16.543 [INF] MINR: Block submitted via CPU miner accepted (hash 3b81c579d1995b1116bca40ab0c0b0fdfb81c6a2d39068b9a02b1e6b2288f9cb, amount 50 BTC)
2024-05-23 11:17:16.544 [INF] MINR: Block submitted via CPU miner accepted (hash 1437e09a8f2a9b71f5adb7d09bbec03d2ded9c7f042a03f37d59cb1fbf8d15f8, amount 50 BTC)
2024-05-23 11:17:16.544 [INF] MINR: Block submitted via CPU miner accepted (hash 33ac0a329ff4a6950cef23cb2bbde16e34c3f89c0d2e297b9a6ecc7c437af5e4, amount 50 BTC)
2024-05-23 11:17:16.545 [INF] MINR: Block submitted via CPU miner accepted (hash 29447d5c8f438457315906728b4f22de90871b2c8b023b53cb3d9ed96fb312f1, amount 50 BTC)
2024-05-23 11:17:16.549 [INF] MINR: Block submitted via CPU miner accepted (hash 5f3147a204372c50644c52c1e280783f43418a783f16cd018168f5c320f95d23, amount 50 BTC)
2024-05-23 11:17:16.549 [INF] MINR: Block submitted via CPU miner accepted (hash 451a68ac36203fc1a5faed56e9a8c17a29e2e3cb0b88261fafd0f033f2eb3377, amount 50 BTC)
2024-05-23 11:17:16.549 [INF] MINR: Block submitted via CPU miner accepted (hash 160b8cae6d0e8cbf8b0e1efb157594b4e94ac725afd1dcd2ebf8b7c95640326d, amount 50 BTC)
2024-05-23 11:17:35.238 [ERR] RPCS: Websocket receive error from [::1]:50269: websocket: close 1006 unexpected EOF
2024-05-23 11:17:35.239 [INF] RPCS: Disconnected websocket client [::1]:50269
2024-05-23 11:17:36.258 [INF] RPCS: New websocket client [::1]:50275
2024-05-23 11:17:36.966 [INF] RPCS: Beginning rescan for 5 addresses
2024-05-23 11:17:36.966 [INF] RPCS: Finished rescan
2024-05-23 11:19:33.991 [INF] MINR: Block submitted via CPU miner accepted (hash 69952cce4b1f08e10a8d41673a98fd6e0f1e8e00c60c7e14a4fe96dfd4d0c776, amount 50.00000227 BTC)
2024-05-23 11:19:33.991 [INF] MINR: Block submitted via CPU miner accepted (hash 2b8736d1d46824d04ec7306b4d036d408b64db70a4e438bcdd9fb983624dbde0, amount 50 BTC)
2024-05-23 11:19:33.992 [INF] MINR: Block submitted via CPU miner accepted (hash 7e38fe44b71d9a210b9e7ae8e475e62a5e5b00c39eee5a1ef78f9636b540a114, amount 50 BTC)
2024-05-23 11:19:33.992 [INF] MINR: Block submitted via CPU miner accepted (hash 2eaa60ec016d19a9a4ae01940e9e458dca760ad968c4b60f9fadc3e46b1cbeac, amount 50 BTC)
2024-05-23 11:19:33.992 [INF] MINR: Block submitted via CPU miner accepted (hash 6995ba29bcf4d3d76bd76249d0cc4048bdbbb9156c215f4507ff08e9daf4957f, amount 50 BTC)
2024-05-23 11:19:33.992 [INF] MINR: Block submitted via CPU miner accepted (hash 67cbcdb3c5bc101e76778fe8a3cd16d6af8e88ea7e6e24a7113235e7d6d1ebbe, amount 50 BTC)
2024-05-23 11:19:33.993 [INF] MINR: Block submitted via CPU miner accepted (hash 441546fdf3ef692926abace6acc0f0686c96d49fc51151459b528437ca3011c3, amount 50 BTC)
2024-05-23 11:19:33.993 [INF] MINR: Block submitted via CPU miner accepted (hash 607b995329f19dd0df16df40446deed908fddac41b9eb001ea50b2a99c687140, amount 50 BTC)
2024-05-23 11:19:33.994 [INF] MINR: Block submitted via CPU miner accepted (hash 77b8e9ce721e1911e6279b08484f7ca2057c6eb0a9a00492b358c7eb474239bf, amount 50 BTC)
2024-05-23 11:19:33.994 [INF] MINR: Block submitted via CPU miner accepted (hash 72da9137820868d0d36591f8e42381b61623ab500e0da3d22729c28972ffa3ef, amount 50 BTC)
2024-05-23 11:19:33.998 [INF] MINR: Block submitted via CPU miner accepted (hash 7e5b9dadd0626ce4c37df9411680ee26bf56655a3bed313b4b32fa2714c6981d, amount 50 BTC)
2024-05-23 11:19:33.999 [INF] MINR: Block submitted via CPU miner accepted (hash 5f7afc2dd50432f8c15a6036638c925fee5bad3f25c3d4648b7f6e5eb0ad8afd, amount 50 BTC)
2024-05-23 11:19:34.003 [INF] MINR: Block submitted via CPU miner accepted (hash 4c2703ce4264ab6780fb90b16ee019f11a28396718113cbb7c2655a10644f8e3, amount 50 BTC)
2024-05-23 11:19:34.003 [INF] MINR: Block submitted via CPU miner accepted (hash 34e355e1467d742c9fb29cfd1cedf47883b390eda4fc1b8cc54564729f081a42, amount 50 BTC)
2024-05-23 11:19:34.003 [INF] MINR: Block submitted via CPU miner accepted (hash 14cf3603bb70f30300adeb441f31283aebc0466042e51aa7d5dc71d9b8dfaf34, amount 50 BTC)
2024-05-23 11:19:34.003 [INF] MINR: Block submitted via CPU miner accepted (hash 11237cb36a3e239a74ff9341913e34623c9c26da33f90e4b316334d774850593, amount 50 BTC)
2024-05-23 11:19:34.004 [INF] MINR: Block submitted via CPU miner accepted (hash 2bd73e3edc6a87783ffa46ea919337f23726e14f53e9f463a5fff778720ea790, amount 50 BTC)
2024-05-23 11:19:34.004 [INF] MINR: Block submitted via CPU miner accepted (hash 77d81ab39e62312099a90dde60a285c25a0dab52784ef800d8c44a1173e34db4, amount 50 BTC)
2024-05-23 11:19:34.008 [INF] MINR: Block submitted via CPU miner accepted (hash 6876049fd056982d7cf07bf05e21312c90cbbe8079f6744d185c74d0a4c77cad, amount 50 BTC)
2024-05-23 11:19:34.008 [INF] MINR: Block submitted via CPU miner accepted (hash 64ad2f91e4e6d9df44d4a72fde83618d9ec0ce1ac8a10a43ee812528bfa55731, amount 50 BTC)
2024-05-23 11:19:34.009 [INF] MINR: Block submitted via CPU miner accepted (hash 0ec628651604cd027f036e81525df6aac88ae06645f7b9d831d86236e7938578, amount 50 BTC)
2024-05-23 11:19:34.009 [INF] MINR: Block submitted via CPU miner accepted (hash 223c841f1df298b71a0aad14b1e69d43e964821a856284d1b6cfbe687bd1497f, amount 50 BTC)
2024-05-23 11:19:34.009 [INF] MINR: Block submitted via CPU miner accepted (hash 21436cfb5f654e6aa71d891f2d68f0d614183985148f22db05912f04a64f2a9b, amount 50 BTC)
2024-05-23 11:19:34.010 [INF] MINR: Block submitted via CPU miner accepted (hash 3e11483f5c09e23ab6f97775f9cdea4ce9c9fc6d12212f4a411f362ff5861bde, amount 50 BTC)
2024-05-23 11:19:34.016 [INF] MINR: Block submitted via CPU miner accepted (hash 4000397b1d9b1f6290951a332d738027bd06d642452faa0709e86a07a9e5feed, amount 50 BTC)
2024-05-23 11:19:34.016 [INF] MINR: Block submitted via CPU miner accepted (hash 1dd01b97918f331e44027dff6d2bda0131f6ff5c79c6e43fea94486b1a23b894, amount 50 BTC)
2024-05-23 11:19:34.017 [INF] MINR: Block submitted via CPU miner accepted (hash 007ea260ceb9603e89dc9856255a22cf0b088a62868e793adf8a682f8857ff78, amount 50 BTC)
2024-05-23 11:19:34.021 [INF] MINR: Block submitted via CPU miner accepted (hash 54b98bb9d49ddccc2d44882243987712e578ee367fe6665647df95ab1f45db8f, amount 50 BTC)
2024-05-23 11:19:34.021 [INF] MINR: Block submitted via CPU miner accepted (hash 16190db857cc251a9f9522ed99e6cc8f0c167dca756666e6f5bf34d063b50262, amount 50 BTC)
2024-05-23 11:19:34.025 [INF] MINR: Block submitted via CPU miner accepted (hash 6e8722fb01a3e142c32b5d89b07c93e7343d674d84667eddb7ba8b7c2241ef08, amount 50 BTC)
2024-05-23 11:19:34.025 [INF] MINR: Block submitted via CPU miner accepted (hash 4352e806ec3fa542309f4940a8f03fd08ececdfba09ab5ff38887c5f2ed5d434, amount 50 BTC)
2024-05-23 11:19:34.025 [INF] MINR: Block submitted via CPU miner accepted (hash 4ae13dc4f7486e6a32a3ca98f5fac887e038a23e77eda884f534407674f06fb4, amount 50 BTC)
2024-05-23 11:19:34.030 [INF] MINR: Block submitted via CPU miner accepted (hash 38b8d1197c2d476be610ba840a1aff5fd03c2e05268850094e48fc42abad850d, amount 50 BTC)
2024-05-23 11:19:34.030 [INF] MINR: Block submitted via CPU miner accepted (hash 3b80646dd8f6a15b60e9ad96a52d9fa5407b5c2a23abab303030534af95ba7db, amount 50 BTC)
2024-05-23 11:19:34.030 [INF] MINR: Block submitted via CPU miner accepted (hash 63cb9f79faa486793bdbe9b6e82e68a98da45705be7bc285d1e2d48bee4c5ccf, amount 50 BTC)
2024-05-23 11:19:34.035 [INF] MINR: Block submitted via CPU miner accepted (hash 4c485800511042bf3ad144af3cf5035b4509765301f90d3a7089d25b10abfa9e, amount 50 BTC)
2024-05-23 11:19:34.036 [INF] MINR: Block submitted via CPU miner accepted (hash 061dcc211789191b87e87ec5668a2151f9c567cd74634c11e3487d1417ad23a0, amount 50 BTC)
2024-05-23 11:19:34.036 [INF] MINR: Block submitted via CPU miner accepted (hash 59dc109edd3f6d922d958c4bc6109367383c967ee5a8b4c5888d13ba6350cadf, amount 50 BTC)
2024-05-23 11:19:34.036 [INF] MINR: Block submitted via CPU miner accepted (hash 6f5d7f9db11827afe4fa0fe83101a4c6109a200b4799521b671917ba91f9bca8, amount 50 BTC)
2024-05-23 11:19:34.040 [INF] MINR: Block submitted via CPU miner accepted (hash 2a6fc9294d69425dc201ce6c6cbcd723786a917afe9a6df0244916e0c97f312c, amount 50 BTC)
2024-05-23 11:19:34.040 [INF] MINR: Block submitted via CPU miner accepted (hash 06cdb5431aebd6c1c7e04c6d1a5e6b42ddbfc29c279a47354314e3c89fb210ed, amount 50 BTC)
2024-05-23 11:19:34.040 [INF] MINR: Block submitted via CPU miner accepted (hash 513c7c07918e5996de4b5a2c429336e407f5786576218a78e572a7d9376a278c, amount 50 BTC)
2024-05-23 11:19:34.040 [INF] MINR: Block submitted via CPU miner accepted (hash 0b1f71fd4bf84f3c0c7b4a64f5a0288d39e877cccc6abbde3ba14a4a8a0a5ca3, amount 50 BTC)
2024-05-23 11:19:34.041 [INF] MINR: Block submitted via CPU miner accepted (hash 74c274fc617d0bae8aee95111d5bb964e538017872e46de16991272ae4dbdf7e, amount 50 BTC)
2024-05-23 11:19:34.045 [INF] MINR: Block submitted via CPU miner accepted (hash 225e6bb81b193b1c7216276cfb488e79d036e1706f92e36951820a05224eeaad, amount 50 BTC)
2024-05-23 11:19:34.045 [INF] MINR: Block submitted via CPU miner accepted (hash 12258990c7097d6e797b91c9e7ba82c222206cad3b33a28bccf1e204a37e0f8c, amount 50 BTC)
2024-05-23 11:19:34.046 [INF] MINR: Block submitted via CPU miner accepted (hash 059ea04241975049a5281199632881bd3b5406c4ec3d7eb266ea99210c547efb, amount 50 BTC)
2024-05-23 11:19:34.046 [INF] MINR: Block submitted via CPU miner accepted (hash 3829e478eda7d522b163c6b77cfc88d3c07ad1c40a66c6b1fb5acf90793345d4, amount 50 BTC)
2024-05-23 11:19:34.050 [INF] MINR: Block submitted via CPU miner accepted (hash 34c5f47d46d66260ca82412f2cc0be73a47ad9194fed03a946e39147788d921c, amount 50 BTC)
2024-05-23 11:19:34.050 [INF] MINR: Block submitted via CPU miner accepted (hash 639d2533a6ccad15da0c056abe11478c42b55c7bf76af3eda879966c71037166, amount 50 BTC)
2024-05-23 11:19:34.051 [INF] MINR: Block submitted via CPU miner accepted (hash 73cec91998d6f72ca00bbef12ccb772e02c9d43004cbc6708abb4bae6da3f3b6, amount 50 BTC)
2024-05-23 11:19:34.055 [INF] MINR: Block submitted via CPU miner accepted (hash 1261ce85aa5c9782257aa2addb9479f26dbe4903b172b78e60afc5e16e3c6ce1, amount 50 BTC)
2024-05-23 11:19:34.055 [INF] MINR: Block submitted via CPU miner accepted (hash 6c7331616a19c769e8836c569e317155fc0a857d238bc5780cc783a5bb16970e, amount 50 BTC)
2024-05-23 11:19:34.059 [INF] MINR: Block submitted via CPU miner accepted (hash 054e21b0219a41c7fee28dff26c9c0b13d68a058172b04bf86db3c922750bbae, amount 50 BTC)
2024-05-23 11:19:34.060 [INF] MINR: Block submitted via CPU miner accepted (hash 7e1cbcba6a568315add5a109853436c4ed69aa0934ce3902aba18f74360f9d51, amount 50 BTC)
2024-05-23 11:19:34.060 [INF] MINR: Block submitted via CPU miner accepted (hash 24eb9ace842739dfb540cf2c111b3fce8a6184f623c58dff657307820237fd29, amount 50 BTC)
2024-05-23 11:19:34.065 [INF] MINR: Block submitted via CPU miner accepted (hash 59853b88df89cd9e691c7a0fed589449e8ba2cf955ef69143d29b6286b19bde9, amount 50 BTC)
2024-05-23 11:19:34.065 [INF] MINR: Block submitted via CPU miner accepted (hash 6da94ac8c1cf86f6b2ae5065f14571ae0d96ef5da80bc1ec96005ebada01fc70, amount 50 BTC)
2024-05-23 11:19:34.065 [INF] MINR: Block submitted via CPU miner accepted (hash 40b8b5e59264af792818a69b51524b0ec2a0739abfb53276dec8d75967cac8a7, amount 50 BTC)
2024-05-23 11:19:34.070 [INF] MINR: Block submitted via CPU miner accepted (hash 44acd5a4e1b712fe59a5136c33f46646287950fc083e182856930d0dc02b4afe, amount 50 BTC)
2024-05-23 11:19:34.070 [INF] MINR: Block submitted via CPU miner accepted (hash 6555d94e036ccdaad6ff8b5ee252202c983f12d1212c4c0fd3baba7f568ce973, amount 50 BTC)
2024-05-23 11:19:34.071 [INF] MINR: Block submitted via CPU miner accepted (hash 3d56d54c6c1f31e95349ed8c5d25b872f4db1e7843b3008512b4765fe3ac3914, amount 50 BTC)
2024-05-23 11:19:34.075 [INF] MINR: Block submitted via CPU miner accepted (hash 2eab6c7b460cfcb57b9aa42b4c05bf0427f7deeaccd8dc2d330d597378d3f665, amount 50 BTC)
2024-05-23 11:19:34.076 [INF] MINR: Block submitted via CPU miner accepted (hash 3b8f3d0c3b0a7864dcfdef58349fb7f1299d46c3284319a5cdf2fa3d34508a2e, amount 50 BTC)
2024-05-23 11:19:34.076 [INF] MINR: Block submitted via CPU miner accepted (hash 2a80334e78b51e6ab7df54a98e9ef6f64134a4b80596d0d73e2cc90ff2090ef1, amount 50 BTC)
2024-05-23 11:19:34.079 [INF] MINR: Block submitted via CPU miner accepted (hash 77c66460ca5bdb6ece0589649a7704975e1f5945999f94da6580d14383aa8c07, amount 50 BTC)
2024-05-23 11:19:34.080 [INF] MINR: Block submitted via CPU miner accepted (hash 06a7355aeb94f9e9b86daebefb7c9b6b726fd2dab0a948c21c6608a12d69cf24, amount 50 BTC)
2024-05-23 11:19:34.080 [INF] MINR: Block submitted via CPU miner accepted (hash 55e12a8da8abf3c853884779be1bd46cb6540d8863c8430d2611ad71e3356e88, amount 50 BTC)
2024-05-23 11:19:34.081 [INF] MINR: Block submitted via CPU miner accepted (hash 68447dffe6ae2c91463e303c84ba334087ec40795ddf62036fcbea88a1955c25, amount 50 BTC)
2024-05-23 11:19:34.085 [INF] MINR: Block submitted via CPU miner accepted (hash 3dc7adfbc34eaf65041c6c6a279f5df066d4730a39d290b2ded793f20b455f23, amount 50 BTC)
2024-05-23 11:19:34.085 [INF] MINR: Block submitted via CPU miner accepted (hash 36ed43b0a0761a5596434a1f7328e987948c6775ffefde4491ce49bc94dbdd3e, amount 50 BTC)
2024-05-23 11:19:34.085 [INF] MINR: Block submitted via CPU miner accepted (hash 45367fc4ce6b0dba03c363b56caaf20e7dceca72b8d28e6ea28d067c4e439cf2, amount 50 BTC)
2024-05-23 11:19:34.090 [INF] MINR: Block submitted via CPU miner accepted (hash 30c919c2bfaa7390f3f775f6bf12efeff6b705fcacf23013c104f8555707922a, amount 50 BTC)
2024-05-23 11:19:34.090 [INF] MINR: Block submitted via CPU miner accepted (hash 1e96bf59e0fbf2d014981113b4c2c92a8b9667ab7e894ea6e27269baafe619aa, amount 50 BTC)
2024-05-23 11:19:34.091 [INF] MINR: Block submitted via CPU miner accepted (hash 520dedc7fb197c321a809c5f41b476b03c0af49c7921aa24ab21e8fc94b4b010, amount 50 BTC)
2024-05-23 11:19:34.091 [INF] MINR: Block submitted via CPU miner accepted (hash 58ac20838b55b426c543b84e170bacddc73961cad83375d617444a65a5eddf3b, amount 50 BTC)
2024-05-23 11:19:34.095 [INF] MINR: Block submitted via CPU miner accepted (hash 68b43b16eb626338833657c3bb1c3400cd81eb03b4e55563f245e80698d6edab, amount 50 BTC)
2024-05-23 11:19:34.095 [INF] MINR: Block submitted via CPU miner accepted (hash 42bdcccd252fca7b11dbe31125614031ca274a2605e1a64cd11df3e4a50affc9, amount 50 BTC)
2024-05-23 11:19:34.099 [INF] MINR: Block submitted via CPU miner accepted (hash 640e1cac7e6e0a9c43427b74b1f4967a8732222ce29f5abf9ed1ff2e01bb41a1, amount 50 BTC)
2024-05-23 11:19:34.100 [INF] MINR: Block submitted via CPU miner accepted (hash 4ca2de249553b8f99f4f5b6c85c66c692e33fb477db1a5091434ed2020bfb68f, amount 50 BTC)
2024-05-23 11:19:34.100 [INF] MINR: Block submitted via CPU miner accepted (hash 38110671dbe5692fed35500fbbc88bc5f361284ec8b9df000654e9b98871d82c, amount 50 BTC)
2024-05-23 11:19:34.100 [INF] MINR: Block submitted via CPU miner accepted (hash 5912e7b0c6038a689063bc5e93594f86bc565177d601f5ef23b7da17d6bff80b, amount 50 BTC)
2024-05-23 11:19:34.100 [INF] MINR: Block submitted via CPU miner accepted (hash 2f1b97237309805c7bbaf993d37dda496e3b70cf08e6fda81839b4da2448819e, amount 50 BTC)
2024-05-23 11:19:34.104 [INF] MINR: Block submitted via CPU miner accepted (hash 3a591d77bc259b7b8ccd96de774f5b146602dde2a3c6751f4d5b17dce0c17e6a, amount 50 BTC)
2024-05-23 11:19:34.104 [INF] MINR: Block submitted via CPU miner accepted (hash 411b9e6bda26011fbc4f959ca69efbf56f2ba0176f60e59d4a41baa0046e6303, amount 50 BTC)
2024-05-23 11:19:34.108 [INF] MINR: Block submitted via CPU miner accepted (hash 5f8a489186e908cb1804333434287a4b19b807caaf095ebc83f5f7af0ae85eea, amount 50 BTC)
2024-05-23 11:19:34.108 [INF] MINR: Block submitted via CPU miner accepted (hash 3fb207a3bce60262364bf529f30872b52ab7e41d929b7bb0d96568c129524577, amount 50 BTC)
2024-05-23 11:19:34.108 [INF] MINR: Block submitted via CPU miner accepted (hash 1a8f71390d534a2392adb2d60cccf665bd087e08016de9e3e2f9c3d2cb164fed, amount 50 BTC)
2024-05-23 11:19:34.112 [INF] MINR: Block submitted via CPU miner accepted (hash 1477b7ce260a1227250bc6e00c629fbfa89c92d39d878671d77c9e2cc8371cfe, amount 50 BTC)
2024-05-23 11:19:34.112 [INF] MINR: Block submitted via CPU miner accepted (hash 3ee8e449ce290459e8f7b98107cbcb1d5051719e82c5696802efe23ff950d7e9, amount 50 BTC)
2024-05-23 11:19:34.116 [INF] MINR: Block submitted via CPU miner accepted (hash 7c705b61d975809fa392de43b18864767f79a450196e565284dafc78e2dbfedb, amount 50 BTC)
2024-05-23 11:19:34.117 [INF] MINR: Block submitted via CPU miner accepted (hash 42be67e20bf6c98c51e6ace364e595c3ebff75466b0ae014d3f2ec9868c24d92, amount 50 BTC)
2024-05-23 11:19:34.117 [INF] MINR: Block submitted via CPU miner accepted (hash 50610a2f760215f73558f35344710924c9e8eef904d8b2861972549f2190c190, amount 50 BTC)
2024-05-23 11:19:34.117 [INF] MINR: Block submitted via CPU miner accepted (hash 5c6f5154faf1af9f340170881d0299c1b38754053658a3a7850fbcb400a3aaac, amount 50 BTC)
2024-05-23 11:19:34.121 [INF] MINR: Block submitted via CPU miner accepted (hash 1511e4e617208787ae6074ae9fb16f6c0191639748283f5265807ac7eae15597, amount 50 BTC)
2024-05-23 11:19:34.121 [INF] MINR: Block submitted via CPU miner accepted (hash 6c04b8c2927eb98d05a8eedcb12e7b292897d8137b8c963addf1ec52616b8686, amount 50 BTC)
2024-05-23 11:19:34.121 [INF] MINR: Block submitted via CPU miner accepted (hash 5f8992e2ba9d0ba16d3e409af8eb9102e0299bf905b55a3e2c02f1d7566ddafd, amount 50 BTC)
2024-05-23 11:19:34.126 [INF] MINR: Block submitted via CPU miner accepted (hash 4d1861f3dc2754f38d41c1e591e7ad1cc64a7efb3b4137bf4e8ffb9872c0056a, amount 50 BTC)
2024-05-23 11:19:34.126 [INF] MINR: Block submitted via CPU miner accepted (hash 10e4433b2112b7eaeb38715ac17f5124a69359553dac02307188946c0e552387, amount 50 BTC)
2024-05-23 11:19:34.127 [INF] MINR: Block submitted via CPU miner accepted (hash 5886d7a8672061f9ce95c700c8908f7a51a48f7e036b6521861eb41f3cb7643e, amount 50 BTC)
2024-05-23 11:20:02.196 [INF] RPCS: New websocket client [::1]:50304
2024-05-23 11:20:02.198 [INF] RPCS: New websocket client [::1]:50305
2024-05-23 11:20:03.442 [ERR] RPCS: Websocket receive error from [::1]:50304: websocket: close 1006 unexpected EOF
2024-05-23 11:20:03.442 [ERR] RPCS: Websocket receive error from [::1]:50305: websocket: close 1006 unexpected EOF
2024-05-23 11:20:03.442 [INF] RPCS: Disconnected websocket client [::1]:50304
2024-05-23 11:20:03.442 [INF] RPCS: Disconnected websocket client [::1]:50305
2024-05-23 11:22:15.060 [INF] RPCS: New websocket client [::1]:50310
2024-05-23 11:22:15.062 [INF] RPCS: New websocket client [::1]:50311
2024-05-23 11:22:15.697 [ERR] RPCS: Websocket receive error from [::1]:50311: websocket: close 1006 unexpected EOF
2024-05-23 11:22:15.697 [INF] RPCS: Disconnected websocket client [::1]:50311
2024-05-23 11:22:15.697 [ERR] RPCS: Websocket receive error from [::1]:50310: websocket: close 1006 unexpected EOF
2024-05-23 11:22:15.697 [INF] RPCS: Disconnected websocket client [::1]:50310
2024-05-23 11:28:08.896 [INF] RPCS: New websocket client [::1]:50333
2024-05-23 11:28:08.897 [INF] RPCS: New websocket client [::1]:50334
2024-05-23 11:28:10.100 [INF] RPCS: Beginning rescan for 27 addresses
2024-05-23 11:28:10.101 [INF] RPCS: Finished rescan
2024-05-23 11:28:14.537 [ERR] RPCS: Websocket receive error from [::1]:50334: websocket: close 1006 unexpected EOF
2024-05-23 11:28:14.537 [INF] RPCS: Disconnected websocket client [::1]:50334
2024-05-23 11:28:14.537 [ERR] RPCS: Websocket receive error from [::1]:50333: websocket: close 1006 unexpected EOF
2024-05-23 11:28:14.537 [INF] RPCS: Disconnected websocket client [::1]:50333
2024-05-23 11:29:17.511 [INF] RPCS: New websocket client [::1]:50346
2024-05-23 11:29:17.513 [INF] RPCS: New websocket client [::1]:50347
2024-05-23 11:29:18.177 [INF] RPCS: Beginning rescan for 27 addresses
2024-05-23 11:29:18.177 [INF] RPCS: Finished rescan
2024-05-23 11:29:23.156 [ERR] RPCS: Websocket receive error from [::1]:50347: websocket: close 1006 unexpected EOF
2024-05-23 11:29:23.156 [INF] RPCS: Disconnected websocket client [::1]:50347
2024-05-23 11:29:23.156 [ERR] RPCS: Websocket receive error from [::1]:50346: websocket: close 1006 unexpected EOF
2024-05-23 11:29:23.156 [INF] RPCS: Disconnected websocket client [::1]:50346
2024-05-23 11:30:44.975 [INF] RPCS: New websocket client [::1]:50364
2024-05-23 11:30:44.975 [INF] RPCS: New websocket client [::1]:50365
2024-05-23 11:30:45.612 [INF] RPCS: Beginning rescan for 27 addresses
2024-05-23 11:30:45.612 [INF] RPCS: Finished rescan
2024-05-23 11:30:50.607 [ERR] RPCS: Websocket receive error from [::1]:50365: websocket: close 1006 unexpected EOF
2024-05-23 11:30:50.607 [ERR] RPCS: Websocket receive error from [::1]:50364: websocket: close 1006 unexpected EOF
2024-05-23 11:30:50.607 [INF] RPCS: Disconnected websocket client [::1]:50365
2024-05-23 11:30:50.607 [INF] RPCS: Disconnected websocket client [::1]:50364
2024-05-23 15:34:14.247 [INF] RPCS: New websocket client [::1]:52057
2024-05-23 15:34:14.248 [INF] RPCS: New websocket client [::1]:52058
2024-05-23 15:34:14.861 [ERR] RPCS: Websocket receive error from [::1]:52058: websocket: close 1006 unexpected EOF
2024-05-23 15:34:14.861 [INF] RPCS: Disconnected websocket client [::1]:52058
2024-05-23 15:34:14.861 [ERR] RPCS: Websocket receive error from [::1]:52057: websocket: close 1006 unexpected EOF
2024-05-23 15:34:14.862 [INF] RPCS: Disconnected websocket client [::1]:52057
2024-05-23 15:54:42.984 [INF] RPCS: New websocket client [::1]:52228
2024-05-23 15:54:42.986 [INF] RPCS: New websocket client [::1]:52229
2024-05-23 15:54:44.223 [INF] RPCS: Beginning rescan for 27 addresses
2024-05-23 15:54:44.224 [INF] RPCS: Finished rescan
2024-05-23 15:54:49.206 [ERR] RPCS: Websocket receive error from [::1]:52228: websocket: close 1006 unexpected EOF
2024-05-23 15:54:49.206 [ERR] RPCS: Websocket receive error from [::1]:52229: websocket: close 1006 unexpected EOF
2024-05-23 15:54:49.207 [INF] RPCS: Disconnected websocket client [::1]:52228
2024-05-23 15:54:49.207 [INF] RPCS: Disconnected websocket client [::1]:52229
2024-05-23 15:55:02.713 [INF] MINR: Block submitted via CPU miner accepted (hash 2b5ee44b7dedb9476b384a3378443af339b093ed421554e9204530bfb954925e, amount 50.00000227 BTC)
2024-05-23 15:55:09.917 [INF] MINR: Block submitted via CPU miner accepted (hash 11f8c5a035de87a332e88a8d0bd41ababbc20b3000d81c7cb00aa53aa4dac9f8, amount 50 BTC)
2024-05-23 15:55:16.084 [INF] MINR: Block submitted via CPU miner accepted (hash 01f39f6569026212fd68e6f8501f4842ddd0204e96da7645de45027dc28c9067, amount 50 BTC)
2024-05-23 15:55:21.327 [INF] MINR: Block submitted via CPU miner accepted (hash 1dd6b89ba128f6dce014e517b24a326466773a39bcb5b693e73ad3ba4b9514c7, amount 50 BTC)
2024-05-23 15:55:25.875 [INF] MINR: Block submitted via CPU miner accepted (hash 14712baf176305725fb1bf6303d1c421367959700ad4f49ed5509963501f21df, amount 50 BTC)
2024-05-23 15:55:36.924 [INF] MINR: Block submitted via CPU miner accepted (hash 30cf6526ba3815ce44e403feea71b84b981a42e4cf43e880371cb39923a6b322, amount 50 BTC)
2024-05-23 15:56:38.472 [INF] RPCS: New websocket client [::1]:52256
2024-05-23 15:56:38.473 [INF] RPCS: New websocket client [::1]:52257
2024-05-23 15:56:39.488 [INF] RPCS: Beginning rescan for 27 addresses
2024-05-23 15:56:39.488 [INF] RPCS: Finished rescan
2024-05-23 15:56:44.128 [ERR] RPCS: Websocket receive error from [::1]:52257: websocket: close 1006 unexpected EOF
2024-05-23 15:56:44.128 [ERR] RPCS: Websocket receive error from [::1]:52256: websocket: close 1006 unexpected EOF
2024-05-23 15:56:44.128 [INF] RPCS: Disconnected websocket client [::1]:52257
2024-05-23 15:56:44.128 [INF] RPCS: Disconnected websocket client [::1]:52256
2024-05-23 16:02:28.918 [INF] RPCS: New websocket client [::1]:52335
2024-05-23 16:02:28.919 [INF] RPCS: New websocket client [::1]:52336
2024-05-23 16:02:31.276 [INF] RPCS: Beginning rescan for 0 addresses
2024-05-23 16:02:31.276 [INF] RPCS: Skipping rescan as client has no addrs/utxos
2024-05-23 16:02:31.276 [INF] RPCS: Finished rescan
2024-05-23 16:02:37.453 [ERR] RPCS: Websocket receive error from [::1]:52336: websocket: close 1006 unexpected EOF
2024-05-23 16:02:37.453 [INF] RPCS: Disconnected websocket client [::1]:52336
2024-05-23 16:02:37.453 [ERR] RPCS: Websocket receive error from [::1]:52335: websocket: close 1006 unexpected EOF
2024-05-23 16:02:37.454 [INF] RPCS: Disconnected websocket client [::1]:52335
2024-05-23 16:04:44.891 [INF] RPCS: New websocket client [::1]:52347
2024-05-23 16:04:44.892 [INF] RPCS: New websocket client [::1]:52348
2024-05-23 16:04:45.534 [INF] RPCS: Beginning rescan for 1 address
2024-05-23 16:04:45.535 [INF] RPCS: Finished rescan
2024-05-23 16:04:52.268 [ERR] RPCS: Websocket receive error from [::1]:52347: websocket: close 1006 unexpected EOF
2024-05-23 16:04:52.268 [ERR] RPCS: Websocket receive error from [::1]:52348: websocket: close 1006 unexpected EOF
2024-05-23 16:04:52.268 [INF] RPCS: Disconnected websocket client [::1]:52347
2024-05-23 16:04:52.268 [INF] RPCS: Disconnected websocket client [::1]:52348
2024-05-23 16:06:42.332 [INF] RPCS: New websocket client [::1]:52352
2024-05-23 16:06:42.333 [INF] RPCS: New websocket client [::1]:52353
2024-05-23 16:06:42.980 [INF] RPCS: Beginning rescan for 2 addresses
2024-05-23 16:06:42.980 [INF] RPCS: Finished rescan
2024-05-23 16:06:49.670 [ERR] RPCS: Websocket receive error from [::1]:52353: websocket: close 1006 unexpected EOF
2024-05-23 16:06:49.671 [INF] RPCS: Disconnected websocket client [::1]:52353
2024-05-23 16:06:49.671 [ERR] RPCS: Websocket receive error from [::1]:52352: websocket: close 1006 unexpected EOF
2024-05-23 16:06:49.671 [INF] RPCS: Disconnected websocket client [::1]:52352
2024-05-23 16:10:50.370 [INF] RPCS: New websocket client [::1]:52374
2024-05-23 16:10:50.371 [INF] RPCS: New websocket client [::1]:52375
2024-05-23 16:10:51.018 [INF] RPCS: Beginning rescan for 3 addresses
2024-05-23 16:10:51.019 [INF] RPCS: Finished rescan
2024-05-23 16:11:00.709 [ERR] RPCS: Websocket receive error from [::1]:52375: websocket: close 1006 unexpected EOF
2024-05-23 16:11:00.709 [ERR] RPCS: Websocket receive error from [::1]:52374: websocket: close 1006 unexpected EOF
2024-05-23 16:11:00.709 [INF] RPCS: Disconnected websocket client [::1]:52375
2024-05-23 16:11:00.709 [INF] RPCS: Disconnected websocket client [::1]:52374
2024-05-23 16:11:16.478 [INF] MINR: Block submitted via CPU miner accepted (hash 292fbb19c4455b07f8438c32988bb8327a60ea7f40ba480015e49b427c225c42, amount 50.00000908 BTC)
2024-05-23 16:14:29.470 [INF] RPCS: New websocket client [::1]:52461
2024-05-23 16:14:29.471 [INF] RPCS: New websocket client [::1]:52462
2024-05-23 16:14:30.438 [INF] RPCS: Beginning rescan for 4 addresses
2024-05-23 16:14:30.438 [INF] RPCS: Finished rescan
2024-05-23 16:14:36.718 [ERR] RPCS: Websocket receive error from [::1]:52462: websocket: close 1006 unexpected EOF
2024-05-23 16:14:36.718 [ERR] RPCS: Websocket receive error from [::1]:52461: websocket: close 1006 unexpected EOF
2024-05-23 16:14:36.718 [INF] RPCS: Disconnected websocket client [::1]:52462
2024-05-23 16:14:36.718 [INF] RPCS: Disconnected websocket client [::1]:52461
2024-05-23 16:16:35.481 [ERR] RPCS: Websocket receive error from [::1]:50275: websocket: close 1006 unexpected EOF
2024-05-23 16:16:35.482 [INF] RPCS: Disconnected websocket client [::1]:50275
2024-05-23 16:16:36.968 [INF] RPCS: New websocket client [::1]:52471
2024-05-23 16:16:37.612 [INF] RPCS: Beginning rescan for 11 addresses
2024-05-23 16:16:37.612 [INF] RPCS: Finished rescan
2024-05-23 16:16:57.186 [INF] RPCS: New websocket client [::1]:52476
2024-05-23 16:16:57.187 [INF] RPCS: New websocket client [::1]:52477
2024-05-23 16:16:58.406 [INF] RPCS: Beginning rescan for 4 addresses
2024-05-23 16:16:58.406 [INF] RPCS: Finished rescan
2024-05-23 16:17:05.022 [ERR] RPCS: Websocket receive error from [::1]:52476: websocket: close 1006 unexpected EOF
2024-05-23 16:17:05.022 [ERR] RPCS: Websocket receive error from [::1]:52477: websocket: close 1006 unexpected EOF
2024-05-23 16:17:05.022 [INF] RPCS: Disconnected websocket client [::1]:52477
2024-05-23 16:17:05.022 [INF] RPCS: Disconnected websocket client [::1]:52476
2024-05-23 16:18:45.462 [INF] RPCS: New websocket client [::1]:52575
2024-05-23 16:18:45.464 [INF] RPCS: New websocket client [::1]:52576
2024-05-23 16:18:46.107 [INF] RPCS: Beginning rescan for 4 addresses
2024-05-23 16:18:46.108 [INF] RPCS: Finished rescan
2024-05-23 16:18:52.717 [ERR] RPCS: Websocket receive error from [::1]:52575: websocket: close 1006 unexpected EOF
2024-05-23 16:18:52.717 [ERR] RPCS: Websocket receive error from [::1]:52576: websocket: close 1006 unexpected EOF
2024-05-23 16:18:52.717 [INF] RPCS: Disconnected websocket client [::1]:52575
2024-05-23 16:18:52.717 [INF] RPCS: Disconnected websocket client [::1]:52576
2024-05-23 16:19:59.082 [INF] RPCS: New websocket client [::1]:52583
2024-05-23 16:19:59.083 [INF] RPCS: New websocket client [::1]:52584
2024-05-23 16:19:59.726 [INF] RPCS: Beginning rescan for 4 addresses
2024-05-23 16:19:59.726 [INF] RPCS: Finished rescan
2024-05-23 16:20:06.358 [ERR] RPCS: Websocket receive error from [::1]:52584: websocket: close 1006 unexpected EOF
2024-05-23 16:20:06.358 [INF] RPCS: Disconnected websocket client [::1]:52584
2024-05-23 16:20:06.358 [ERR] RPCS: Websocket receive error from [::1]:52583: websocket: close 1006 unexpected EOF
2024-05-23 16:20:06.359 [INF] RPCS: Disconnected websocket client [::1]:52583
2024-05-23 22:31:46.903 [INF] RPCS: New websocket client [::1]:55619
2024-05-23 22:31:46.905 [INF] RPCS: New websocket client [::1]:55620
2024-05-23 22:31:48.188 [INF] RPCS: Beginning rescan for 4 addresses
2024-05-23 22:31:48.188 [INF] RPCS: Finished rescan
2024-05-23 22:31:54.911 [ERR] RPCS: Websocket receive error from [::1]:55619: websocket: close 1006 unexpected EOF
2024-05-23 22:31:54.911 [ERR] RPCS: Websocket receive error from [::1]:55620: websocket: close 1006 unexpected EOF
2024-05-23 22:31:54.912 [INF] RPCS: Disconnected websocket client [::1]:55619
2024-05-23 22:31:54.912 [INF] RPCS: Disconnected websocket client [::1]:55620
2024-06-08 17:49:16.404 [INF] BTCD: Version 0.24.2-betarc1
2024-06-08 17:49:16.404 [INF] BTCD: Loading block database from 'simnet/btcd/simnet/blocks_ffldb'
2024-06-08 17:49:16.446 [INF] BTCD: Block database loaded
2024-06-08 17:49:16.449 [INF] INDX: Transaction index is enabled
2024-06-08 17:49:16.449 [INF] INDX: Committed filter index is enabled
2024-06-08 17:49:16.449 [INF] CHAN: Pre-alloacting for 251 MiB: 
2024-06-08 17:49:16.456 [INF] CHAN: Loading block index...
2024-06-08 17:49:16.462 [INF] CHAN: Reconstructing UTXO state after an unclean shutdown. The UTXO state is consistent at block 1ca8e29ea9c535c9e3fdb233af2304567e94c05b273ac946a990e2a3cfd3c1e8 (504) but the chainstate is at block 30cf6526ba3815ce44e403feea71b84b981a42e4cf43e880371cb39923a6b322 (811),  This may take a long time...
2024-06-08 17:49:16.472 [INF] CHAN: Chain state (height 811, hash 30cf6526ba3815ce44e403feea71b84b981a42e4cf43e880371cb39923a6b322, totaltx 816, work 1624)
2024-06-08 17:49:16.477 [INF] RPCS: RPC server listening on [::1]:18556
2024-06-08 17:49:16.478 [INF] AMGR: Loaded 0 addresses from file 'simnet/btcd/simnet/peers.json'
2024-06-08 17:49:16.478 [INF] RPCS: RPC server listening on 127.0.0.1:18556
2024-06-08 17:49:16.478 [INF] CMGR: Server listening on 0.0.0.0:18555
2024-06-08 17:49:16.478 [INF] CMGR: Server listening on [::]:18555
2024-06-08 17:49:22.621 [INF] RPCS: New websocket client [::1]:55856
2024-06-08 17:49:25.312 [INF] RPCS: New websocket client [::1]:55859
2024-06-08 17:49:25.312 [INF] RPCS: New websocket client [::1]:55860
2024-06-08 17:49:26.288 [INF] RPCS: Beginning rescan for 27 addresses
2024-06-08 17:49:26.288 [INF] RPCS: Finished rescan
2024-06-08 17:49:29.277 [ERR] RPCS: Websocket receive error from [::1]:55860: websocket: close 1006 unexpected EOF
2024-06-08 17:49:29.277 [ERR] RPCS: Websocket receive error from [::1]:55859: websocket: close 1006 unexpected EOF
2024-06-08 17:49:29.277 [INF] RPCS: Disconnected websocket client [::1]:55859
2024-06-08 17:49:29.277 [INF] RPCS: Disconnected websocket client [::1]:55860
2024-06-08 17:52:30.351 [INF] RPCS: New websocket client [::1]:55880
2024-06-08 17:52:30.352 [INF] RPCS: New websocket client [::1]:55881
2024-06-08 17:52:30.890 [INF] RPCS: Beginning rescan for 27 addresses
2024-06-08 17:52:30.890 [INF] RPCS: Finished rescan
2024-06-08 17:52:34.384 [ERR] RPCS: Websocket receive error from [::1]:55880: websocket: close 1006 unexpected EOF
2024-06-08 17:52:34.384 [ERR] RPCS: Websocket receive error from [::1]:55881: websocket: close 1006 unexpected EOF
2024-06-08 17:52:34.384 [INF] RPCS: Disconnected websocket client [::1]:55880
2024-06-08 17:52:34.384 [INF] RPCS: Disconnected websocket client [::1]:55881
2024-06-08 18:00:04.391 [INF] RPCS: New websocket client [::1]:55915
2024-06-08 18:00:04.392 [INF] RPCS: New websocket client [::1]:55916
2024-06-08 18:00:04.911 [INF] RPCS: Beginning rescan for 27 addresses
2024-06-08 18:00:04.912 [INF] RPCS: Finished rescan
2024-06-08 18:00:08.392 [ERR] RPCS: Websocket receive error from [::1]:55916: websocket: close 1006 unexpected EOF
2024-06-08 18:00:08.392 [ERR] RPCS: Websocket receive error from [::1]:55915: websocket: close 1006 unexpected EOF
2024-06-08 18:00:08.392 [INF] RPCS: Disconnected websocket client [::1]:55916
2024-06-08 18:00:08.392 [INF] RPCS: Disconnected websocket client [::1]:55915
2024-06-08 18:25:24.938 [INF] RPCS: New websocket client [::1]:56344
2024-06-08 18:25:24.940 [INF] RPCS: New websocket client [::1]:56345
2024-06-08 18:25:25.582 [ERR] RPCS: Websocket receive error from [::1]:56344: websocket: close 1006 unexpected EOF
2024-06-08 18:25:25.582 [ERR] RPCS: Websocket receive error from [::1]:56345: websocket: close 1006 unexpected EOF
2024-06-08 18:25:25.582 [INF] RPCS: Disconnected websocket client [::1]:56344
2024-06-08 18:25:25.582 [INF] RPCS: Disconnected websocket client [::1]:56345
2024-06-08 18:30:25.054 [INF] RPCS: New websocket client [::1]:56386
2024-06-08 18:30:25.056 [INF] RPCS: New websocket client [::1]:56387
2024-06-08 18:30:25.060 [ERR] RPCS: Websocket receive error from [::1]:56386: websocket: close 1006 unexpected EOF
2024-06-08 18:30:25.060 [ERR] RPCS: Websocket receive error from [::1]:56387: websocket: close 1006 unexpected EOF
2024-06-08 18:30:25.060 [INF] RPCS: Disconnected websocket client [::1]:56386
2024-06-08 18:30:25.060 [INF] RPCS: Disconnected websocket client [::1]:56387
2024-06-10 01:14:04.176 [INF] BTCD: Received signal (terminated).  Shutting down...
2024-06-10 01:14:04.177 [INF] BTCD: Gracefully shutting down the server...
2024-06-10 01:14:04.177 [WRN] SRVR: Server shutting down
2024-06-10 01:14:04.177 [WRN] RPCS: RPC server shutting down
2024-06-10 01:14:04.177 [ERR] RPCS: Websocket receive error from [::1]:55856: read tcp6 [::1]:18556->[::1]:55856: use of closed network connection
2024-06-10 01:14:04.178 [INF] RPCS: RPC server shutdown complete
2024-06-10 01:14:04.183 [INF] RPCS: Disconnected websocket client [::1]:55856
2024-06-10 01:14:04.276 [INF] SYNC: Sync manager shutting down
2024-06-10 01:14:04.276 [INF] CHAN: Flushing UTXO cache of 97 MiB with 309 entries to disk. For large sizes, this can take up to several minutes...
2024-06-10 01:14:04.540 [INF] AMGR: Address manager shutting down
2024-06-10 01:14:04.543 [INF] SRVR: Server shutdown complete
2024-06-10 01:14:04.543 [INF] BTCD: Gracefully shutting down the database...
2024-06-10 01:14:04.560 [INF] BTCD: Shutdown complete
2024-06-10 17:28:02.894 [INF] BTCD: Version 0.24.2-betarc1
2024-06-10 17:28:02.894 [INF] BTCD: Loading block database from 'simnet/btcd/simnet/blocks_ffldb'
2024-06-10 17:28:02.940 [INF] BTCD: Block database loaded
2024-06-10 17:28:02.944 [INF] INDX: Transaction index is enabled
2024-06-10 17:28:02.945 [INF] INDX: Committed filter index is enabled
2024-06-10 17:28:02.945 [INF] CHAN: Pre-alloacting for 251 MiB: 
2024-06-10 17:28:02.948 [INF] CHAN: Loading block index...
2024-06-10 17:28:02.951 [INF] CHAN: Chain state (height 811, hash 30cf6526ba3815ce44e403feea71b84b981a42e4cf43e880371cb39923a6b322, totaltx 816, work 1624)
2024-06-10 17:28:02.951 [INF] RPCS: RPC server listening on 127.0.0.1:18556
2024-06-10 17:28:02.951 [INF] RPCS: RPC server listening on [::1]:18556
2024-06-10 17:28:02.952 [INF] AMGR: Loaded 0 addresses from file 'simnet/btcd/simnet/peers.json'
2024-06-10 17:28:02.952 [INF] CMGR: Server listening on [::]:18555
2024-06-10 17:28:02.952 [INF] CMGR: Server listening on 0.0.0.0:18555
2024-06-10 17:28:08.959 [INF] RPCS: New websocket client [::1]:52410
2024-06-10 17:28:11.911 [INF] RPCS: New websocket client [::1]:52413
2024-06-10 17:28:11.912 [INF] RPCS: New websocket client [::1]:52414
2024-06-10 17:28:26.493 [ERR] RPCS: Websocket receive error from [::1]:52413: websocket: close 1006 unexpected EOF
2024-06-10 17:28:26.493 [ERR] RPCS: Websocket receive error from [::1]:52414: websocket: close 1006 unexpected EOF
2024-06-10 17:28:26.493 [INF] RPCS: Disconnected websocket client [::1]:52413
2024-06-10 17:28:26.493 [INF] RPCS: Disconnected websocket client [::1]:52414
2024-06-10 17:31:58.715 [INF] RPCS: New websocket client [::1]:52434
2024-06-10 17:31:58.715 [INF] RPCS: New websocket client [::1]:52435
2024-06-10 17:32:01.726 [ERR] RPCS: Websocket receive error from [::1]:52435: websocket: close 1006 unexpected EOF
2024-06-10 17:32:01.726 [INF] RPCS: Disconnected websocket client [::1]:52435
2024-06-10 17:32:01.726 [ERR] RPCS: Websocket receive error from [::1]:52434: websocket: close 1006 unexpected EOF
2024-06-10 17:32:01.726 [INF] RPCS: Disconnected websocket client [::1]:52434
2024-06-10 17:41:26.435 [INF] MINR: Block submitted via CPU miner accepted (hash 54278165f6b8dabda15cecf89348600c11ad40f057fc65f3e8b122171284e0a3, amount 50.00000236 BTC)
2024-06-10 17:41:28.238 [INF] RPCS: Beginning rescan for 12 addresses
2024-06-10 17:41:28.239 [INF] RPCS: Finished rescan
2024-06-10 17:41:30.854 [INF] MINR: Block submitted via CPU miner accepted (hash 1f05c135c5cb5e1dc82509e0d1697442dcbf93a5e46b3670caf1d072f5df482f, amount 50.00000908 BTC)
2024-06-10 17:41:30.854 [INF] MINR: Block submitted via CPU miner accepted (hash 7782e1fd933db44c4a6b1d2961122e3b4465089133304e60f73652610dba5050, amount 50 BTC)
2024-06-10 17:41:30.855 [INF] MINR: Block submitted via CPU miner accepted (hash 30cb2bd278b3b1ac23079f95b7ccaf3b5ee9a45e1b18d4f895bff138155986af, amount 50 BTC)
2024-06-10 17:41:30.855 [INF] MINR: Block submitted via CPU miner accepted (hash 6b72a8074fd3d44b948b39d229bdb8ab055104539d96ba1c3085145b35cb87eb, amount 50 BTC)
2024-06-10 17:41:30.855 [INF] MINR: Block submitted via CPU miner accepted (hash 254da896cbf98fe2f427c754a47e280e57d7f746bf6544ae9b11b02d155c50f1, amount 50 BTC)
2024-06-10 17:41:30.855 [INF] MINR: Block submitted via CPU miner accepted (hash 74fad14573ff541ca92c976c4375876aeb22010d99bb84397ecb6df0381e50ae, amount 50 BTC)
2024-06-10 17:41:30.855 [INF] MINR: Block submitted via CPU miner accepted (hash 6b11c1540d39a80ff5146c0e30015c00a3d32cc57d83a36cfb3e66d0814dfb1f, amount 50 BTC)
2024-06-10 17:41:30.856 [INF] MINR: Block submitted via CPU miner accepted (hash 3ead96d1729bb6ac620f56a84c5c1150c0c891c2963afff98a17cb58c4aabf1e, amount 50 BTC)
2024-06-10 17:41:30.856 [INF] MINR: Block submitted via CPU miner accepted (hash 407b75e7f16088f0e8303a57a75e72fc1505b5807680ddd73f237b888ed78ff7, amount 50 BTC)
2024-06-10 17:41:30.856 [INF] MINR: Block submitted via CPU miner accepted (hash 1b8e3da26f13f730702efbf548f3865852622702fd2eb8500a11bdad6c29e0b1, amount 50 BTC)
2024-06-10 17:42:29.937 [INF] RPCS: New websocket client [::1]:52463
2024-06-10 17:42:29.937 [INF] RPCS: New websocket client [::1]:52464
2024-06-10 17:42:33.398 [ERR] RPCS: Websocket receive error from [::1]:52464: websocket: close 1006 unexpected EOF
2024-06-10 17:42:33.398 [ERR] RPCS: Websocket receive error from [::1]:52463: websocket: close 1006 unexpected EOF
2024-06-10 17:42:33.399 [INF] RPCS: Disconnected websocket client [::1]:52464
2024-06-10 17:42:33.399 [INF] RPCS: Disconnected websocket client [::1]:52463
2024-06-10 17:43:59.030 [INF] RPCS: New websocket client [::1]:52469
2024-06-10 17:43:59.031 [INF] RPCS: New websocket client [::1]:52470
2024-06-10 17:44:02.037 [ERR] RPCS: Websocket receive error from [::1]:52470: websocket: close 1006 unexpected EOF
2024-06-10 17:44:02.037 [ERR] RPCS: Websocket receive error from [::1]:52469: websocket: close 1006 unexpected EOF
2024-06-10 17:44:02.037 [INF] RPCS: Disconnected websocket client [::1]:52470
2024-06-10 17:44:02.037 [INF] RPCS: Disconnected websocket client [::1]:52469
2024-06-10 17:44:38.818 [INF] MINR: Block submitted via CPU miner accepted (hash 54bb653c4635f8dfb4efd9daf59d59c87bf1dcf581e77d33341a2ef04f2f6d71, amount 50 BTC)
2024-06-10 17:45:46.273 [INF] RPCS: New websocket client [::1]:52498
2024-06-10 17:45:46.274 [INF] RPCS: New websocket client [::1]:52499
2024-06-10 17:45:49.297 [ERR] RPCS: Websocket receive error from [::1]:52498: websocket: close 1006 unexpected EOF
2024-06-10 17:45:49.297 [ERR] RPCS: Websocket receive error from [::1]:52499: websocket: close 1006 unexpected EOF
2024-06-10 17:45:49.297 [INF] RPCS: Disconnected websocket client [::1]:52498
2024-06-10 17:45:49.297 [INF] RPCS: Disconnected websocket client [::1]:52499
2024-06-10 17:46:56.619 [INF] RPCS: New websocket client [::1]:52503
2024-06-10 17:46:56.621 [INF] RPCS: New websocket client [::1]:52504
2024-06-10 17:46:56.653 [INF] MINR: Block submitted via CPU miner accepted (hash 7783b5335fa98f2f3ddf8b85fb8ab69846c5868701793f64d78a75db7c68fdfd, amount 50 BTC)
2024-06-10 17:46:56.654 [INF] MINR: Block submitted via CPU miner accepted (hash 7266fa189903af783fda183403d683fdf1720b7e923fe541a88fdaa062686c02, amount 50 BTC)
2024-06-10 17:46:56.654 [INF] MINR: Block submitted via CPU miner accepted (hash 1b9184e714b0cfa7fe71cbc6a80464b90530ba3c363ab67edc0c9399e28c12f9, amount 50 BTC)
2024-06-10 17:46:56.654 [INF] MINR: Block submitted via CPU miner accepted (hash 3eed51a09d758e2b69057525cb15569334d2a57782b48281acfb5d34e641d4c2, amount 50 BTC)
2024-06-10 17:46:56.654 [INF] MINR: Block submitted via CPU miner accepted (hash 2101d787ebc78a1a657b0f890aa54f55dcee981b5ef889d7f69f5a69dd73badf, amount 50 BTC)
2024-06-10 17:46:56.654 [INF] MINR: Block submitted via CPU miner accepted (hash 614afe8d967bab31fe242a286297b455a1ee827002edd82a6c97aa3d11edce08, amount 50 BTC)
2024-06-10 17:46:56.655 [INF] MINR: Block submitted via CPU miner accepted (hash 5ffc2376e343b2fca9c33bcc0e5cf4722912365038a52ae61cb407f4d8ce2769, amount 50 BTC)
2024-06-10 17:46:56.655 [INF] MINR: Block submitted via CPU miner accepted (hash 771e24c3c4f053363fab13d219b97f2dbc387e09c478a8baea7f75f77f24fc47, amount 50 BTC)
2024-06-10 17:46:56.656 [INF] MINR: Block submitted via CPU miner accepted (hash 7c1376d105d1c54d335ab81ef96aeee34ccc81c8ff940a233e61406106e54296, amount 50 BTC)
2024-06-10 17:46:56.656 [INF] MINR: Block submitted via CPU miner accepted (hash 550a9069660869092d306609296b800b8e18b6a18bead982b7fa01e5a4adbad9, amount 50 BTC)
2024-06-10 17:46:56.661 [ERR] RPCS: Websocket receive error from [::1]:52503: websocket: close 1006 unexpected EOF
2024-06-10 17:46:56.661 [ERR] RPCS: Websocket receive error from [::1]:52504: websocket: close 1006 unexpected EOF
2024-06-10 17:46:56.664 [INF] RPCS: Disconnected websocket client [::1]:52503
2024-06-10 17:46:56.664 [INF] RPCS: Disconnected websocket client [::1]:52504
2024-06-10 17:47:39.912 [INF] RPCS: New websocket client [::1]:52508
2024-06-10 17:47:39.913 [INF] RPCS: New websocket client [::1]:52509
2024-06-10 17:47:40.706 [INF] RPCS: Beginning rescan for 6 addresses
2024-06-10 17:47:40.706 [INF] RPCS: Finished rescan
2024-06-10 17:47:47.997 [INF] MINR: Block submitted via CPU miner accepted (hash 49a2bf3e210908e41e74886cd17daaba2074546fc0d4118c8245c082cbe16be5, amount 50.00000236 BTC)
2024-06-10 17:47:48.012 [INF] MINR: Block submitted via CPU miner accepted (hash 01dfe2256997754439911a4e7896bfdceb7298bc5f43a2672f4735386cc5881a, amount 50 BTC)
2024-06-10 17:47:48.022 [ERR] RPCS: Websocket receive error from [::1]:52509: websocket: close 1006 unexpected EOF
2024-06-10 17:47:48.022 [ERR] RPCS: Websocket receive error from [::1]:52508: websocket: close 1006 unexpected EOF
2024-06-10 17:47:48.022 [INF] RPCS: Disconnected websocket client [::1]:52509
2024-06-10 17:47:48.022 [INF] RPCS: Disconnected websocket client [::1]:52508
2024-06-10 17:49:11.325 [INF] RPCS: New websocket client [::1]:52514
2024-06-10 17:49:11.326 [INF] RPCS: New websocket client [::1]:52515
2024-06-10 17:49:12.103 [INF] RPCS: Beginning rescan for 6 addresses
2024-06-10 17:49:12.103 [INF] RPCS: Finished rescan
2024-06-10 17:49:19.416 [INF] MINR: Block submitted via CPU miner accepted (hash 604d2b35afa7914cf16861b6129af7c79ff43dab88e5d9b639650f5ca6052df3, amount 50.00000236 BTC)
2024-06-10 17:49:19.436 [INF] MINR: Block submitted via CPU miner accepted (hash 6cdbeffca56a515ac2c232220523cf72702822f39648e9de807d37a4f6560439, amount 50 BTC)
2024-06-10 17:49:19.453 [ERR] RPCS: Websocket receive error from [::1]:52515: websocket: close 1006 unexpected EOF
2024-06-10 17:49:19.453 [ERR] RPCS: Websocket receive error from [::1]:52514: websocket: close 1006 unexpected EOF
2024-06-10 17:49:19.453 [INF] RPCS: Disconnected websocket client [::1]:52515
2024-06-10 17:49:19.453 [INF] RPCS: Disconnected websocket client [::1]:52514
2024-06-10 18:07:13.405 [INF] RPCS: New websocket client [::1]:52572
2024-06-10 18:07:13.406 [INF] RPCS: New websocket client [::1]:52573
2024-06-10 18:07:14.640 [INF] RPCS: Beginning rescan for 6 addresses
2024-06-10 18:07:14.640 [INF] RPCS: Finished rescan
2024-06-10 18:07:22.084 [INF] MINR: Block submitted via CPU miner accepted (hash 0625debe38c776cb3cf42302b32aca38cacfcfb8d027b827db6e79b451b83195, amount 50.00000236 BTC)
2024-06-10 18:07:22.107 [INF] MINR: Block submitted via CPU miner accepted (hash 4dcea1578659b10b95fa5c7f211b0cb254cc2710d7967fe5506d9928898e5c93, amount 50.09999000 BTC)
2024-06-10 18:07:22.130 [ERR] RPCS: Websocket receive error from [::1]:52573: websocket: close 1006 unexpected EOF
2024-06-10 18:07:22.130 [ERR] RPCS: Websocket receive error from [::1]:52572: websocket: close 1006 unexpected EOF
2024-06-10 18:07:22.130 [INF] RPCS: Disconnected websocket client [::1]:52573
2024-06-10 18:07:22.130 [INF] RPCS: Disconnected websocket client [::1]:52572
2024-06-10 18:09:11.247 [INF] RPCS: New websocket client [::1]:52582
2024-06-10 18:09:11.249 [INF] RPCS: New websocket client [::1]:52583
2024-06-10 18:09:12.037 [INF] RPCS: Beginning rescan for 6 addresses
2024-06-10 18:09:12.037 [INF] RPCS: Finished rescan
2024-06-10 18:09:19.352 [INF] MINR: Block submitted via CPU miner accepted (hash 2495a79661ee2714e6c7e3ccc6ca5624eb0f7d7ba3824351bf9f35af8655c4a6, amount 50.00000236 BTC)
2024-06-10 18:09:19.378 [INF] MINR: Block submitted via CPU miner accepted (hash 5fe8772816d5ddd185b165f60f997bf7c3980a954a0816c151950b274f2b3a27, amount 50 BTC)
2024-06-10 18:09:22.388 [ERR] RPCS: Websocket receive error from [::1]:52583: websocket: close 1006 unexpected EOF
2024-06-10 18:09:22.388 [ERR] RPCS: Websocket receive error from [::1]:52582: websocket: close 1006 unexpected EOF
2024-06-10 18:09:22.388 [INF] RPCS: Disconnected websocket client [::1]:52583
2024-06-10 18:09:22.388 [INF] RPCS: Disconnected websocket client [::1]:52582
2024-06-10 18:10:46.985 [INF] RPCS: New websocket client [::1]:52591
2024-06-10 18:10:46.986 [INF] RPCS: New websocket client [::1]:52592
2024-06-10 18:10:47.766 [INF] RPCS: Beginning rescan for 7 addresses
2024-06-10 18:10:47.766 [INF] RPCS: Finished rescan
2024-06-10 18:10:55.061 [INF] MINR: Block submitted via CPU miner accepted (hash 4ffede30587f7d07e0beffdd5e108c14007ff1c4745c64a9e8c00282f0bca743, amount 50.00000236 BTC)
2024-06-10 18:10:55.095 [INF] MINR: Block submitted via CPU miner accepted (hash 3bbe819ca24f5fddb55747d092cba37f0bff9ee3a5d65104f0d4ef707b4af409, amount 50.09999000 BTC)
2024-06-10 18:10:58.110 [ERR] RPCS: Websocket receive error from [::1]:52591: websocket: close 1006 unexpected EOF
2024-06-10 18:10:58.110 [ERR] RPCS: Websocket receive error from [::1]:52592: websocket: close 1006 unexpected EOF
2024-06-10 18:10:58.110 [INF] RPCS: Disconnected websocket client [::1]:52591
2024-06-10 18:10:58.110 [INF] RPCS: Disconnected websocket client [::1]:52592
2024-06-10 18:15:43.608 [INF] RPCS: New websocket client [::1]:52713
2024-06-10 18:15:43.610 [INF] RPCS: New websocket client [::1]:52714
2024-06-10 18:15:44.389 [INF] RPCS: Beginning rescan for 7 addresses
2024-06-10 18:15:44.389 [INF] RPCS: Finished rescan
2024-06-10 18:15:54.749 [INF] MINR: Block submitted via CPU miner accepted (hash 553b36ef9f0fa006b48683e0185bd553a8d52eaaa2ccad050e6739636018cb5d, amount 50.00000236 BTC)
2024-06-10 18:15:57.771 [INF] MINR: Block submitted via CPU miner accepted (hash 1c1c58d9c421c28292958422f70c9bc0ce06466c699f7e308e9c078fad98951c, amount 50 BTC)
2024-06-10 18:16:00.809 [ERR] RPCS: Websocket receive error from [::1]:52714: websocket: close 1006 unexpected EOF
2024-06-10 18:16:00.809 [ERR] RPCS: Websocket receive error from [::1]:52713: websocket: close 1006 unexpected EOF
2024-06-10 18:16:00.809 [INF] RPCS: Disconnected websocket client [::1]:52714
2024-06-10 18:16:00.809 [INF] RPCS: Disconnected websocket client [::1]:52713
2024-06-10 18:16:22.401 [INF] RPCS: New websocket client [::1]:52718
2024-06-10 18:16:22.401 [INF] RPCS: New websocket client [::1]:52719
2024-06-10 18:16:23.185 [INF] RPCS: Beginning rescan for 8 addresses
2024-06-10 18:16:23.185 [INF] RPCS: Finished rescan
2024-06-10 18:16:33.524 [INF] MINR: Block submitted via CPU miner accepted (hash 64271d0094f773da08b7186421c3cc3122a6e480a2baf9f584cd4a9f2f9a1084, amount 50.00000236 BTC)
2024-06-10 18:16:36.553 [INF] MINR: Block submitted via CPU miner accepted (hash 57b1df905e50330a4a5063a8617f2d62ed512c955dc68ef09fd06bc3ecc52309, amount 50.09999000 BTC)
2024-06-10 18:16:39.562 [ERR] RPCS: Websocket receive error from [::1]:52719: websocket: close 1006 unexpected EOF
2024-06-10 18:16:39.562 [INF] RPCS: Disconnected websocket client [::1]:52719
2024-06-10 18:16:39.562 [ERR] RPCS: Websocket receive error from [::1]:52718: websocket: close 1006 unexpected EOF
2024-06-10 18:16:39.562 [INF] RPCS: Disconnected websocket client [::1]:52718
2024-06-11 01:09:40.560 [INF] BTCD: Received signal (terminated).  Shutting down...
2024-06-11 01:09:40.573 [INF] BTCD: Gracefully shutting down the server...
2024-06-11 01:09:40.574 [WRN] SRVR: Server shutting down
2024-06-11 01:09:40.574 [WRN] RPCS: RPC server shutting down
2024-06-11 01:09:40.573 [ERR] RPCS: Websocket receive error from [::1]:52410: websocket: close 1006 unexpected EOF
2024-06-11 01:09:40.576 [INF] RPCS: RPC server shutdown complete
2024-06-11 01:09:40.651 [INF] RPCS: Disconnected websocket client [::1]:52410
2024-06-11 01:09:40.778 [INF] SYNC: Sync manager shutting down
2024-06-11 01:09:40.778 [INF] CHAN: Flushing UTXO cache of 97 MiB with 77 entries to disk. For large sizes, this can take up to several minutes...
2024-06-11 01:09:41.085 [INF] AMGR: Address manager shutting down
2024-06-11 01:09:41.089 [INF] SRVR: Server shutdown complete
2024-06-11 01:09:41.089 [INF] BTCD: Gracefully shutting down the database...
2024-06-11 01:09:41.114 [INF] BTCD: Shutdown complete
2024-06-13 23:02:53.950 [INF] BTCD: Version 0.24.2-betarc1
2024-06-13 23:02:53.950 [INF] BTCD: Loading block database from 'simnet/btcd/simnet/blocks_ffldb'
2024-06-13 23:02:53.984 [INF] BTCD: Block database loaded
2024-06-13 23:02:53.985 [INF] INDX: Transaction index is enabled
2024-06-13 23:02:53.985 [INF] INDX: Committed filter index is enabled
2024-06-13 23:02:53.985 [INF] CHAN: Pre-alloacting for 251 MiB: 
2024-06-13 23:02:53.993 [INF] CHAN: Loading block index...
2024-06-13 23:02:53.997 [INF] CHAN: Chain state (height 847, hash 57b1df905e50330a4a5063a8617f2d62ed512c955dc68ef09fd06bc3ecc52309, totaltx 867, work 1696)
2024-06-13 23:02:53.999 [INF] AMGR: Loaded 0 addresses from file 'simnet/btcd/simnet/peers.json'
2024-06-13 23:02:53.999 [INF] RPCS: RPC server listening on [::1]:18556
2024-06-13 23:02:53.999 [INF] RPCS: RPC server listening on 127.0.0.1:18556
2024-06-13 23:02:53.999 [INF] CMGR: Server listening on 0.0.0.0:18555
2024-06-13 23:02:53.999 [INF] CMGR: Server listening on [::]:18555
2024-06-13 23:02:59.984 [INF] RPCS: New websocket client [::1]:53450
2024-06-13 23:03:00.523 [INF] RPCS: Beginning rescan for 19 addresses
2024-06-13 23:03:00.524 [INF] RPCS: Finished rescan
2024-06-13 23:03:02.938 [INF] RPCS: New websocket client [::1]:53454
2024-06-13 23:03:02.939 [INF] RPCS: New websocket client [::1]:53455
2024-06-13 23:03:03.455 [ERR] RPCS: Websocket receive error from [::1]:53454: websocket: close 1006 unexpected EOF
2024-06-13 23:03:03.455 [INF] RPCS: Disconnected websocket client [::1]:53454
2024-06-13 23:03:03.455 [ERR] RPCS: Websocket receive error from [::1]:53455: websocket: close 1006 unexpected EOF
2024-06-13 23:03:03.455 [INF] RPCS: Disconnected websocket client [::1]:53455
2024-06-13 23:04:24.428 [INF] RPCS: New websocket client [::1]:53490
2024-06-13 23:04:24.429 [INF] RPCS: New websocket client [::1]:53491
2024-06-13 23:04:24.453 [ERR] RPCS: Websocket receive error from [::1]:53490: websocket: close 1006 unexpected EOF
2024-06-13 23:04:24.453 [ERR] RPCS: Websocket receive error from [::1]:53491: websocket: close 1006 unexpected EOF
2024-06-13 23:04:24.453 [INF] RPCS: Disconnected websocket client [::1]:53490
2024-06-13 23:04:24.453 [INF] RPCS: Disconnected websocket client [::1]:53491
2024-06-13 23:22:11.410 [INF] RPCS: New websocket client [::1]:53568
2024-06-13 23:22:11.412 [INF] RPCS: New websocket client [::1]:53569
2024-06-13 23:22:12.019 [ERR] RPCS: Websocket receive error from [::1]:53568: websocket: close 1006 unexpected EOF
2024-06-13 23:22:12.019 [ERR] RPCS: Websocket receive error from [::1]:53569: websocket: close 1006 unexpected EOF
2024-06-13 23:22:12.019 [INF] RPCS: Disconnected websocket client [::1]:53568
2024-06-13 23:22:12.019 [INF] RPCS: Disconnected websocket client [::1]:53569
2024-06-13 23:22:48.654 [INF] RPCS: New websocket client [::1]:53573
2024-06-13 23:22:48.655 [INF] RPCS: New websocket client [::1]:53574
2024-06-13 23:22:48.686 [ERR] RPCS: Websocket receive error from [::1]:53574: websocket: close 1006 unexpected EOF
2024-06-13 23:22:48.686 [INF] RPCS: Disconnected websocket client [::1]:53574
2024-06-13 23:22:48.686 [ERR] RPCS: Websocket receive error from [::1]:53573: websocket: close 1006 unexpected EOF
2024-06-13 23:22:48.687 [INF] RPCS: Disconnected websocket client [::1]:53573
2024-06-14 00:02:56.974 [INF] RPCS: New websocket client [::1]:53945
2024-06-14 00:02:56.975 [INF] RPCS: New websocket client [::1]:53946
2024-06-14 00:02:57.464 [ERR] RPCS: Websocket receive error from [::1]:53945: websocket: close 1006 unexpected EOF
2024-06-14 00:02:57.464 [ERR] RPCS: Websocket receive error from [::1]:53946: websocket: close 1006 unexpected EOF
2024-06-14 00:02:57.464 [INF] RPCS: Disconnected websocket client [::1]:53945
2024-06-14 00:02:57.464 [INF] RPCS: Disconnected websocket client [::1]:53946
2024-06-14 00:05:00.236 [INF] RPCS: New websocket client [::1]:53976
2024-06-14 00:05:00.237 [INF] RPCS: New websocket client [::1]:53977
2024-06-14 00:05:00.266 [ERR] RPCS: Websocket receive error from [::1]:53977: websocket: close 1006 unexpected EOF
2024-06-14 00:05:00.266 [ERR] RPCS: Websocket receive error from [::1]:53976: websocket: close 1006 unexpected EOF
2024-06-14 00:05:00.266 [INF] RPCS: Disconnected websocket client [::1]:53977
2024-06-14 00:05:00.266 [INF] RPCS: Disconnected websocket client [::1]:53976
2024-06-18 01:14:34.629 [INF] BTCD: Received signal (terminated).  Shutting down...
2024-06-18 01:14:34.631 [INF] BTCD: Gracefully shutting down the server...
2024-06-18 01:14:34.631 [WRN] SRVR: Server shutting down
2024-06-18 01:14:34.632 [WRN] RPCS: RPC server shutting down
2024-06-18 01:14:34.635 [INF] RPCS: RPC server shutdown complete
2024-06-18 01:14:34.635 [ERR] RPCS: Websocket receive error from [::1]:53450: read tcp6 [::1]:18556->[::1]:53450: use of closed network connection
2024-06-18 01:14:34.637 [INF] RPCS: Disconnected websocket client [::1]:53450
2024-06-18 01:14:34.727 [INF] SYNC: Sync manager shutting down
2024-06-18 01:14:34.729 [INF] CHAN: Flushing UTXO cache of 97 MiB with 0 entries to disk. For large sizes, this can take up to several minutes...
2024-06-18 01:14:34.730 [INF] AMGR: Address manager shutting down
2024-06-18 01:14:34.732 [INF] SRVR: Server shutdown complete
2024-06-18 01:14:34.732 [INF] BTCD: Gracefully shutting down the database...
2024-06-18 01:14:34.782 [INF] BTCD: Shutdown complete
2024-06-18 11:23:58.576 [INF] BTCD: Version 0.24.2-betarc1
2024-06-18 11:23:58.576 [INF] BTCD: Loading block database from 'simnet/btcd/simnet/blocks_ffldb'
2024-06-18 11:23:58.624 [INF] BTCD: Block database loaded
2024-06-18 11:23:58.625 [INF] INDX: Transaction index is enabled
2024-06-18 11:23:58.626 [INF] INDX: Committed filter index is enabled
2024-06-18 11:23:58.626 [INF] CHAN: Pre-alloacting for 251 MiB: 
2024-06-18 11:23:58.656 [INF] CHAN: Loading block index...
2024-06-18 11:23:58.658 [INF] CHAN: Chain state (height 847, hash 57b1df905e50330a4a5063a8617f2d62ed512c955dc68ef09fd06bc3ecc52309, totaltx 867, work 1696)
2024-06-18 11:23:58.659 [INF] RPCS: RPC server listening on [::1]:18556
2024-06-18 11:23:58.659 [INF] RPCS: RPC server listening on 127.0.0.1:18556
2024-06-18 11:23:58.660 [INF] AMGR: Loaded 0 addresses from file 'simnet/btcd/simnet/peers.json'
2024-06-18 11:23:58.660 [INF] CMGR: Server listening on [::]:18555
2024-06-18 11:23:58.660 [INF] CMGR: Server listening on 0.0.0.0:18555
2024-06-18 11:24:04.641 [INF] RPCS: New websocket client [::1]:49914
2024-06-18 11:24:05.303 [INF] RPCS: Beginning rescan for 19 addresses
2024-06-18 11:24:05.304 [INF] RPCS: Finished rescan
2024-06-18 11:24:07.592 [INF] RPCS: New websocket client [::1]:49917
2024-06-18 11:24:07.593 [INF] RPCS: New websocket client [::1]:49918
2024-06-18 11:24:08.222 [ERR] RPCS: Websocket receive error from [::1]:49917: websocket: close 1006 unexpected EOF
2024-06-18 11:24:08.222 [ERR] RPCS: Websocket receive error from [::1]:49918: websocket: close 1006 unexpected EOF
2024-06-18 11:24:08.222 [INF] RPCS: Disconnected websocket client [::1]:49917
2024-06-18 11:24:08.222 [INF] RPCS: Disconnected websocket client [::1]:49918
2024-06-20 01:13:52.145 [INF] BTCD: Received signal (terminated).  Shutting down...
2024-06-20 01:13:52.148 [INF] BTCD: Gracefully shutting down the server...
2024-06-20 01:13:52.148 [WRN] SRVR: Server shutting down
2024-06-20 01:13:52.149 [WRN] RPCS: RPC server shutting down
2024-06-20 01:13:52.152 [INF] RPCS: RPC server shutdown complete
2024-06-20 01:13:52.152 [ERR] RPCS: Websocket receive error from [::1]:49914: read tcp6 [::1]:18556->[::1]:49914: use of closed network connection
2024-06-20 01:13:52.153 [INF] RPCS: Disconnected websocket client [::1]:49914
2024-06-20 01:13:52.236 [INF] SYNC: Sync manager shutting down
2024-06-20 01:13:52.237 [INF] CHAN: Flushing UTXO cache of 97 MiB with 0 entries to disk. For large sizes, this can take up to several minutes...
2024-06-20 01:13:52.239 [INF] AMGR: Address manager shutting down
2024-06-20 01:13:52.242 [INF] SRVR: Server shutdown complete
2024-06-20 01:13:52.242 [INF] BTCD: Gracefully shutting down the database...
2024-06-20 01:13:52.255 [INF] BTCD: Shutdown complete
2024-06-20 09:44:36.700 [INF] BTCD: Version 0.24.2-betarc1
2024-06-20 09:44:36.701 [INF] BTCD: Loading block database from 'simnet/btcd/simnet/blocks_ffldb'
2024-06-20 09:44:36.732 [INF] BTCD: Block database loaded
2024-06-20 09:44:36.733 [INF] INDX: Transaction index is enabled
2024-06-20 09:44:36.733 [INF] INDX: Committed filter index is enabled
2024-06-20 09:44:36.733 [INF] CHAN: Pre-alloacting for 251 MiB: 
2024-06-20 09:44:36.740 [INF] CHAN: Loading block index...
2024-06-20 09:44:36.744 [INF] CHAN: Chain state (height 847, hash 57b1df905e50330a4a5063a8617f2d62ed512c955dc68ef09fd06bc3ecc52309, totaltx 867, work 1696)
2024-06-20 09:44:36.745 [INF] AMGR: Loaded 0 addresses from file 'simnet/btcd/simnet/peers.json'
2024-06-20 09:44:36.745 [INF] RPCS: RPC server listening on [::1]:18556
2024-06-20 09:44:36.745 [INF] RPCS: RPC server listening on 127.0.0.1:18556
2024-06-20 09:44:36.745 [INF] CMGR: Server listening on 0.0.0.0:18555
2024-06-20 09:44:36.745 [INF] CMGR: Server listening on [::]:18555
2024-06-20 09:56:01.670 [INF] RPCS: New websocket client [::1]:49793
2024-06-20 09:56:02.336 [INF] RPCS: Beginning rescan for 19 addresses
2024-06-20 09:56:02.337 [INF] RPCS: Finished rescan
2024-06-20 09:56:04.620 [INF] RPCS: New websocket client [::1]:49796
2024-06-20 09:56:04.621 [INF] RPCS: New websocket client [::1]:49797
2024-06-20 09:56:05.249 [ERR] RPCS: Websocket receive error from [::1]:49797: websocket: close 1006 unexpected EOF
2024-06-20 09:56:05.249 [INF] RPCS: Disconnected websocket client [::1]:49797
2024-06-20 09:56:05.249 [ERR] RPCS: Websocket receive error from [::1]:49796: websocket: close 1006 unexpected EOF
2024-06-20 09:56:05.250 [INF] RPCS: Disconnected websocket client [::1]:49796
2024-06-20 09:56:33.758 [INF] RPCS: New websocket client [::1]:49801
2024-06-20 09:56:33.759 [INF] RPCS: New websocket client [::1]:49802
2024-06-20 09:56:33.764 [ERR] RPCS: Websocket receive error from [::1]:49801: websocket: close 1006 unexpected EOF
2024-06-20 09:56:33.764 [ERR] RPCS: Websocket receive error from [::1]:49802: websocket: close 1006 unexpected EOF
2024-06-20 09:56:33.764 [INF] RPCS: Disconnected websocket client [::1]:49801
2024-06-20 09:56:33.764 [INF] RPCS: Disconnected websocket client [::1]:49802
2024-06-23 11:54:18.595 [INF] BTCD: Version 0.24.2-betarc1
2024-06-23 11:54:18.595 [INF] BTCD: Loading block database from 'simnet/btcd/simnet/blocks_ffldb'
2024-06-23 11:54:18.636 [INF] BTCD: Block database loaded
2024-06-23 11:54:18.640 [INF] INDX: Transaction index is enabled
2024-06-23 11:54:18.640 [INF] INDX: Committed filter index is enabled
2024-06-23 11:54:18.640 [INF] CHAN: Pre-alloacting for 251 MiB: 
2024-06-23 11:54:18.645 [INF] CHAN: Loading block index...
2024-06-23 11:54:18.651 [INF] CHAN: Chain state (height 847, hash 57b1df905e50330a4a5063a8617f2d62ed512c955dc68ef09fd06bc3ecc52309, totaltx 867, work 1696)
2024-06-23 11:54:18.654 [INF] AMGR: Loaded 0 addresses from file 'simnet/btcd/simnet/peers.json'
2024-06-23 11:54:18.655 [INF] RPCS: RPC server listening on [::1]:18556
2024-06-23 11:54:18.656 [INF] RPCS: RPC server listening on 127.0.0.1:18556
2024-06-23 11:54:18.656 [INF] CMGR: Server listening on 0.0.0.0:18555
2024-06-23 11:54:18.656 [INF] CMGR: Server listening on [::]:18555
2024-06-23 11:54:36.233 [INF] RPCS: New websocket client [::1]:51097
2024-06-23 11:54:36.325 [INF] RPCS: Beginning rescan for 19 addresses
2024-06-23 11:54:36.326 [INF] RPCS: Finished rescan
2024-07-02 12:51:47.076 [INF] BTCD: Version 0.24.2-betarc1
2024-07-02 12:51:47.076 [INF] BTCD: Loading block database from 'simnet/btcd/simnet/blocks_ffldb'
2024-07-02 12:51:47.129 [INF] BTCD: Block database loaded
2024-07-02 12:51:47.132 [INF] INDX: Transaction index is enabled
2024-07-02 12:51:47.132 [INF] INDX: Committed filter index is enabled
2024-07-02 12:51:47.132 [INF] CHAN: Pre-alloacting for 251 MiB: 
2024-07-02 12:51:47.136 [INF] CHAN: Loading block index...
2024-07-02 12:51:47.141 [INF] CHAN: Chain state (height 847, hash 57b1df905e50330a4a5063a8617f2d62ed512c955dc68ef09fd06bc3ecc52309, totaltx 867, work 1696)
2024-07-02 12:51:47.141 [INF] RPCS: RPC server listening on [::1]:18556
2024-07-02 12:51:47.141 [INF] RPCS: RPC server listening on 127.0.0.1:18556
2024-07-02 12:51:47.143 [INF] AMGR: Loaded 0 addresses from file 'simnet/btcd/simnet/peers.json'
2024-07-02 12:51:47.143 [INF] CMGR: Server listening on 0.0.0.0:18555
2024-07-02 12:51:47.143 [INF] CMGR: Server listening on [::]:18555
2024-07-02 12:51:53.127 [INF] RPCS: New websocket client [::1]:50220
2024-07-02 12:51:53.679 [INF] RPCS: Beginning rescan for 19 addresses
2024-07-02 12:51:53.680 [INF] RPCS: Finished rescan
2024-07-03 00:53:12.213 [INF] BTCD: Received signal (terminated).  Shutting down...
2024-07-03 00:53:12.214 [INF] BTCD: Gracefully shutting down the server...
2024-07-03 00:53:12.214 [WRN] SRVR: Server shutting down
2024-07-03 00:53:12.215 [WRN] RPCS: RPC server shutting down
2024-07-03 00:53:12.216 [ERR] RPCS: Websocket receive error from [::1]:50220: read tcp6 [::1]:18556->[::1]:50220: use of closed network connection
2024-07-03 00:53:12.216 [INF] RPCS: RPC server shutdown complete
2024-07-03 00:53:12.217 [INF] RPCS: Disconnected websocket client [::1]:50220
2024-07-03 00:53:12.288 [INF] SYNC: Sync manager shutting down
2024-07-03 00:53:12.289 [INF] CHAN: Flushing UTXO cache of 97 MiB with 0 entries to disk. For large sizes, this can take up to several minutes...
2024-07-03 00:53:12.290 [INF] AMGR: Address manager shutting down
2024-07-03 00:53:12.291 [INF] SRVR: Server shutdown complete
2024-07-03 00:53:12.292 [INF] BTCD: Gracefully shutting down the database...
2024-07-03 00:53:12.341 [INF] BTCD: Shutdown complete
2024-07-03 14:29:54.700 [INF] BTCD: Version 0.24.2-betarc1
2024-07-03 14:29:54.700 [INF] BTCD: Loading block database from 'simnet/btcd/simnet/blocks_ffldb'
2024-07-03 14:29:54.745 [INF] BTCD: Block database loaded
2024-07-03 14:29:54.746 [INF] INDX: Transaction index is enabled
2024-07-03 14:29:54.746 [INF] INDX: Committed filter index is enabled
2024-07-03 14:29:54.747 [INF] CHAN: Pre-alloacting for 251 MiB: 
2024-07-03 14:29:54.752 [INF] CHAN: Loading block index...
2024-07-03 14:29:54.766 [INF] CHAN: Chain state (height 847, hash 57b1df905e50330a4a5063a8617f2d62ed512c955dc68ef09fd06bc3ecc52309, totaltx 867, work 1696)
2024-07-03 14:29:54.769 [INF] RPCS: RPC server listening on [::1]:18556
2024-07-03 14:29:54.770 [INF] RPCS: RPC server listening on 127.0.0.1:18556
2024-07-03 14:29:54.774 [INF] AMGR: Loaded 0 addresses from file 'simnet/btcd/simnet/peers.json'
2024-07-03 14:29:54.775 [INF] CMGR: Server listening on 0.0.0.0:18555
2024-07-03 14:29:54.779 [INF] CMGR: Server listening on [::]:18555
2024-07-03 14:30:00.763 [INF] RPCS: New websocket client [::1]:52311
2024-07-03 14:30:01.434 [INF] RPCS: Beginning rescan for 19 addresses
2024-07-03 14:30:01.436 [INF] RPCS: Finished rescan
2024-07-04 01:06:41.122 [INF] BTCD: Received signal (terminated).  Shutting down...
2024-07-04 01:06:41.126 [INF] BTCD: Gracefully shutting down the server...
2024-07-04 01:06:41.126 [WRN] SRVR: Server shutting down
2024-07-04 01:06:41.127 [WRN] RPCS: RPC server shutting down
2024-07-04 01:06:41.130 [INF] RPCS: RPC server shutdown complete
2024-07-04 01:06:41.130 [ERR] RPCS: Websocket receive error from [::1]:52311: read tcp6 [::1]:18556->[::1]:52311: use of closed network connection
2024-07-04 01:06:41.133 [INF] RPCS: Disconnected websocket client [::1]:52311
2024-07-04 01:06:41.248 [INF] SYNC: Sync manager shutting down
2024-07-04 01:06:41.249 [INF] CHAN: Flushing UTXO cache of 97 MiB with 0 entries to disk. For large sizes, this can take up to several minutes...
2024-07-04 01:06:41.251 [INF] AMGR: Address manager shutting down
2024-07-04 01:06:41.253 [INF] SRVR: Server shutdown complete
2024-07-04 01:06:41.254 [INF] BTCD: Gracefully shutting down the database...
2024-07-04 01:06:41.268 [INF] BTCD: Shutdown complete
2024-07-09 21:44:39.763 [INF] BTCD: Version 0.24.2-betarc1
2024-07-09 21:44:39.764 [INF] BTCD: Loading block database from 'simnet/btcd/simnet/blocks_ffldb'
2024-07-09 21:44:39.792 [INF] BTCD: Block database loaded
2024-07-09 21:44:39.795 [INF] INDX: Transaction index is enabled
2024-07-09 21:44:39.796 [INF] INDX: Committed filter index is enabled
2024-07-09 21:44:39.797 [INF] CHAN: Pre-alloacting for 251 MiB: 
2024-07-09 21:44:39.801 [INF] CHAN: Loading block index...
2024-07-09 21:44:39.804 [INF] CHAN: Chain state (height 847, hash 57b1df905e50330a4a5063a8617f2d62ed512c955dc68ef09fd06bc3ecc52309, totaltx 867, work 1696)
2024-07-09 21:44:39.805 [INF] RPCS: RPC server listening on [::1]:18556
2024-07-09 21:44:39.805 [INF] RPCS: RPC server listening on 127.0.0.1:18556
2024-07-09 21:44:39.806 [INF] AMGR: Loaded 0 addresses from file 'simnet/btcd/simnet/peers.json'
2024-07-09 21:44:39.807 [INF] CMGR: Server listening on 0.0.0.0:18555
2024-07-09 21:44:39.807 [INF] CMGR: Server listening on [::]:18555
2024-07-09 21:44:45.799 [INF] RPCS: New websocket client [::1]:57245
2024-07-09 21:44:46.473 [INF] RPCS: Beginning rescan for 19 addresses
2024-07-09 21:44:46.474 [INF] RPCS: Finished rescan
2024-07-10 04:53:06.185 [INF] BTCD: Received signal (terminated).  Shutting down...
2024-07-10 04:53:06.187 [INF] BTCD: Gracefully shutting down the server...
2024-07-10 04:53:06.187 [WRN] SRVR: Server shutting down
2024-07-10 04:53:06.188 [WRN] RPCS: RPC server shutting down
2024-07-10 04:53:06.188 [ERR] RPCS: Websocket receive error from [::1]:57245: read tcp6 [::1]:18556->[::1]:57245: use of closed network connection
2024-07-10 04:53:06.189 [INF] RPCS: RPC server shutdown complete
2024-07-10 04:53:06.198 [INF] RPCS: Disconnected websocket client [::1]:57245
2024-07-10 04:53:06.253 [INF] SYNC: Sync manager shutting down
2024-07-10 04:53:06.254 [INF] CHAN: Flushing UTXO cache of 97 MiB with 0 entries to disk. For large sizes, this can take up to several minutes...
2024-07-10 04:53:06.255 [INF] AMGR: Address manager shutting down
2024-07-10 04:53:06.256 [INF] SRVR: Server shutdown complete
2024-07-10 04:53:06.256 [INF] BTCD: Gracefully shutting down the database...
2024-07-10 04:53:06.310 [INF] BTCD: Shutdown complete
2024-07-13 21:46:09.597 [INF] BTCD: Version 0.24.2-betarc1
2024-07-13 21:46:09.598 [INF] BTCD: Loading block database from 'simnet/btcd/simnet/blocks_ffldb'
2024-07-13 21:46:09.625 [INF] BTCD: Block database loaded
2024-07-13 21:46:09.630 [INF] INDX: Transaction index is enabled
2024-07-13 21:46:09.630 [INF] INDX: Committed filter index is enabled
2024-07-13 21:46:09.630 [INF] CHAN: Pre-alloacting for 251 MiB: 
2024-07-13 21:46:09.634 [INF] CHAN: Loading block index...
2024-07-13 21:46:09.645 [INF] CHAN: Chain state (height 847, hash 57b1df905e50330a4a5063a8617f2d62ed512c955dc68ef09fd06bc3ecc52309, totaltx 867, work 1696)
2024-07-13 21:46:09.650 [INF] RPCS: RPC server listening on [::1]:18556
2024-07-13 21:46:09.650 [INF] RPCS: RPC server listening on 127.0.0.1:18556
2024-07-13 21:46:09.651 [INF] AMGR: Loaded 0 addresses from file 'simnet/btcd/simnet/peers.json'
2024-07-13 21:46:09.653 [INF] CMGR: Server listening on 0.0.0.0:18555
2024-07-13 21:46:09.654 [INF] CMGR: Server listening on [::]:18555
2024-07-13 21:46:15.800 [INF] RPCS: New websocket client [::1]:54140
2024-07-13 21:46:16.343 [INF] RPCS: Beginning rescan for 19 addresses
2024-07-13 21:46:16.344 [INF] RPCS: Finished rescan
2024-07-23 00:02:40.015 [INF] BTCD: Version 0.24.2-betarc1
2024-07-23 00:02:40.015 [INF] BTCD: Loading block database from 'simnet/btcd/simnet/blocks_ffldb'
2024-07-23 00:02:40.048 [INF] BTCD: Block database loaded
2024-07-23 00:02:40.050 [INF] INDX: Transaction index is enabled
2024-07-23 00:02:40.050 [INF] INDX: Committed filter index is enabled
2024-07-23 00:02:40.050 [INF] CHAN: Pre-alloacting for 251 MiB: 
2024-07-23 00:02:40.056 [INF] CHAN: Loading block index...
2024-07-23 00:02:40.061 [INF] CHAN: Chain state (height 847, hash 57b1df905e50330a4a5063a8617f2d62ed512c955dc68ef09fd06bc3ecc52309, totaltx 867, work 1696)
2024-07-23 00:02:40.063 [INF] AMGR: Loaded 0 addresses from file 'simnet/btcd/simnet/peers.json'
2024-07-23 00:02:40.063 [INF] RPCS: RPC server listening on [::1]:18556
2024-07-23 00:02:40.063 [INF] RPCS: RPC server listening on 127.0.0.1:18556
2024-07-23 00:02:40.063 [INF] CMGR: Server listening on 0.0.0.0:18555
2024-07-23 00:02:40.063 [INF] CMGR: Server listening on [::]:18555
2024-07-23 00:02:46.067 [INF] RPCS: New websocket client [::1]:53696
2024-07-23 00:02:46.569 [INF] RPCS: Beginning rescan for 19 addresses
2024-07-23 00:02:46.569 [INF] RPCS: Finished rescan
2024-07-23 00:02:49.024 [INF] RPCS: New websocket client [::1]:53699
2024-07-23 00:02:49.025 [INF] RPCS: New websocket client [::1]:53700
2024-07-23 00:02:50.275 [INF] RPCS: Beginning rescan for 8 addresses
2024-07-23 00:02:50.275 [INF] RPCS: Finished rescan
2024-07-23 00:03:00.655 [INF] MINR: Block submitted via CPU miner accepted (hash 3461ae395d8617fff49fd872b5680ffd32a91821846152935c28f6ab2e46852a, amount 50.00000236 BTC)
2024-07-23 00:03:03.676 [INF] MINR: Block submitted via CPU miner accepted (hash 228b99b16356e4a4ed485d96a7b40828779d06f993ccc42ad8a11357e0eb31e8, amount 50.09999000 BTC)
2024-07-23 00:03:06.742 [INF] RPCS: New websocket client [::1]:53704
2024-07-23 00:03:06.743 [INF] RPCS: New websocket client [::1]:53705
2024-07-23 00:03:06.944 [INF] RPCS: New websocket client [::1]:53707
2024-07-23 00:03:06.945 [INF] RPCS: New websocket client [::1]:53708
2024-07-23 00:03:06.968 [INF] RPCS: New websocket client [::1]:53710
2024-07-23 00:03:06.969 [INF] RPCS: New websocket client [::1]:53711
2024-07-23 00:03:06.970 [INF] RPCS: New websocket client [::1]:53713
2024-07-23 00:03:06.970 [INF] RPCS: New websocket client [::1]:53714
2024-07-23 00:03:07.868 [ERR] RPCS: Websocket receive error from [::1]:53713: websocket: close 1006 unexpected EOF
2024-07-23 00:03:07.868 [ERR] RPCS: Websocket receive error from [::1]:53704: websocket: close 1006 unexpected EOF
2024-07-23 00:03:07.868 [ERR] RPCS: Websocket receive error from [::1]:53711: websocket: close 1006 unexpected EOF
2024-07-23 00:03:07.868 [ERR] RPCS: Websocket receive error from [::1]:53705: websocket: close 1006 unexpected EOF
2024-07-23 00:03:07.868 [INF] RPCS: Disconnected websocket client [::1]:53704
2024-07-23 00:03:07.868 [ERR] RPCS: Websocket receive error from [::1]:53700: websocket: close 1006 unexpected EOF
2024-07-23 00:03:07.868 [ERR] RPCS: Websocket receive error from [::1]:53714: websocket: close 1006 unexpected EOF
2024-07-23 00:03:07.868 [INF] RPCS: Disconnected websocket client [::1]:53700
2024-07-23 00:03:07.868 [ERR] RPCS: Websocket receive error from [::1]:53708: websocket: close 1006 unexpected EOF
2024-07-23 00:03:07.868 [ERR] RPCS: Websocket receive error from [::1]:53710: websocket: close 1006 unexpected EOF
2024-07-23 00:03:07.868 [INF] RPCS: Disconnected websocket client [::1]:53711
2024-07-23 00:03:07.868 [ERR] RPCS: Websocket receive error from [::1]:53699: websocket: close 1006 unexpected EOF
2024-07-23 00:03:07.869 [INF] RPCS: Disconnected websocket client [::1]:53699
2024-07-23 00:03:07.868 [ERR] RPCS: Websocket receive error from [::1]:53707: websocket: close 1006 unexpected EOF
2024-07-23 00:03:07.868 [INF] RPCS: Disconnected websocket client [::1]:53705
2024-07-23 00:03:07.868 [INF] RPCS: Disconnected websocket client [::1]:53713
2024-07-23 00:03:07.868 [INF] RPCS: Disconnected websocket client [::1]:53714
2024-07-23 00:03:07.869 [INF] RPCS: Disconnected websocket client [::1]:53708
2024-07-23 00:03:07.869 [INF] RPCS: Disconnected websocket client [::1]:53710
2024-07-23 00:03:07.869 [INF] RPCS: Disconnected websocket client [::1]:53707
2024-07-23 00:04:11.004 [INF] RPCS: New websocket client [::1]:53719
2024-07-23 00:04:11.006 [INF] RPCS: New websocket client [::1]:53720
2024-07-23 00:04:11.793 [INF] RPCS: Beginning rescan for 9 addresses
2024-07-23 00:04:11.793 [INF] RPCS: Finished rescan
2024-07-23 00:04:19.374 [ERR] RPCS: Websocket receive error from [::1]:53720: websocket: close 1006 unexpected EOF
2024-07-23 00:04:19.375 [INF] RPCS: Disconnected websocket client [::1]:53720
2024-07-23 00:04:19.374 [ERR] RPCS: Websocket receive error from [::1]:53719: websocket: close 1006 unexpected EOF
2024-07-23 00:04:19.375 [INF] RPCS: Disconnected websocket client [::1]:53719
2024-07-23 00:06:17.911 [INF] RPCS: New websocket client [::1]:53790
2024-07-23 00:06:17.912 [INF] RPCS: New websocket client [::1]:53791
2024-07-23 00:06:18.726 [INF] RPCS: Beginning rescan for 27 addresses
2024-07-23 00:06:18.726 [INF] RPCS: Finished rescan
2024-07-23 00:06:23.437 [ERR] RPCS: Websocket receive error from [::1]:53791: websocket: close 1006 unexpected EOF
2024-07-23 00:06:23.437 [INF] RPCS: Disconnected websocket client [::1]:53791
2024-07-23 00:06:23.437 [ERR] RPCS: Websocket receive error from [::1]:53790: websocket: close 1006 unexpected EOF
2024-07-23 00:06:23.437 [INF] RPCS: Disconnected websocket client [::1]:53790
2024-07-23 00:06:39.626 [INF] RPCS: New websocket client [::1]:53795
2024-07-23 00:06:39.627 [INF] RPCS: New websocket client [::1]:53796
2024-07-23 00:06:40.145 [INF] RPCS: Beginning rescan for 10 addresses
2024-07-23 00:06:40.145 [INF] RPCS: Finished rescan
2024-07-23 00:06:50.595 [INF] MINR: Block submitted via CPU miner accepted (hash 0c3151f01bc708d04bdabc25d4f47df1027782053ebbe29a1ac7da29a3668eaa, amount 50.00000472 BTC)
2024-07-23 00:06:53.617 [INF] MINR: Block submitted via CPU miner accepted (hash 1ba20d5a108957a3f0f7bb8831c853bacacf4e02de20e80472233c3aea5f7a32, amount 50 BTC)
2024-07-23 00:06:56.627 [ERR] RPCS: Websocket receive error from [::1]:53796: websocket: close 1006 unexpected EOF
2024-07-23 00:06:56.627 [ERR] RPCS: Websocket receive error from [::1]:53795: websocket: close 1006 unexpected EOF
2024-07-23 00:06:56.627 [INF] RPCS: Disconnected websocket client [::1]:53796
2024-07-23 00:06:56.627 [INF] RPCS: Disconnected websocket client [::1]:53795
2024-07-23 00:07:08.798 [INF] RPCS: New websocket client [::1]:53801
2024-07-23 00:07:08.799 [INF] RPCS: New websocket client [::1]:53802
2024-07-23 00:07:09.575 [INF] RPCS: Beginning rescan for 10 addresses
2024-07-23 00:07:09.575 [INF] RPCS: Finished rescan
2024-07-23 00:07:19.912 [INF] MINR: Block submitted via CPU miner accepted (hash 39c0a20d1d6887ae11dcd5fdc8848ca6eff4497a30c1786b22766cc6f0ebeaf3, amount 50.00000236 BTC)
2024-07-23 00:07:22.937 [INF] MINR: Block submitted via CPU miner accepted (hash 6ff3ea0d157601f42dea4a6268fa785eac18ae561726130e6162da1b0f06fdf6, amount 50.09999000 BTC)
2024-07-23 00:07:25.975 [ERR] RPCS: Websocket receive error from [::1]:53802: websocket: close 1006 unexpected EOF
2024-07-23 00:07:25.975 [ERR] RPCS: Websocket receive error from [::1]:53801: websocket: close 1006 unexpected EOF
2024-07-23 00:07:25.975 [INF] RPCS: Disconnected websocket client [::1]:53802
2024-07-23 00:07:25.975 [INF] RPCS: Disconnected websocket client [::1]:53801
2024-07-23 01:16:01.246 [INF] BTCD: Received signal (terminated).  Shutting down...
2024-07-23 01:16:01.247 [INF] BTCD: Gracefully shutting down the server...
2024-07-23 01:16:01.247 [WRN] SRVR: Server shutting down
2024-07-23 01:16:01.247 [WRN] RPCS: RPC server shutting down
2024-07-23 01:16:01.248 [ERR] RPCS: Websocket receive error from [::1]:53696: read tcp6 [::1]:18556->[::1]:53696: use of closed network connection
2024-07-23 01:16:01.248 [INF] RPCS: RPC server shutdown complete
2024-07-23 01:16:01.250 [INF] RPCS: Disconnected websocket client [::1]:53696
2024-07-23 01:16:01.335 [INF] SYNC: Sync manager shutting down
2024-07-23 01:16:01.335 [INF] CHAN: Flushing UTXO cache of 97 MiB with 26 entries to disk. For large sizes, this can take up to several minutes...
2024-07-23 01:16:01.595 [INF] AMGR: Address manager shutting down
2024-07-23 01:16:01.599 [INF] SRVR: Server shutdown complete
2024-07-23 01:16:01.599 [INF] BTCD: Gracefully shutting down the database...
2024-07-23 01:16:01.620 [INF] BTCD: Shutdown complete
2024-07-23 15:26:33.468 [INF] BTCD: Version 0.24.2-betarc1
2024-07-23 15:26:33.468 [INF] BTCD: Loading block database from 'simnet/btcd/simnet/blocks_ffldb'
2024-07-23 15:26:33.503 [INF] BTCD: Block database loaded
2024-07-23 15:26:33.504 [INF] INDX: Transaction index is enabled
2024-07-23 15:26:33.504 [INF] INDX: Committed filter index is enabled
2024-07-23 15:26:33.504 [INF] CHAN: Pre-alloacting for 251 MiB: 
2024-07-23 15:26:33.510 [INF] CHAN: Loading block index...
2024-07-23 15:26:33.516 [INF] CHAN: Chain state (height 853, hash 6ff3ea0d157601f42dea4a6268fa785eac18ae561726130e6162da1b0f06fdf6, totaltx 879, work 1708)
2024-07-23 15:26:33.517 [INF] RPCS: RPC server listening on [::1]:18556
2024-07-23 15:26:33.517 [INF] RPCS: RPC server listening on 127.0.0.1:18556
2024-07-23 15:26:33.518 [INF] AMGR: Loaded 0 addresses from file 'simnet/btcd/simnet/peers.json'
2024-07-23 15:26:33.519 [INF] CMGR: Server listening on 0.0.0.0:18555
2024-07-23 15:26:33.519 [INF] CMGR: Server listening on [::]:18555
2024-07-23 15:26:39.534 [INF] RPCS: New websocket client [::1]:53771
2024-07-23 15:26:40.189 [INF] RPCS: Beginning rescan for 23 addresses
2024-07-23 15:26:40.190 [INF] RPCS: Finished rescan
2024-07-27 03:16:50.692 [INF] BTCD: Received signal (terminated).  Shutting down...
2024-07-27 03:16:50.696 [INF] BTCD: Gracefully shutting down the server...
2024-07-27 03:16:50.697 [WRN] SRVR: Server shutting down
2024-07-27 03:16:50.698 [WRN] RPCS: RPC server shutting down
2024-07-27 03:16:50.702 [INF] RPCS: RPC server shutdown complete
2024-07-27 03:16:50.702 [ERR] RPCS: Websocket receive error from [::1]:53771: read tcp6 [::1]:18556->[::1]:53771: use of closed network connection
2024-07-27 03:16:50.704 [INF] RPCS: Disconnected websocket client [::1]:53771
2024-07-27 03:16:50.769 [INF] SYNC: Sync manager shutting down
2024-07-27 03:16:50.770 [INF] CHAN: Flushing UTXO cache of 97 MiB with 0 entries to disk. For large sizes, this can take up to several minutes...
2024-07-27 03:16:50.772 [INF] AMGR: Address manager shutting down
2024-07-27 03:16:50.775 [INF] SRVR: Server shutdown complete
2024-07-27 03:16:50.775 [INF] BTCD: Gracefully shutting down the database...
2024-07-27 03:16:50.825 [INF] BTCD: Shutdown complete
2024-07-29 12:31:17.185 [INF] BTCD: Version 0.24.2-betarc1
2024-07-29 12:31:17.186 [INF] BTCD: Loading block database from 'simnet/btcd/simnet/blocks_ffldb'
2024-07-29 12:31:17.214 [INF] BTCD: Block database loaded
2024-07-29 12:31:17.216 [INF] INDX: Transaction index is enabled
2024-07-29 12:31:17.216 [INF] INDX: Committed filter index is enabled
2024-07-29 12:31:17.217 [INF] CHAN: Pre-alloacting for 251 MiB: 
2024-07-29 12:31:17.221 [INF] CHAN: Loading block index...
2024-07-29 12:31:17.225 [INF] CHAN: Chain state (height 853, hash 6ff3ea0d157601f42dea4a6268fa785eac18ae561726130e6162da1b0f06fdf6, totaltx 879, work 1708)
2024-07-29 12:31:17.226 [INF] RPCS: RPC server listening on [::1]:18556
2024-07-29 12:31:17.226 [INF] RPCS: RPC server listening on 127.0.0.1:18556
2024-07-29 12:31:17.227 [INF] AMGR: Loaded 0 addresses from file 'simnet/btcd/simnet/peers.json'
2024-07-29 12:31:17.233 [INF] CMGR: Server listening on 0.0.0.0:18555
2024-07-29 12:31:17.233 [INF] CMGR: Server listening on [::]:18555
2024-07-29 12:31:23.394 [INF] RPCS: New websocket client [::1]:58772
2024-07-29 12:31:23.927 [INF] RPCS: Beginning rescan for 23 addresses
2024-07-29 12:31:23.929 [INF] RPCS: Finished rescan
2024-07-30 01:02:44.660 [INF] BTCD: Received signal (terminated).  Shutting down...
2024-07-30 01:02:44.661 [INF] BTCD: Gracefully shutting down the server...
2024-07-30 01:02:44.661 [WRN] SRVR: Server shutting down
2024-07-30 01:02:44.661 [WRN] RPCS: RPC server shutting down
2024-07-30 01:02:44.663 [ERR] RPCS: Websocket receive error from [::1]:58772: read tcp6 [::1]:18556->[::1]:58772: use of closed network connection
2024-07-30 01:02:44.664 [INF] RPCS: RPC server shutdown complete
2024-07-30 01:02:44.667 [INF] RPCS: Disconnected websocket client [::1]:58772
2024-07-30 01:02:44.744 [INF] SYNC: Sync manager shutting down
2024-07-30 01:02:44.745 [INF] CHAN: Flushing UTXO cache of 97 MiB with 0 entries to disk. For large sizes, this can take up to several minutes...
2024-07-30 01:02:44.746 [INF] AMGR: Address manager shutting down
2024-07-30 01:02:44.748 [INF] SRVR: Server shutdown complete
2024-07-30 01:02:44.748 [INF] BTCD: Gracefully shutting down the database...
2024-07-30 01:02:44.761 [INF] BTCD: Shutdown complete
2024-07-30 10:08:50.677 [INF] BTCD: Version 0.24.2-betarc1
2024-07-30 10:08:50.677 [INF] BTCD: Loading block database from 'simnet/btcd/simnet/blocks_ffldb'
2024-07-30 10:08:50.711 [INF] BTCD: Block database loaded
2024-07-30 10:08:50.715 [INF] INDX: Transaction index is enabled
2024-07-30 10:08:50.715 [INF] INDX: Committed filter index is enabled
2024-07-30 10:08:50.715 [INF] CHAN: Pre-alloacting for 251 MiB: 
2024-07-30 10:08:50.719 [INF] CHAN: Loading block index...
2024-07-30 10:08:50.723 [INF] CHAN: Chain state (height 853, hash 6ff3ea0d157601f42dea4a6268fa785eac18ae561726130e6162da1b0f06fdf6, totaltx 879, work 1708)
2024-07-30 10:08:50.724 [INF] AMGR: Loaded 0 addresses from file 'simnet/btcd/simnet/peers.json'
2024-07-30 10:08:50.724 [INF] RPCS: RPC server listening on [::1]:18556
2024-07-30 10:08:50.724 [INF] RPCS: RPC server listening on 127.0.0.1:18556
2024-07-30 10:08:50.724 [INF] CMGR: Server listening on 0.0.0.0:18555
2024-07-30 10:08:50.724 [INF] CMGR: Server listening on [::]:18555
2024-07-30 10:08:56.874 [INF] RPCS: New websocket client [::1]:49348
2024-07-30 10:08:57.407 [INF] RPCS: Beginning rescan for 23 addresses
2024-07-30 10:08:57.407 [INF] RPCS: Finished rescan
2024-08-03 01:15:54.875 [INF] BTCD: Received signal (terminated).  Shutting down...
2024-08-03 01:15:54.877 [INF] BTCD: Gracefully shutting down the server...
2024-08-03 01:15:54.878 [WRN] SRVR: Server shutting down
2024-08-03 01:15:54.878 [WRN] RPCS: RPC server shutting down
2024-08-03 01:15:54.881 [ERR] RPCS: Websocket receive error from [::1]:49348: read tcp6 [::1]:18556->[::1]:49348: use of closed network connection
2024-08-03 01:15:54.881 [INF] RPCS: RPC server shutdown complete
2024-08-03 01:15:54.881 [INF] RPCS: Disconnected websocket client [::1]:49348
2024-08-03 01:15:55.014 [INF] SYNC: Sync manager shutting down
2024-08-03 01:15:55.015 [INF] CHAN: Flushing UTXO cache of 97 MiB with 0 entries to disk. For large sizes, this can take up to several minutes...
2024-08-03 01:15:55.016 [INF] AMGR: Address manager shutting down
2024-08-03 01:15:55.018 [INF] SRVR: Server shutdown complete
2024-08-03 01:15:55.018 [INF] BTCD: Gracefully shutting down the database...
2024-08-03 01:15:55.067 [INF] BTCD: Shutdown complete
2024-08-13 15:27:50.776 [INF] BTCD: Version 0.24.2-betarc1
2024-08-13 15:27:50.777 [INF] BTCD: Loading block database from 'simnet/btcd/simnet/blocks_ffldb'
2024-08-13 15:27:50.805 [INF] BTCD: Block database loaded
2024-08-13 15:27:50.807 [INF] INDX: Transaction index is enabled
2024-08-13 15:27:50.807 [INF] INDX: Committed filter index is enabled
2024-08-13 15:27:50.807 [INF] CHAN: Pre-alloacting for 251 MiB: 
2024-08-13 15:27:50.813 [INF] CHAN: Loading block index...
2024-08-13 15:27:50.817 [INF] CHAN: Chain state (height 853, hash 6ff3ea0d157601f42dea4a6268fa785eac18ae561726130e6162da1b0f06fdf6, totaltx 879, work 1708)
2024-08-13 15:27:50.818 [INF] RPCS: RPC server listening on [::1]:18556
2024-08-13 15:27:50.818 [INF] RPCS: RPC server listening on 127.0.0.1:18556
2024-08-13 15:27:50.818 [INF] AMGR: Loaded 0 addresses from file 'simnet/btcd/simnet/peers.json'
2024-08-13 15:27:50.819 [INF] CMGR: Server listening on 0.0.0.0:18555
2024-08-13 15:27:50.819 [INF] CMGR: Server listening on [::]:18555
2024-08-13 15:27:57.003 [INF] RPCS: New websocket client [::1]:52465
2024-08-13 15:27:57.742 [INF] RPCS: Beginning rescan for 23 addresses
2024-08-13 15:27:57.743 [INF] RPCS: Finished rescan
2024-08-16 01:55:02.171 [INF] BTCD: Received signal (terminated).  Shutting down...
2024-08-16 01:55:02.173 [INF] BTCD: Gracefully shutting down the server...
2024-08-16 01:55:02.173 [WRN] SRVR: Server shutting down
2024-08-16 01:55:02.173 [WRN] RPCS: RPC server shutting down
2024-08-16 01:55:02.174 [ERR] RPCS: Websocket receive error from [::1]:52465: read tcp6 [::1]:18556->[::1]:52465: use of closed network connection
2024-08-16 01:55:02.175 [INF] RPCS: RPC server shutdown complete
2024-08-16 01:55:02.175 [INF] RPCS: Disconnected websocket client [::1]:52465
2024-08-16 01:55:02.359 [INF] SYNC: Sync manager shutting down
2024-08-16 01:55:02.359 [INF] CHAN: Flushing UTXO cache of 97 MiB with 0 entries to disk. For large sizes, this can take up to several minutes...
2024-08-16 01:55:02.360 [INF] AMGR: Address manager shutting down
2024-08-16 01:55:02.362 [INF] SRVR: Server shutdown complete
2024-08-16 01:55:02.362 [INF] BTCD: Gracefully shutting down the database...
2024-08-16 01:55:02.375 [INF] BTCD: Shutdown complete
2024-08-18 19:08:50.976 [INF] BTCD: Version 0.24.2-betarc1
2024-08-18 19:08:50.977 [INF] BTCD: Loading block database from 'simnet/btcd/simnet/blocks_ffldb'
2024-08-18 19:08:51.012 [INF] BTCD: Block database loaded
2024-08-18 19:08:51.013 [INF] INDX: Transaction index is enabled
2024-08-18 19:08:51.013 [INF] INDX: Committed filter index is enabled
2024-08-18 19:08:51.013 [INF] CHAN: Pre-alloacting for 251 MiB: 
2024-08-18 19:08:51.019 [INF] CHAN: Loading block index...
2024-08-18 19:08:51.024 [INF] CHAN: Chain state (height 853, hash 6ff3ea0d157601f42dea4a6268fa785eac18ae561726130e6162da1b0f06fdf6, totaltx 879, work 1708)
2024-08-18 19:08:51.029 [INF] AMGR: Loaded 0 addresses from file 'simnet/btcd/simnet/peers.json'
2024-08-18 19:08:51.029 [INF] RPCS: RPC server listening on [::1]:18556
2024-08-18 19:08:51.029 [INF] RPCS: RPC server listening on 127.0.0.1:18556
2024-08-18 19:08:51.029 [INF] CMGR: Server listening on 0.0.0.0:18555
2024-08-18 19:08:51.029 [INF] CMGR: Server listening on [::]:18555
2024-08-18 19:08:57.043 [INF] RPCS: New websocket client [::1]:49714
2024-08-18 19:08:57.724 [INF] RPCS: Beginning rescan for 23 addresses
2024-08-18 19:08:57.725 [INF] RPCS: Finished rescan
2024-08-18 19:38:26.733 [INF] RPCS: New websocket client [::1]:49879
2024-08-18 19:38:26.735 [INF] RPCS: New websocket client [::1]:49880
2024-08-18 19:38:28.363 [INF] RPCS: Beginning rescan for 10 addresses
2024-08-18 19:38:28.364 [INF] RPCS: Finished rescan
2024-08-18 19:38:39.117 [INF] MINR: Block submitted via CPU miner accepted (hash 5cd55f1d76a5843fa57f9843a048b7344f098e846e0aa3619802fd8bdbd9cc82, amount 50.00000236 BTC)
2024-08-18 19:38:42.142 [INF] MINR: Block submitted via CPU miner accepted (hash 62f5b8169df2cefa241e5878fda6f8c38adeb941f68c214920d3f586ec885584, amount 50 BTC)
2024-08-18 19:38:45.147 [INF] RPCS: New websocket client [::1]:49891
2024-08-18 19:38:45.148 [INF] RPCS: New websocket client [::1]:49892
2024-08-18 19:38:45.186 [INF] RPCS: New websocket client [::1]:49894
2024-08-18 19:38:45.187 [INF] RPCS: New websocket client [::1]:49895
2024-08-18 19:38:48.245 [ERR] RPCS: Websocket receive error from [::1]:49891: websocket: close 1006 unexpected EOF
2024-08-18 19:38:48.245 [INF] RPCS: Disconnected websocket client [::1]:49891
2024-08-18 19:38:48.245 [ERR] RPCS: Websocket receive error from [::1]:49895: websocket: close 1006 unexpected EOF
2024-08-18 19:38:48.245 [ERR] RPCS: Websocket receive error from [::1]:49879: websocket: close 1006 unexpected EOF
2024-08-18 19:38:48.245 [ERR] RPCS: Websocket receive error from [::1]:49894: websocket: close 1006 unexpected EOF
2024-08-18 19:38:48.245 [INF] RPCS: Disconnected websocket client [::1]:49879
2024-08-18 19:38:48.245 [INF] RPCS: Disconnected websocket client [::1]:49895
2024-08-18 19:38:48.245 [ERR] RPCS: Websocket receive error from [::1]:49880: websocket: close 1006 unexpected EOF
2024-08-18 19:38:48.245 [ERR] RPCS: Websocket receive error from [::1]:49892: websocket: close 1006 unexpected EOF
2024-08-18 19:38:48.245 [INF] RPCS: Disconnected websocket client [::1]:49880
2024-08-18 19:38:48.245 [INF] RPCS: Disconnected websocket client [::1]:49894
2024-08-18 19:38:48.245 [INF] RPCS: Disconnected websocket client [::1]:49892
2024-08-23 01:17:09.924 [INF] BTCD: Received signal (terminated).  Shutting down...
2024-08-23 01:17:09.927 [INF] BTCD: Gracefully shutting down the server...
2024-08-23 01:17:09.927 [WRN] SRVR: Server shutting down
2024-08-23 01:17:09.928 [WRN] RPCS: RPC server shutting down
2024-08-23 01:17:09.931 [INF] RPCS: RPC server shutdown complete
2024-08-23 01:17:09.932 [ERR] RPCS: Websocket receive error from [::1]:49714: read tcp6 [::1]:18556->[::1]:49714: use of closed network connection
2024-08-23 01:17:09.934 [INF] RPCS: Disconnected websocket client [::1]:49714
2024-08-23 01:17:10.001 [INF] SYNC: Sync manager shutting down
2024-08-23 01:17:10.002 [INF] CHAN: Flushing UTXO cache of 97 MiB with 6 entries to disk. For large sizes, this can take up to several minutes...
2024-08-23 01:17:10.263 [INF] AMGR: Address manager shutting down
2024-08-23 01:17:10.267 [INF] SRVR: Server shutdown complete
2024-08-23 01:17:10.267 [INF] BTCD: Gracefully shutting down the database...
2024-08-23 01:17:10.289 [INF] BTCD: Shutdown complete
2024-08-27 22:58:59.128 [INF] BTCD: Version 0.24.2-beta
2024-08-27 22:58:59.129 [INF] BTCD: Loading block database from 'simnet/btcd/simnet/blocks_ffldb'
2024-08-27 22:58:59.155 [INF] BTCD: Block database loaded
2024-08-27 22:58:59.156 [INF] INDX: Transaction index is enabled
2024-08-27 22:58:59.156 [INF] INDX: Committed filter index is enabled
2024-08-27 22:58:59.156 [INF] CHAN: Pre-alloacting for 251 MiB
2024-08-27 22:58:59.157 [INF] CHAN: Loading block index...
2024-08-27 22:58:59.160 [INF] CHAN: Chain state (height 855, hash 62f5b8169df2cefa241e5878fda6f8c38adeb941f68c214920d3f586ec885584, totaltx 882, work 1712)
2024-08-27 22:58:59.160 [INF] RPCS: RPC server listening on 127.0.0.1:18556
2024-08-27 22:58:59.160 [INF] RPCS: RPC server listening on [::1]:18556
2024-08-27 22:58:59.161 [INF] AMGR: Loaded 0 addresses from file 'simnet/btcd/simnet/peers.json'
2024-08-27 22:58:59.161 [INF] CMGR: Server listening on 0.0.0.0:18555
2024-08-27 22:58:59.161 [INF] CMGR: Server listening on [::]:18555
2024-08-27 22:59:05.176 [INF] RPCS: New websocket client [::1]:58485
2024-08-27 22:59:05.678 [INF] RPCS: Beginning rescan for 24 addresses
2024-08-27 22:59:05.683 [INF] RPCS: Finished rescan
2024-08-27 22:59:08.138 [INF] RPCS: New websocket client [::1]:58499
2024-08-27 22:59:08.140 [INF] RPCS: New websocket client [::1]:58500
2024-08-27 22:59:12.702 [INF] MINR: Block submitted via CPU miner accepted (hash 21035bab37249565a0b7c74a610fdde74bae66317931d48ff93ef75ff58e0f24, amount 50.00000227 BTC)
2024-08-27 22:59:26.671 [INF] MINR: Block submitted via CPU miner accepted (hash 42b3acc3ca6aa5c375347f54ecae3c53dd142d1bafb717e998f15f9387365ae9, amount 50 BTC)
2024-08-27 22:59:26.672 [INF] MINR: Block submitted via CPU miner accepted (hash 06587f1b04be630fb339a16696412150085479465ed1c7566d457ce4a40a4d45, amount 50 BTC)
2024-08-27 22:59:26.672 [INF] MINR: Block submitted via CPU miner accepted (hash 2f8cf0934be5fc6ae1643b815132654c7d27c92a52716fa240d4006794bb4b2a, amount 50 BTC)
2024-08-27 22:59:26.672 [INF] MINR: Block submitted via CPU miner accepted (hash 23df4bc7bd34f19e57524af2db8b24631c2425b20a3a58e85bd8437c8ae3f47b, amount 50 BTC)
2024-08-27 22:59:26.673 [INF] MINR: Block submitted via CPU miner accepted (hash 6c8d865730597a43c7043cd6c4152db882f8aa00178617423ccbf74b7531b336, amount 50 BTC)
2024-08-27 22:59:26.673 [INF] MINR: Block submitted via CPU miner accepted (hash 0041d20c359bab77507d108a27d0832caa6a620b6038c92f3aea13d0ac429ad5, amount 50 BTC)
2024-08-27 22:59:26.673 [INF] MINR: Block submitted via CPU miner accepted (hash 2ee2bbb3a74601362d5adf10ecdcbba6571ad865f078a7ac9510c92051d9d86e, amount 50 BTC)
2024-08-27 22:59:26.674 [INF] MINR: Block submitted via CPU miner accepted (hash 1d1e51a8fbf943ecbbdfe13420fca1e7ca87be0d0a2e802f6a9423fdf23cbad0, amount 50 BTC)
2024-08-27 22:59:26.675 [INF] MINR: Block submitted via CPU miner accepted (hash 5d4220838a52daaaa943ceed2137985e8065d885956c1fdad1a985c909455d97, amount 50 BTC)
2024-08-27 22:59:26.676 [INF] MINR: Block submitted via CPU miner accepted (hash 27d1fac8434c3bd813a77f260c79e29924a4e57982561c02a03632039cbe697f, amount 50 BTC)
2024-08-27 22:59:26.677 [INF] MINR: Block submitted via CPU miner accepted (hash 6cfe2acfc32b6b30290f842af078e5d105270ea516dc6e59ddf0529b16578a79, amount 50 BTC)
2024-08-27 22:59:26.680 [INF] MINR: Block submitted via CPU miner accepted (hash 64f11412203b023edb97522158eff50c108d6050f5d65cd6f0d645cf689ff4c0, amount 50 BTC)
2024-08-27 22:59:26.683 [INF] MINR: Block submitted via CPU miner accepted (hash 47cea287d135e9e5f3ab9a922e8169552a0b431c91a9a440bcb5ed4c25a234ec, amount 50 BTC)
2024-08-27 22:59:26.686 [INF] MINR: Block submitted via CPU miner accepted (hash 47e5b10e3364efaea8b1cb540f1bec3e09677e85a831e388b1650ea052b4c948, amount 50 BTC)
2024-08-27 22:59:26.686 [INF] MINR: Block submitted via CPU miner accepted (hash 39c30355b33a9d959973af276c982e75e5f1e162b8629e9d76eb9209fb5abe42, amount 50 BTC)
2024-08-27 22:59:26.686 [INF] MINR: Block submitted via CPU miner accepted (hash 173ee05842e681b5a636128b9644a8583fb5c8f502f8f0f65fa927d751ebe7a3, amount 50 BTC)
2024-08-27 22:59:26.687 [INF] MINR: Block submitted via CPU miner accepted (hash 552bc58864e39f2c62f6d66008592fad5e9c41ffdb5a3da0a1399094cf714569, amount 50 BTC)
2024-08-27 22:59:26.687 [INF] MINR: Block submitted via CPU miner accepted (hash 7766968f9df7abd09068b1ec59fedf38e92f2feb995fee2396209ed8c5301f05, amount 50 BTC)
2024-08-27 22:59:26.687 [INF] MINR: Block submitted via CPU miner accepted (hash 0f5efc3712ee0c100b78df34dc7b3c017bb0d16f46b3a4b7fb21ae46750c8c34, amount 50 BTC)
2024-08-27 22:59:26.688 [INF] MINR: Block submitted via CPU miner accepted (hash 3dcb0eb1c22528c8d061d319c58a68b799b20981972a9419522a08698bbbbe42, amount 50 BTC)
2024-08-27 22:59:26.688 [INF] MINR: Block submitted via CPU miner accepted (hash 743e7c465f564eeb12ae9242590758a1f1f0d6e2038a9b541dd08e9310018aaf, amount 50 BTC)
2024-08-27 22:59:26.688 [INF] MINR: Block submitted via CPU miner accepted (hash 2a7081f32768183be744c6c27727ab3daf3a6eb898e7b003d4cdd6dd43a2e294, amount 50 BTC)
2024-08-27 22:59:26.691 [INF] MINR: Block submitted via CPU miner accepted (hash 5dabe8dfb7600f8cd201f80ed78ab350b2553574511a2d047c1e3bed3537ec6a, amount 50 BTC)
2024-08-27 22:59:26.692 [INF] MINR: Block submitted via CPU miner accepted (hash 4f2a4c40bb8be621e021a0a0822ec4199fc335508533d13060144f96494f0fc1, amount 50 BTC)
2024-08-27 22:59:26.695 [INF] MINR: Block submitted via CPU miner accepted (hash 71e40e725c96b098d7951092bb56d02fda48c0c1db50119dbd1832f880ac7ab6, amount 50 BTC)
2024-08-27 22:59:26.696 [INF] MINR: Block submitted via CPU miner accepted (hash 7ea6adf2c18dcfc62ab728574cde93409e16ae055d8c16750e83ef1afd6f6024, amount 50 BTC)
2024-08-27 22:59:26.696 [INF] MINR: Block submitted via CPU miner accepted (hash 3b2e0d7ce10896e555244ef7b0ea49b9b0b14d67928d691e2769e5876efeb283, amount 50 BTC)
2024-08-27 22:59:26.696 [INF] MINR: Block submitted via CPU miner accepted (hash 2a3fc97bcf465385fae3c9aa1d1a470fa8b9eabb123477d141ffee48cacbed64, amount 50 BTC)
2024-08-27 22:59:26.697 [INF] MINR: Block submitted via CPU miner accepted (hash 447c33f4bee48e271191f8749a2a610e52e8d123e808b374ddd3733ba131ad23, amount 50 BTC)
2024-08-27 22:59:26.697 [INF] MINR: Block submitted via CPU miner accepted (hash 66baae53cf5102ce8963f6d645999fe0a25a4618c6b245b1185c73bdc30178d3, amount 50 BTC)
2024-08-27 22:59:26.697 [INF] MINR: Block submitted via CPU miner accepted (hash 6b276e08b9ce31135b4a7168bb9b5485b681889c724d991fb92db6aa0c239750, amount 50 BTC)
2024-08-27 22:59:26.698 [INF] MINR: Block submitted via CPU miner accepted (hash 6dbbad4eed171bc29a65e1efc52b780c80ec618b23ec6e248262ecf62c43960a, amount 50 BTC)
2024-08-27 22:59:26.699 [INF] MINR: Block submitted via CPU miner accepted (hash 39304965de57129ca442dcfe60e5d5f60f13bd5919b48824362efd340374bde2, amount 50 BTC)
2024-08-27 22:59:26.700 [INF] MINR: Block submitted via CPU miner accepted (hash 104cbabbf01fcf824acf99cc5a6bf7d6f6f690ab70555d5da3e409ce5bfab328, amount 50 BTC)
2024-08-27 22:59:26.702 [INF] MINR: Block submitted via CPU miner accepted (hash 61c073246bcdf25761d262ff8d45a4d36e09482bff874d83f8a740d97281e8b2, amount 50 BTC)
2024-08-27 22:59:26.704 [INF] MINR: Block submitted via CPU miner accepted (hash 1e35cb4aa6c08b18a07c00c59728e9638b4fbcbf5a4a5e0091ee81884a5fac6c, amount 50 BTC)
2024-08-27 22:59:26.705 [INF] MINR: Block submitted via CPU miner accepted (hash 1f578785337434119ebc05696db0f1a042e229ec9536de8bf066a2acc3a75e60, amount 50 BTC)
2024-08-27 22:59:26.706 [INF] MINR: Block submitted via CPU miner accepted (hash 0e09d02b19031987cdab47b01bb6067ac74c9b794127e0e6eefeb10aa84cfc5d, amount 50 BTC)
2024-08-27 22:59:26.706 [INF] MINR: Block submitted via CPU miner accepted (hash 360370a669a0c5abc98c9af82cdbe9c39acae74d0a15b86d5d295405f3d46f2d, amount 50 BTC)
2024-08-27 22:59:26.706 [INF] MINR: Block submitted via CPU miner accepted (hash 1127d256983c30fef226c69ef0ec0fdf9b61652781891c6607b853f24d9ea11f, amount 50 BTC)
2024-08-27 22:59:26.707 [INF] MINR: Block submitted via CPU miner accepted (hash 72f43993666fcc6f216d869fcc5ded96af548a17b36b7e1c21260581643ecce7, amount 50 BTC)
2024-08-27 22:59:26.707 [INF] MINR: Block submitted via CPU miner accepted (hash 1a94990c8c865939ef4341239cb42374f5a00414292f4ede89f93308de079d52, amount 50 BTC)
2024-08-27 22:59:26.707 [INF] MINR: Block submitted via CPU miner accepted (hash 063b5b947fda1bbadc3840dd0745a2537242ae847fd77d79e9f87e1a62c59c8c, amount 50 BTC)
2024-08-27 22:59:26.708 [INF] MINR: Block submitted via CPU miner accepted (hash 11ebfb31b9435466323cb5c1c363aeeea2f9be17c521288c29f49abdcb3c60f5, amount 50 BTC)
2024-08-27 22:59:26.709 [INF] MINR: Block submitted via CPU miner accepted (hash 06fa37cf7c4d6ab40d1ce6e20244401eee1317612f05c7a4eea0a4204f9e4911, amount 50 BTC)
2024-08-27 22:59:26.710 [INF] MINR: Block submitted via CPU miner accepted (hash 22322ca49e3d65d35659a1a2f50fb06ebbc7de410d790a37e12aff6d858af85d, amount 50 BTC)
2024-08-27 22:59:26.710 [INF] MINR: Block submitted via CPU miner accepted (hash 13a90abd46ac78fb542c8cd31d1e3149b32077ddf497a62c46fd3936248f1eab, amount 50 BTC)
2024-08-27 22:59:26.710 [INF] MINR: Block submitted via CPU miner accepted (hash 4d5000feebf14a49d6e1995ccfd1739f78044c19ebff74a36bd1f787349ac003, amount 50 BTC)
2024-08-27 22:59:26.713 [INF] MINR: Block submitted via CPU miner accepted (hash 1e8e9498c094d2d36099f14f4492df9d89d67dd55c49e77b0743f526375c956c, amount 50 BTC)
2024-08-27 22:59:26.715 [INF] MINR: Block submitted via CPU miner accepted (hash 5386c839345f4eff5b59b26346b75a924efdb730ce0bb74df78c4f9d1d67350a, amount 50 BTC)
2024-08-27 22:59:26.715 [INF] MINR: Block submitted via CPU miner accepted (hash 63003505845e4e4946b7a565349ab48bb21b02c1f84d49b54fdbefd77c99e769, amount 50 BTC)
2024-08-27 22:59:26.715 [INF] MINR: Block submitted via CPU miner accepted (hash 56922192340f99006cef56f9e746ac694819472524ed70e07d604201c4979e06, amount 50 BTC)
2024-08-27 22:59:26.716 [INF] MINR: Block submitted via CPU miner accepted (hash 41180a9b4266a8c8bd5e18e9435bd0fe73c0b4b9c446a9a09e576d54ee04cb86, amount 50 BTC)
2024-08-27 22:59:26.716 [INF] MINR: Block submitted via CPU miner accepted (hash 73383907524e5571d7a792173211557a6d5a4a1a3625aaf70b751cfa38d4e397, amount 50 BTC)
2024-08-27 22:59:26.717 [INF] MINR: Block submitted via CPU miner accepted (hash 013c945e77607c4ed8f7067d0cd9a311a3a68c066619acd87a14ebd735490bab, amount 50 BTC)
2024-08-27 22:59:26.718 [INF] MINR: Block submitted via CPU miner accepted (hash 5ed9e76f40b5a62519b55f929775d00fc75d53127385efe5f39e159e1a46cbab, amount 50 BTC)
2024-08-27 22:59:26.719 [INF] MINR: Block submitted via CPU miner accepted (hash 202979ab9f9c9aaa9d9a6ca0bb365dc03c3d19867d5238989c2882e073bb00bf, amount 50 BTC)
2024-08-27 22:59:26.722 [INF] MINR: Block submitted via CPU miner accepted (hash 06c1522898724054cc9f639625fc1042ee06f8e6a4588d7e8f91874d0e1dc079, amount 50 BTC)
2024-08-27 22:59:26.724 [INF] MINR: Block submitted via CPU miner accepted (hash 4163e84a5b4920d5ded91d5fa092b929416b030f94e5e3813ac27d898885ace0, amount 50 BTC)
2024-08-27 22:59:26.725 [INF] MINR: Block submitted via CPU miner accepted (hash 5bad43dfb3c6a60873c59cfeb9b6ac142aee518a06278ee4580d2e955e666998, amount 50 BTC)
2024-08-27 22:59:26.725 [INF] MINR: Block submitted via CPU miner accepted (hash 3c24b4f30e3e5adf3bf1bd3bcfdb3b76ea67edf76097ae46efd5ff41b8276f5e, amount 50 BTC)
2024-08-27 22:59:26.725 [INF] MINR: Block submitted via CPU miner accepted (hash 694814847fe406c187bead44553a9e79eda681af807f1b50e347561036924f8e, amount 50 BTC)
2024-08-27 22:59:26.726 [INF] MINR: Block submitted via CPU miner accepted (hash 1c411f8e8a2e722e9491b458f06bebf220ff2c9c4e17cd54645de42dad0d218c, amount 50 BTC)
2024-08-27 22:59:26.726 [INF] MINR: Block submitted via CPU miner accepted (hash 352f19fb2b910af2196304e8d51549a45eb701c94733c0f763999a1ecd2c427a, amount 50 BTC)
2024-08-27 22:59:26.726 [INF] MINR: Block submitted via CPU miner accepted (hash 06171386c9ac76bb98488ddbd13ee281268d1e266c08bfdee2d44586d982e0c4, amount 50 BTC)
2024-08-27 22:59:26.727 [INF] MINR: Block submitted via CPU miner accepted (hash 106e159ee8c43c14bde98a6e8b89aae8705e9214bc552b9a5d319aa088bd1e54, amount 50 BTC)
2024-08-27 22:59:26.729 [INF] MINR: Block submitted via CPU miner accepted (hash 466237cadfeb42a110aec16eacaad92a834e96dd8f2b2573004c7d07ffc3d29c, amount 50 BTC)
2024-08-27 22:59:26.731 [INF] MINR: Block submitted via CPU miner accepted (hash 048d0a9ef65f5be85904f926f8e646fa8b7d575530c8255c8efdab33caaaaf42, amount 50 BTC)
2024-08-27 22:59:26.734 [INF] MINR: Block submitted via CPU miner accepted (hash 759edf849e09dcd99ebadf1850ec690f35be525f2f05a5df06616603f3c44ec8, amount 50 BTC)
2024-08-27 22:59:26.734 [INF] MINR: Block submitted via CPU miner accepted (hash 185daca55f48c8334fcf3fa47d8b1ec0b5ce5cf36a2fba1ee755049d05273875, amount 50 BTC)
2024-08-27 22:59:26.735 [INF] MINR: Block submitted via CPU miner accepted (hash 173611fe90e46dda5bb9ca97270e9e27aac51deebea6a2133393a243e18b79b6, amount 50 BTC)
2024-08-27 22:59:26.735 [INF] MINR: Block submitted via CPU miner accepted (hash 63cca816485b35c6144ee72f9bbe40875b91486300b57e4d24355ef1da80b878, amount 50 BTC)
2024-08-27 22:59:26.737 [INF] MINR: Block submitted via CPU miner accepted (hash 45ff2aecd724742531ee597e426d136f09168e97fb128f3d0adf643b755ae145, amount 50 BTC)
2024-08-27 22:59:26.737 [INF] MINR: Block submitted via CPU miner accepted (hash 65b9c3a8b05b0b89dbadd76af47f86d8c9c523ed05d5af26c31aa1eb4f499778, amount 50 BTC)
2024-08-27 22:59:26.740 [INF] MINR: Block submitted via CPU miner accepted (hash 0b54d7dd065f852dc8b611a2b50d663fb9119a77a3e30b8cac818ceeff7beff5, amount 50 BTC)
2024-08-27 22:59:26.742 [INF] MINR: Block submitted via CPU miner accepted (hash 65c10ebec09a745aac30f0da9c0f9fc898dafd5fa7b565c8474f4f67e608c98d, amount 50 BTC)
2024-08-27 22:59:26.742 [INF] MINR: Block submitted via CPU miner accepted (hash 59429655bee0962ca55fa818d42a5cd99013c565ed4599a6275c42fe57db4104, amount 50 BTC)
2024-08-27 22:59:26.742 [INF] MINR: Block submitted via CPU miner accepted (hash 21e6ec1a1e82fb5b7af805921551e739f9672dd4bf28f466b9224ebe1bf680ad, amount 50 BTC)
2024-08-27 22:59:26.743 [INF] MINR: Block submitted via CPU miner accepted (hash 0036287c025a4cc84311b3b7f0d707a271f735a1eccb8f2ea9725bb16013e59d, amount 50 BTC)
2024-08-27 22:59:26.744 [INF] MINR: Block submitted via CPU miner accepted (hash 08f270087962b740467bc0be6cbf357ee3820ae1b55bd405661df9998097c0d5, amount 50 BTC)
2024-08-27 22:59:26.745 [INF] MINR: Block submitted via CPU miner accepted (hash 2849f6b6cedab7d2f9b77435081c092c59ef3a59183c75053bb37848a4b4fb29, amount 50 BTC)
2024-08-27 22:59:26.745 [INF] MINR: Block submitted via CPU miner accepted (hash 22286c84a98f6f83142e170bef50dbbd0c4ed353e8fa6b1c45070f14dda5c93c, amount 50 BTC)
2024-08-27 22:59:26.748 [INF] MINR: Block submitted via CPU miner accepted (hash 4d76bc1381fe49ec4b120387945a81c04aebd029840a4e9442de34a149a5a090, amount 50 BTC)
2024-08-27 22:59:26.750 [INF] MINR: Block submitted via CPU miner accepted (hash 16a9fe8e20203e264cdd9785c10492ea6a013fc0d5e44d2e38ddbb37baf2696a, amount 50 BTC)
2024-08-27 22:59:26.750 [INF] MINR: Block submitted via CPU miner accepted (hash 47147457ef1cbb9eea3cc2ea132953afbc12f10a71724088e5bb283d61ee563c, amount 50 BTC)
2024-08-27 22:59:26.751 [INF] MINR: Block submitted via CPU miner accepted (hash 3f716ab0ff4e34709e8625e69dc1a6e0c6ec69994de0f4c8ba426a020a4428eb, amount 50 BTC)
2024-08-27 22:59:26.751 [INF] MINR: Block submitted via CPU miner accepted (hash 629e3e4c8efe12e4e8c496448e73235255701c0247855f8e1430ce3089f732c9, amount 50 BTC)
2024-08-27 22:59:26.751 [INF] MINR: Block submitted via CPU miner accepted (hash 25bce74d25e106a73018959f6ff818173a775d0f5eb832a8451215a796917418, amount 50 BTC)
2024-08-27 22:59:26.751 [INF] MINR: Block submitted via CPU miner accepted (hash 01a9eadd59cd1be53512e5ac04afe7692225627f82f0e20c34b57a5af7fe419a, amount 50 BTC)
2024-08-27 22:59:26.751 [INF] MINR: Block submitted via CPU miner accepted (hash 62dcde29c8f33037c802a8e0201fc70eef8ff890b818fb4d66f5ad2fee3b670e, amount 50 BTC)
2024-08-27 22:59:26.751 [INF] MINR: Block submitted via CPU miner accepted (hash 4f9eb844314592a3073e42610e5245ecf4373603b864abd1bb4fc64c4c05c40f, amount 50 BTC)
2024-08-27 22:59:26.751 [INF] MINR: Block submitted via CPU miner accepted (hash 302bbad693c4aa256a04a0e51a4e9a521361b82eaca01b4a35a58217bb7dd721, amount 50 BTC)
2024-08-27 22:59:26.752 [INF] MINR: Block submitted via CPU miner accepted (hash 14af8be6558fb4b333aa3e359dc0b44eee0737d2dcaf70f5bc934f6324bc8c5c, amount 50 BTC)
2024-08-27 22:59:26.753 [INF] MINR: Block submitted via CPU miner accepted (hash 4b0fc1129b91097bbebcb45dfa0c7b66ced63d93b4ca114ade331945cb1ec581, amount 50 BTC)
2024-08-27 22:59:26.753 [INF] MINR: Block submitted via CPU miner accepted (hash 1b5307de196b6ff51c4e2cf7183a9a6935c866453a299d5c5582e67af91d1ffc, amount 50 BTC)
2024-08-27 22:59:26.753 [INF] MINR: Block submitted via CPU miner accepted (hash 14743b89a4c960bd55b30cb79debcbe1584c02fccc252554f04c4fc44354fa19, amount 50 BTC)
2024-08-27 22:59:26.755 [INF] MINR: Block submitted via CPU miner accepted (hash 42373af3094c6e6c33afc5a515ae46f59904754dcd94596603346cb1990d196e, amount 50 BTC)
2024-08-27 22:59:26.756 [INF] MINR: Block submitted via CPU miner accepted (hash 6b23aa19eccc353784217c60683231ac9794de740c8ca019434ef1a4f1ae2d64, amount 50 BTC)
2024-08-27 22:59:26.757 [INF] MINR: Block submitted via CPU miner accepted (hash 01b72ff715c0456d82691eaa21fd898d8d82efadcb6d0ebec8099f3823f4ad62, amount 50 BTC)
2024-08-27 22:59:26.758 [INF] MINR: Block submitted via CPU miner accepted (hash 463b0d0ddbf1df73a8464d219a46422bed3a196313b815287e4680b4719a1893, amount 50 BTC)
2024-08-27 22:59:26.758 [INF] MINR: Block submitted via CPU miner accepted (hash 18c5450b26f4a2bdaae04c4a61f33299fe9a9946859bf523a655b063b60f850c, amount 50 BTC)
2024-08-27 22:59:30.909 [INF] RPCS: Beginning rescan for 32 addresses
2024-08-27 22:59:30.909 [INF] RPCS: Finished rescan
2024-08-27 22:59:31.776 [ERR] RPCS: Websocket receive error from [::1]:58499: websocket: close 1006 unexpected EOF
2024-08-27 22:59:31.776 [ERR] RPCS: Websocket receive error from [::1]:58500: websocket: close 1006 unexpected EOF
2024-08-27 22:59:31.776 [INF] RPCS: Disconnected websocket client [::1]:58499
2024-08-27 22:59:31.776 [INF] RPCS: Disconnected websocket client [::1]:58500
2024-08-27 23:00:24.178 [INF] RPCS: New websocket client [::1]:58512
2024-08-27 23:00:24.180 [INF] RPCS: New websocket client [::1]:58513
2024-08-27 23:00:24.672 [INF] RPCS: Beginning rescan for 32 addresses
2024-08-27 23:00:24.672 [INF] RPCS: Finished rescan
2024-08-27 23:00:28.166 [INF] MINR: Block submitted via CPU miner accepted (hash 19624850135de91a702f4dd5b0cf7b35ba5702ed68bacd128c64758a9d8740c3, amount 50.00000227 BTC)
2024-08-27 23:00:42.120 [INF] MINR: Block submitted via CPU miner accepted (hash 1c97e4974225c678063d26c19583047f0ec4342d4886a3fba0b825b6566deb8a, amount 50.00100000 BTC)
2024-08-27 23:00:42.120 [INF] MINR: Block submitted via CPU miner accepted (hash 27e30df66ac4cb2cd5db486edf2f2866b342d1b6ac7aebecd04742a3d78ad1f2, amount 50 BTC)
2024-08-27 23:00:47.143 [ERR] RPCS: Websocket receive error from [::1]:58513: websocket: close 1006 unexpected EOF
2024-08-27 23:00:47.143 [ERR] RPCS: Websocket receive error from [::1]:58512: websocket: close 1006 unexpected EOF
2024-08-27 23:00:47.143 [INF] RPCS: Disconnected websocket client [::1]:58513
2024-08-27 23:00:47.143 [INF] RPCS: Disconnected websocket client [::1]:58512
2024-08-27 23:01:11.645 [INF] RPCS: New websocket client [::1]:58532
2024-08-27 23:01:11.646 [INF] RPCS: New websocket client [::1]:58533
2024-08-27 23:01:12.148 [INF] RPCS: Beginning rescan for 32 addresses
2024-08-27 23:01:12.149 [INF] RPCS: Finished rescan
2024-08-27 23:01:15.634 [INF] MINR: Block submitted via CPU miner accepted (hash 29fe931a3f1a6dc22c7aa1313f00d16e1ff84cb697eaf68f00839841ddb48a91, amount 50.00000227 BTC)
2024-08-27 23:01:29.576 [INF] MINR: Block submitted via CPU miner accepted (hash 3815a451d81b9d1b8921933590ba4cc5d9a015a2745426349d1fc7a9f19a9b9f, amount 50.00100000 BTC)
2024-08-27 23:01:29.578 [INF] MINR: Block submitted via CPU miner accepted (hash 3cd592cf80de737d0e5bdaa531ca3c09f6e697ec9e759afa8a5b9b935701df80, amount 50 BTC)
2024-08-27 23:01:34.598 [ERR] RPCS: Websocket receive error from [::1]:58533: websocket: close 1006 unexpected EOF
2024-08-27 23:01:34.598 [ERR] RPCS: Websocket receive error from [::1]:58532: websocket: close 1006 unexpected EOF
2024-08-27 23:01:34.598 [INF] RPCS: Disconnected websocket client [::1]:58533
2024-08-27 23:01:34.598 [INF] RPCS: Disconnected websocket client [::1]:58532
2024-08-27 23:01:58.429 [INF] RPCS: New websocket client [::1]:58541
2024-08-27 23:01:58.430 [INF] RPCS: New websocket client [::1]:58542
2024-08-27 23:01:58.945 [INF] RPCS: Beginning rescan for 33 addresses
2024-08-27 23:01:58.946 [INF] RPCS: Finished rescan
2024-08-27 23:02:02.427 [INF] MINR: Block submitted via CPU miner accepted (hash 507d3e045be1c6494967a9a00723246782eeeaad00c9df94b359cf8b82acabdb, amount 50.00000227 BTC)
2024-08-27 23:02:16.382 [INF] MINR: Block submitted via CPU miner accepted (hash 693f52aaf96fa0b1ae280050e0405954df76b65300e06150b1c93f909789c356, amount 50.00100000 BTC)
2024-08-27 23:02:16.382 [INF] MINR: Block submitted via CPU miner accepted (hash 23a9471aea29f4762439a84e2231521a34707c0d75b10a39c8d8b014035d0d22, amount 50 BTC)
2024-08-27 23:02:21.401 [ERR] RPCS: Websocket receive error from [::1]:58541: websocket: close 1006 unexpected EOF
2024-08-27 23:02:21.401 [ERR] RPCS: Websocket receive error from [::1]:58542: websocket: close 1006 unexpected EOF
2024-08-27 23:02:21.402 [INF] RPCS: Disconnected websocket client [::1]:58541
2024-08-27 23:02:21.402 [INF] RPCS: Disconnected websocket client [::1]:58542
2024-08-27 23:05:04.269 [INF] RPCS: New websocket client [::1]:58569
2024-08-27 23:05:04.270 [INF] RPCS: New websocket client [::1]:58570
2024-08-27 23:05:05.017 [INF] RPCS: Beginning rescan for 34 addresses
2024-08-27 23:05:05.017 [INF] RPCS: Finished rescan
2024-08-27 23:05:08.403 [INF] MINR: Block submitted via CPU miner accepted (hash 57bbe6721be7f51e73c6f349e6a17c7c43b86a17ee8ce23eccfffe43de8327ee, amount 50.00000227 BTC)
2024-08-27 23:05:22.335 [INF] MINR: Block submitted via CPU miner accepted (hash 15d7057d1bcae0e77118952c1350bd8e305414daf8b50f5627d9b9be6293061f, amount 50.00100000 BTC)
2024-08-27 23:05:22.336 [INF] MINR: Block submitted via CPU miner accepted (hash 58cb707d7a163ea4ce20fb14307aa2ff68ce5d05be5a572e523465d3f5156e1d, amount 50 BTC)
2024-08-27 23:05:27.353 [ERR] RPCS: Websocket receive error from [::1]:58569: websocket: close 1006 unexpected EOF
2024-08-27 23:05:27.353 [INF] RPCS: Disconnected websocket client [::1]:58569
2024-08-27 23:05:27.353 [ERR] RPCS: Websocket receive error from [::1]:58570: websocket: close 1006 unexpected EOF
2024-08-27 23:05:27.353 [INF] RPCS: Disconnected websocket client [::1]:58570
2024-08-27 23:11:44.491 [INF] RPCS: New websocket client [::1]:58675
2024-08-27 23:11:44.492 [INF] RPCS: New websocket client [::1]:58676
2024-08-27 23:11:45.244 [INF] RPCS: Beginning rescan for 35 addresses
2024-08-27 23:11:45.244 [INF] RPCS: Finished rescan
2024-08-27 23:11:48.608 [INF] MINR: Block submitted via CPU miner accepted (hash 614ecbd2cb425b6c122fd35ef357c203453e74840fa0f5f38ebad130740895c1, amount 50.00000227 BTC)
2024-08-27 23:12:02.548 [INF] MINR: Block submitted via CPU miner accepted (hash 08fe21bb1cbaa2d478ccaafc26f96ce3acc90802aeb27703294fc4a477a3f21b, amount 50.00100000 BTC)
2024-08-27 23:12:02.549 [INF] MINR: Block submitted via CPU miner accepted (hash 7c7585c22e552cd1e1315f3cd9ddc502046abcde806d43546bab82352e330c76, amount 50 BTC)
2024-08-27 23:12:07.566 [ERR] RPCS: Websocket receive error from [::1]:58675: websocket: close 1006 unexpected EOF
2024-08-27 23:12:07.566 [ERR] RPCS: Websocket receive error from [::1]:58676: websocket: close 1006 unexpected EOF
2024-08-27 23:12:07.566 [INF] RPCS: Disconnected websocket client [::1]:58676
2024-08-27 23:12:07.566 [INF] RPCS: Disconnected websocket client [::1]:58675
2024-08-27 23:13:26.587 [INF] RPCS: New websocket client [::1]:58713
2024-08-27 23:13:26.588 [INF] RPCS: New websocket client [::1]:58714
2024-08-27 23:13:27.344 [INF] RPCS: Beginning rescan for 36 addresses
2024-08-27 23:13:27.344 [INF] RPCS: Finished rescan
2024-08-27 23:13:30.754 [INF] MINR: Block submitted via CPU miner accepted (hash 20badd472cfd56b83e82eff33c4c80de722b71254200e99ab34dfca260c25e30, amount 50.00000227 BTC)
2024-08-27 23:13:44.699 [INF] MINR: Block submitted via CPU miner accepted (hash 3ef81ca135a3d917ed778435f59d240fe9161aaee89f1aa09f7e60a17f5da20f, amount 50.00100000 BTC)
2024-08-27 23:13:44.699 [INF] MINR: Block submitted via CPU miner accepted (hash 3a18760c7b3c44c9abdb0b9c4da10fdfd1e2ef3f7b77462edd5bb97f68c4a4e7, amount 50 BTC)
2024-08-27 23:13:49.720 [ERR] RPCS: Websocket receive error from [::1]:58713: websocket: close 1006 unexpected EOF
2024-08-27 23:13:49.720 [ERR] RPCS: Websocket receive error from [::1]:58714: websocket: close 1006 unexpected EOF
2024-08-27 23:13:49.720 [INF] RPCS: Disconnected websocket client [::1]:58713
2024-08-27 23:13:49.720 [INF] RPCS: Disconnected websocket client [::1]:58714
2024-08-27 23:16:19.717 [INF] RPCS: New websocket client [::1]:58772
2024-08-27 23:16:19.719 [INF] RPCS: New websocket client [::1]:58773
2024-08-27 23:16:20.479 [INF] RPCS: Beginning rescan for 37 addresses
2024-08-27 23:16:20.479 [INF] RPCS: Finished rescan
2024-08-27 23:16:23.820 [INF] MINR: Block submitted via CPU miner accepted (hash 40e66da3fa49bcb31907acf348e781cd725d79fc14310f30bf4327ebd9fc6902, amount 50.00000227 BTC)
2024-08-27 23:16:37.786 [INF] MINR: Block submitted via CPU miner accepted (hash 5835130dc46b25938c5f3080e8f64d86b6bec3ef128c04a9eb9a67f349b0b02b, amount 50.00100000 BTC)
2024-08-27 23:16:37.786 [INF] MINR: Block submitted via CPU miner accepted (hash 3f144119571bae1530c5e0d8d68fcbdf38f8c60355e12942f36a4bfae1c4bcda, amount 50 BTC)
2024-08-27 23:16:42.794 [ERR] RPCS: Websocket receive error from [::1]:58772: websocket: close 1006 unexpected EOF
2024-08-27 23:16:42.794 [INF] RPCS: Disconnected websocket client [::1]:58772
2024-08-27 23:16:42.794 [ERR] RPCS: Websocket receive error from [::1]:58773: websocket: close 1006 unexpected EOF
2024-08-27 23:16:42.795 [INF] RPCS: Disconnected websocket client [::1]:58773
2024-08-28 02:16:18.236 [INF] RPCS: New websocket client [::1]:60635
2024-08-28 02:16:18.235 [INF] RPCS: New websocket client [::1]:60634
2024-08-28 02:16:19.763 [INF] RPCS: Beginning rescan for 11 addresses
2024-08-28 02:16:19.764 [INF] RPCS: Finished rescan
2024-08-28 02:16:21.335 [ERR] RPCS: Websocket receive error from [::1]:60635: websocket: close 1006 unexpected EOF
2024-08-28 02:16:21.335 [INF] RPCS: Disconnected websocket client [::1]:60635
2024-08-28 02:16:21.335 [ERR] RPCS: Websocket receive error from [::1]:60634: websocket: close 1006 unexpected EOF
2024-08-28 02:16:21.335 [INF] RPCS: Disconnected websocket client [::1]:60634
2024-08-28 02:16:33.819 [INF] RPCS: New websocket client [::1]:60639
2024-08-28 02:16:33.820 [INF] RPCS: New websocket client [::1]:60640
2024-08-28 02:16:34.419 [INF] RPCS: Beginning rescan for 11 addresses
2024-08-28 02:16:34.419 [INF] RPCS: Finished rescan
2024-08-28 02:16:47.293 [ERR] RPCS: Websocket receive error from [::1]:60640: websocket: close 1006 unexpected EOF
2024-08-28 02:16:47.293 [INF] RPCS: Disconnected websocket client [::1]:60640
2024-08-28 02:16:47.293 [ERR] RPCS: Websocket receive error from [::1]:60639: websocket: close 1006 unexpected EOF
2024-08-28 02:16:47.293 [INF] RPCS: Disconnected websocket client [::1]:60639
2024-08-28 09:35:59.402 [INF] RPCS: New websocket client [::1]:63059
2024-08-28 09:35:59.402 [INF] RPCS: New websocket client [::1]:63060
2024-08-28 09:36:00.647 [INF] RPCS: Beginning rescan for 38 addresses
2024-08-28 09:36:00.649 [INF] RPCS: Finished rescan
2024-08-28 09:36:07.946 [ERR] RPCS: Websocket receive error from [::1]:63060: websocket: close 1006 unexpected EOF
2024-08-28 09:36:07.946 [INF] RPCS: Disconnected websocket client [::1]:63060
2024-08-28 09:36:07.946 [ERR] RPCS: Websocket receive error from [::1]:63059: websocket: close 1006 unexpected EOF
2024-08-28 09:36:07.946 [INF] RPCS: Disconnected websocket client [::1]:63059
2024-08-28 09:38:12.620 [INF] RPCS: New websocket client [::1]:63111
2024-08-28 09:38:12.621 [INF] RPCS: New websocket client [::1]:63112
2024-08-28 09:38:13.145 [INF] RPCS: Beginning rescan for 39 addresses
2024-08-28 09:38:13.145 [INF] RPCS: Finished rescan
2024-08-28 09:38:20.537 [ERR] RPCS: Websocket receive error from [::1]:63112: websocket: close 1006 unexpected EOF
2024-08-28 09:38:20.537 [INF] RPCS: Disconnected websocket client [::1]:63112
2024-08-28 09:38:20.537 [ERR] RPCS: Websocket receive error from [::1]:63111: websocket: close 1006 unexpected EOF
2024-08-28 09:38:20.537 [INF] RPCS: Disconnected websocket client [::1]:63111
2024-08-28 09:42:35.730 [INF] RPCS: New websocket client [::1]:63213
2024-08-28 09:42:35.731 [INF] RPCS: New websocket client [::1]:63214
2024-08-28 09:42:36.254 [INF] RPCS: Beginning rescan for 39 addresses
2024-08-28 09:42:36.254 [INF] RPCS: Finished rescan
2024-08-28 09:42:43.662 [ERR] RPCS: Websocket receive error from [::1]:63213: websocket: close 1006 unexpected EOF
2024-08-28 09:42:43.662 [ERR] RPCS: Websocket receive error from [::1]:63214: websocket: close 1006 unexpected EOF
2024-08-28 09:42:43.662 [INF] RPCS: Disconnected websocket client [::1]:63213
2024-08-28 09:42:43.662 [INF] RPCS: Disconnected websocket client [::1]:63214
2024-08-28 09:48:26.679 [INF] RPCS: New websocket client [::1]:63319
2024-08-28 09:48:26.680 [INF] RPCS: New websocket client [::1]:63320
2024-08-28 09:48:27.187 [INF] RPCS: Beginning rescan for 39 addresses
2024-08-28 09:48:27.187 [INF] RPCS: Finished rescan
2024-08-28 09:48:34.560 [ERR] RPCS: Websocket receive error from [::1]:63320: websocket: close 1006 unexpected EOF
2024-08-28 09:48:34.560 [INF] RPCS: Disconnected websocket client [::1]:63320
2024-08-28 09:48:34.560 [ERR] RPCS: Websocket receive error from [::1]:63319: websocket: close 1006 unexpected EOF
2024-08-28 09:48:34.560 [INF] RPCS: Disconnected websocket client [::1]:63319
2024-08-28 09:53:30.354 [INF] RPCS: New websocket client [::1]:63395
2024-08-28 09:53:30.355 [INF] RPCS: New websocket client [::1]:63396
2024-08-28 09:53:30.890 [INF] RPCS: Beginning rescan for 39 addresses
2024-08-28 09:53:30.890 [INF] RPCS: Finished rescan
2024-08-28 09:53:38.270 [ERR] RPCS: Websocket receive error from [::1]:63395: websocket: close 1006 unexpected EOF
2024-08-28 09:53:38.270 [ERR] RPCS: Websocket receive error from [::1]:63396: websocket: close 1006 unexpected EOF
2024-08-28 09:53:38.270 [INF] RPCS: Disconnected websocket client [::1]:63395
2024-08-28 09:53:38.270 [INF] RPCS: Disconnected websocket client [::1]:63396
2024-08-28 10:04:21.387 [INF] RPCS: New websocket client [::1]:63627
2024-08-28 10:04:21.388 [INF] RPCS: New websocket client [::1]:63628
2024-08-28 10:04:22.375 [INF] RPCS: Beginning rescan for 39 addresses
2024-08-28 10:04:22.376 [INF] RPCS: Finished rescan
2024-08-28 10:04:29.820 [INF] MINR: Block submitted via CPU miner accepted (hash 2749977b5dbf07135a35b3280534c6e2fe4629f7d352df2d674077613290f809, amount 50.00000225 BTC)
2024-08-28 10:04:34.845 [ERR] RPCS: Websocket receive error from [::1]:63627: websocket: close 1006 unexpected EOF
2024-08-28 10:04:34.845 [INF] RPCS: Disconnected websocket client [::1]:63627
2024-08-28 10:04:34.845 [ERR] RPCS: Websocket receive error from [::1]:63628: websocket: close 1006 unexpected EOF
2024-08-28 10:04:34.845 [INF] RPCS: Disconnected websocket client [::1]:63628
2024-08-28 10:05:28.928 [INF] RPCS: New websocket client [::1]:63634
2024-08-28 10:05:28.929 [INF] RPCS: New websocket client [::1]:63635
2024-08-28 10:05:29.435 [INF] RPCS: Beginning rescan for 39 addresses
2024-08-28 10:05:29.435 [INF] RPCS: Finished rescan
2024-08-28 10:05:36.846 [INF] MINR: Block submitted via CPU miner accepted (hash 29742d7f7fc44f07735ef08b001c22931a5e9cc6b6ec2f89aa7d25fca23799a0, amount 50.00000225 BTC)
2024-08-28 10:05:41.876 [ERR] RPCS: Websocket receive error from [::1]:63635: websocket: close 1006 unexpected EOF
2024-08-28 10:05:41.876 [ERR] RPCS: Websocket receive error from [::1]:63634: websocket: close 1006 unexpected EOF
2024-08-28 10:05:41.876 [INF] RPCS: Disconnected websocket client [::1]:63635
2024-08-28 10:05:41.876 [INF] RPCS: Disconnected websocket client [::1]:63634
2024-08-28 10:11:05.021 [INF] RPCS: New websocket client [::1]:63648
2024-08-28 10:11:05.022 [INF] RPCS: New websocket client [::1]:63649
2024-08-28 10:11:05.526 [INF] RPCS: Beginning rescan for 39 addresses
2024-08-28 10:11:05.526 [INF] RPCS: Finished rescan
2024-08-28 10:11:12.967 [INF] MINR: Block submitted via CPU miner accepted (hash 35790a75c06d0802a869623f9c17b591c200163beedda345dbb5a9849bbac0f9, amount 50.00000225 BTC)
2024-08-28 10:11:17.973 [ERR] RPCS: Websocket receive error from [::1]:63648: websocket: close 1006 unexpected EOF
2024-08-28 10:11:17.973 [INF] RPCS: Disconnected websocket client [::1]:63648
2024-08-28 10:11:17.973 [ERR] RPCS: Websocket receive error from [::1]:63649: websocket: close 1006 unexpected EOF
2024-08-28 10:11:17.973 [INF] RPCS: Disconnected websocket client [::1]:63649
2024-08-28 10:13:53.480 [INF] RPCS: New websocket client [::1]:63703
2024-08-28 10:13:53.483 [INF] RPCS: New websocket client [::1]:63704
2024-08-28 10:13:53.990 [INF] RPCS: Beginning rescan for 39 addresses
2024-08-28 10:13:53.991 [INF] RPCS: Finished rescan
2024-08-28 10:14:01.355 [INF] MINR: Block submitted via CPU miner accepted (hash 7b606ac667d31edcfb429165c0f2cd3aab776f38eee77a0a40753626a8837152, amount 50.00000225 BTC)
2024-08-28 10:14:06.373 [ERR] RPCS: Websocket receive error from [::1]:63704: websocket: close 1006 unexpected EOF
2024-08-28 10:14:06.373 [INF] RPCS: Disconnected websocket client [::1]:63704
2024-08-28 10:14:06.373 [ERR] RPCS: Websocket receive error from [::1]:63703: websocket: close 1006 unexpected EOF
2024-08-28 10:14:06.373 [INF] RPCS: Disconnected websocket client [::1]:63703
2024-08-28 10:27:18.842 [INF] RPCS: New websocket client [::1]:63829
2024-08-28 10:27:18.842 [INF] RPCS: New websocket client [::1]:63830
2024-08-28 10:27:19.804 [INF] RPCS: Beginning rescan for 39 addresses
2024-08-28 10:27:19.804 [INF] RPCS: Finished rescan
2024-08-28 10:27:27.223 [INF] MINR: Block submitted via CPU miner accepted (hash 4f3a1bf3e2c2afb4cf3bdd0658803519077d872c115f8ccc87f868a441a5d16c, amount 50.00000225 BTC)
2024-08-28 10:27:32.240 [ERR] RPCS: Websocket receive error from [::1]:63830: websocket: close 1006 unexpected EOF
2024-08-28 10:27:32.240 [INF] RPCS: Disconnected websocket client [::1]:63830
2024-08-28 10:27:32.239 [ERR] RPCS: Websocket receive error from [::1]:63829: websocket: close 1006 unexpected EOF
2024-08-28 10:27:32.240 [INF] RPCS: Disconnected websocket client [::1]:63829
2024-08-28 10:28:15.586 [INF] RPCS: New websocket client [::1]:63841
2024-08-28 10:28:15.590 [INF] RPCS: New websocket client [::1]:63842
2024-08-28 10:28:16.104 [INF] RPCS: Beginning rescan for 39 addresses
2024-08-28 10:28:16.104 [INF] RPCS: Finished rescan
2024-08-28 10:28:23.454 [INF] MINR: Block submitted via CPU miner accepted (hash 7472fd19fe4ec15dfbc65282b36a41fee92c340ef8d35678e2083a424ec131ec, amount 50.00000225 BTC)
2024-08-28 10:28:28.464 [ERR] RPCS: Websocket receive error from [::1]:63841: websocket: close 1006 unexpected EOF
2024-08-28 10:28:28.464 [ERR] RPCS: Websocket receive error from [::1]:63842: websocket: close 1006 unexpected EOF
2024-08-28 10:28:28.464 [INF] RPCS: Disconnected websocket client [::1]:63842
2024-08-28 10:28:28.464 [INF] RPCS: Disconnected websocket client [::1]:63841
2024-08-28 10:30:29.205 [INF] RPCS: New websocket client [::1]:63850
2024-08-28 10:30:29.206 [INF] RPCS: New websocket client [::1]:63851
2024-08-28 10:30:29.701 [INF] RPCS: Beginning rescan for 39 addresses
2024-08-28 10:30:29.701 [INF] RPCS: Finished rescan
2024-08-28 10:30:37.082 [INF] MINR: Block submitted via CPU miner accepted (hash 3330ad311312e7532a27cca15fbdfa1c57996e829f4179a9a9a89cfbc3846afc, amount 50.00000225 BTC)
2024-08-28 10:30:42.104 [ERR] RPCS: Websocket receive error from [::1]:63850: websocket: close 1006 unexpected EOF
2024-08-28 10:30:42.104 [ERR] RPCS: Websocket receive error from [::1]:63851: websocket: close 1006 unexpected EOF
2024-08-28 10:30:42.104 [INF] RPCS: Disconnected websocket client [::1]:63850
2024-08-28 10:30:42.104 [INF] RPCS: Disconnected websocket client [::1]:63851
2024-08-28 10:35:20.399 [INF] RPCS: New websocket client [::1]:63937
2024-08-28 10:35:20.400 [INF] RPCS: New websocket client [::1]:63938
2024-08-28 10:35:20.978 [INF] RPCS: Beginning rescan for 39 addresses
2024-08-28 10:35:20.978 [INF] RPCS: Finished rescan
2024-08-28 10:35:28.434 [INF] MINR: Block submitted via CPU miner accepted (hash 719b26646e076cc0b25777cb2941d7b094662bf2075b95a71948522f51dbac42, amount 50.00000225 BTC)
2024-08-28 10:35:33.454 [ERR] RPCS: Websocket receive error from [::1]:63937: websocket: close 1006 unexpected EOF
2024-08-28 10:35:33.454 [ERR] RPCS: Websocket receive error from [::1]:63938: websocket: close 1006 unexpected EOF
2024-08-28 10:35:33.454 [INF] RPCS: Disconnected websocket client [::1]:63937
2024-08-28 10:35:33.454 [INF] RPCS: Disconnected websocket client [::1]:63938
2024-08-28 10:39:56.036 [INF] RPCS: New websocket client [::1]:63950
2024-08-28 10:39:56.037 [INF] RPCS: New websocket client [::1]:63951
2024-08-28 10:39:56.531 [INF] RPCS: Beginning rescan for 39 addresses
2024-08-28 10:39:56.531 [INF] RPCS: Finished rescan
2024-08-28 10:40:03.913 [INF] MINR: Block submitted via CPU miner accepted (hash 06757000187cea641d6b61a62c64704aacd74e4b4b0e6a181d651b123ac146fc, amount 50.00000225 BTC)
2024-08-28 10:40:08.928 [ERR] RPCS: Websocket receive error from [::1]:63950: websocket: close 1006 unexpected EOF
2024-08-28 10:40:08.928 [ERR] RPCS: Websocket receive error from [::1]:63951: websocket: close 1006 unexpected EOF
2024-08-28 10:40:08.928 [INF] RPCS: Disconnected websocket client [::1]:63950
2024-08-28 10:40:08.928 [INF] RPCS: Disconnected websocket client [::1]:63951
2024-08-28 10:41:04.763 [INF] RPCS: New websocket client [::1]:63956
2024-08-28 10:41:04.764 [INF] RPCS: New websocket client [::1]:63957
2024-08-28 10:41:05.289 [INF] RPCS: Beginning rescan for 39 addresses
2024-08-28 10:41:05.289 [INF] RPCS: Finished rescan
2024-08-28 10:41:12.710 [INF] MINR: Block submitted via CPU miner accepted (hash 7b04aed3e52e0813e071ed77ff25e3b2bf5b031cc6c78976232a532c1ee079ab, amount 50.00000225 BTC)
2024-08-28 10:41:17.734 [ERR] RPCS: Websocket receive error from [::1]:63957: websocket: close 1006 unexpected EOF
2024-08-28 10:41:17.734 [INF] RPCS: Disconnected websocket client [::1]:63957
2024-08-28 10:41:17.734 [ERR] RPCS: Websocket receive error from [::1]:63956: websocket: close 1006 unexpected EOF
2024-08-28 10:41:17.734 [INF] RPCS: Disconnected websocket client [::1]:63956
2024-08-28 10:46:51.355 [INF] RPCS: New websocket client [::1]:63980
2024-08-28 10:46:51.355 [INF] RPCS: New websocket client [::1]:63981
2024-08-28 10:46:51.853 [INF] RPCS: Beginning rescan for 39 addresses
2024-08-28 10:46:51.853 [INF] RPCS: Finished rescan
2024-08-28 10:46:59.299 [INF] MINR: Block submitted via CPU miner accepted (hash 172a1d7fe3bea7b6ffe28e6604ffc280b5632abb8652f84b216e0cb350de3148, amount 50.00000225 BTC)
2024-08-28 10:47:04.318 [ERR] RPCS: Websocket receive error from [::1]:63981: websocket: close 1006 unexpected EOF
2024-08-28 10:47:04.318 [ERR] RPCS: Websocket receive error from [::1]:63980: websocket: close 1006 unexpected EOF
2024-08-28 10:47:04.318 [INF] RPCS: Disconnected websocket client [::1]:63981
2024-08-28 10:47:04.318 [INF] RPCS: Disconnected websocket client [::1]:63980
2024-08-28 11:16:14.336 [INF] RPCS: New websocket client [::1]:64215
2024-08-28 11:16:14.337 [INF] RPCS: New websocket client [::1]:64216
2024-08-28 11:16:15.342 [INF] RPCS: Beginning rescan for 39 addresses
2024-08-28 11:16:15.342 [INF] RPCS: Finished rescan
2024-08-28 11:16:22.765 [INF] MINR: Block submitted via CPU miner accepted (hash 4ba6effff5b54a19f387999b85877243839b6d95d574eaa6a7ce8b2e95b988be, amount 50.00000225 BTC)
2024-08-28 11:16:27.785 [ERR] RPCS: Websocket receive error from [::1]:64216: websocket: close 1006 unexpected EOF
2024-08-28 11:16:27.785 [ERR] RPCS: Websocket receive error from [::1]:64215: websocket: close 1006 unexpected EOF
2024-08-28 11:16:27.785 [INF] RPCS: Disconnected websocket client [::1]:64216
2024-08-28 11:16:27.785 [INF] RPCS: Disconnected websocket client [::1]:64215
2024-08-28 11:18:06.876 [INF] RPCS: New websocket client [::1]:64277
2024-08-28 11:18:06.878 [INF] RPCS: New websocket client [::1]:64278
2024-08-28 11:18:07.392 [INF] RPCS: Beginning rescan for 39 addresses
2024-08-28 11:18:07.392 [INF] RPCS: Finished rescan
2024-08-28 11:18:14.766 [INF] MINR: Block submitted via CPU miner accepted (hash 6f9bd1b7856721375be7fca03d44a14e49c5fda01122206d8381d77b024ab572, amount 50.00000225 BTC)
2024-08-28 11:18:19.791 [ERR] RPCS: Websocket receive error from [::1]:64277: websocket: close 1006 unexpected EOF
2024-08-28 11:18:19.791 [ERR] RPCS: Websocket receive error from [::1]:64278: websocket: close 1006 unexpected EOF
2024-08-28 11:18:19.791 [INF] RPCS: Disconnected websocket client [::1]:64277
2024-08-28 11:18:19.792 [INF] RPCS: Disconnected websocket client [::1]:64278
2024-08-28 11:20:12.330 [INF] RPCS: New websocket client [::1]:64294
2024-08-28 11:20:12.331 [INF] RPCS: New websocket client [::1]:64295
2024-08-28 11:20:12.826 [INF] RPCS: Beginning rescan for 39 addresses
2024-08-28 11:20:12.827 [INF] RPCS: Finished rescan
2024-08-28 11:20:20.205 [INF] MINR: Block submitted via CPU miner accepted (hash 20b0f06a7ca8bb633d05d5d9b0d6b23dde438b6a5bc17abad6edf50c5885df8a, amount 50.00000225 BTC)
2024-08-28 11:20:25.224 [ERR] RPCS: Websocket receive error from [::1]:64294: websocket: close 1006 unexpected EOF
2024-08-28 11:20:25.224 [ERR] RPCS: Websocket receive error from [::1]:64295: websocket: close 1006 unexpected EOF
2024-08-28 11:20:25.224 [INF] RPCS: Disconnected websocket client [::1]:64294
2024-08-28 11:20:25.224 [INF] RPCS: Disconnected websocket client [::1]:64295
2024-08-28 11:44:16.707 [INF] RPCS: New websocket client [::1]:64572
2024-08-28 11:44:16.708 [INF] RPCS: New websocket client [::1]:64573
2024-08-28 11:44:17.677 [INF] RPCS: Beginning rescan for 39 addresses
2024-08-28 11:44:17.678 [INF] RPCS: Finished rescan
2024-08-28 11:44:25.136 [INF] MINR: Block submitted via CPU miner accepted (hash 24ebb3790309237a98a0cc04a091dd82a627f0f189be2f7565f569194bd8e045, amount 50.00000225 BTC)
2024-08-28 11:44:30.159 [ERR] RPCS: Websocket receive error from [::1]:64572: websocket: close 1006 unexpected EOF
2024-08-28 11:44:30.159 [INF] RPCS: Disconnected websocket client [::1]:64572
2024-08-28 11:44:30.159 [ERR] RPCS: Websocket receive error from [::1]:64573: websocket: close 1006 unexpected EOF
2024-08-28 11:44:30.159 [INF] RPCS: Disconnected websocket client [::1]:64573
2024-08-28 11:58:47.935 [INF] RPCS: New websocket client [::1]:64704
2024-08-28 11:58:47.936 [INF] RPCS: New websocket client [::1]:64705
2024-08-28 11:58:48.916 [INF] RPCS: Beginning rescan for 39 addresses
2024-08-28 11:58:48.916 [INF] RPCS: Finished rescan
2024-08-28 11:58:56.323 [INF] MINR: Block submitted via CPU miner accepted (hash 4c1a652428fefe0f983a06f36586598f07119cad60527ea70b34db19dd848141, amount 50.00000225 BTC)
2024-08-28 11:59:06.338 [INF] MINR: Block submitted via CPU miner accepted (hash 4493af08cc4a676aba790a0486709b98aef9763cb44fb28496ab6b430d1a72d0, amount 50.00100000 BTC)
2024-08-28 11:59:11.349 [ERR] RPCS: Websocket receive error from [::1]:64705: websocket: close 1006 unexpected EOF
2024-08-28 11:59:11.349 [ERR] RPCS: Websocket receive error from [::1]:64704: websocket: close 1006 unexpected EOF
2024-08-28 11:59:11.349 [INF] RPCS: Disconnected websocket client [::1]:64705
2024-08-28 11:59:11.349 [INF] RPCS: Disconnected websocket client [::1]:64704
2024-08-28 11:59:55.881 [INF] RPCS: New websocket client [::1]:64730
2024-08-28 11:59:55.883 [INF] RPCS: New websocket client [::1]:64731
2024-08-28 11:59:56.621 [INF] RPCS: Beginning rescan for 39 addresses
2024-08-28 11:59:56.621 [INF] RPCS: Finished rescan
2024-08-28 12:00:03.889 [INF] MINR: Block submitted via CPU miner accepted (hash 61bec2751806f6613ae7041a33eb8074c0ebbdce9985105ab434f3b82e13cf5c, amount 50.00000225 BTC)
2024-08-28 12:00:13.900 [INF] MINR: Block submitted via CPU miner accepted (hash 1ab6bd201cbe0caba44747daabd422ccea1d85324428150ebb4ac3a9b813e6ae, amount 50.00100000 BTC)
2024-08-28 12:00:13.901 [INF] MINR: Block submitted via CPU miner accepted (hash 25c9b564e8194a94d58a49851602c37ff184f0d1306726a6aa65528f9a0d1a2d, amount 50 BTC)
2024-08-28 12:00:18.907 [ERR] RPCS: Websocket receive error from [::1]:64730: websocket: close 1006 unexpected EOF
2024-08-28 12:00:18.907 [ERR] RPCS: Websocket receive error from [::1]:64731: websocket: close 1006 unexpected EOF
2024-08-28 12:00:18.907 [INF] RPCS: Disconnected websocket client [::1]:64730
2024-08-28 12:00:18.907 [INF] RPCS: Disconnected websocket client [::1]:64731
2024-08-31 17:01:15.975 [INF] BTCD: Version 0.24.2-beta
2024-08-31 17:01:15.975 [INF] BTCD: Loading block database from 'simnet/btcd/simnet/blocks_ffldb'
2024-08-31 17:01:16.008 [INF] BCDB: Detected unclean shutdown - Repairing...
2024-08-31 17:01:16.013 [INF] BCDB: Database sync complete
2024-08-31 17:01:16.013 [INF] BTCD: Block database loaded
2024-08-31 17:01:16.015 [INF] INDX: Transaction index is enabled
2024-08-31 17:01:16.015 [INF] INDX: Committed filter index is enabled
2024-08-31 17:01:16.015 [INF] CHAN: Pre-alloacting for 251 MiB
2024-08-31 17:01:16.018 [INF] CHAN: Loading block index...
2024-08-31 17:01:16.022 [INF] CHAN: Reconstructing UTXO state after an unclean shutdown. The UTXO state is consistent at block 62f5b8169df2cefa241e5878fda6f8c38adeb941f68c214920d3f586ec885584 (855) but the chainstate is at block 24ebb3790309237a98a0cc04a091dd82a627f0f189be2f7565f569194bd8e045 (993),  This may take a long time...
2024-08-31 17:01:16.031 [INF] CHAN: Chain state (height 993, hash 24ebb3790309237a98a0cc04a091dd82a627f0f189be2f7565f569194bd8e045, totaltx 1050, work 1988)
2024-08-31 17:01:16.032 [INF] RPCS: RPC server listening on 127.0.0.1:18556
2024-08-31 17:01:16.032 [INF] RPCS: RPC server listening on [::1]:18556
2024-08-31 17:01:16.034 [INF] AMGR: Loaded 0 addresses from file 'simnet/btcd/simnet/peers.json'
2024-08-31 17:01:16.034 [INF] CMGR: Server listening on [::]:18555
2024-08-31 17:01:16.034 [INF] CMGR: Server listening on 0.0.0.0:18555
2024-08-31 17:01:22.117 [INF] RPCS: New websocket client 127.0.0.1:63536
2024-08-31 17:01:24.795 [INF] RPCS: New websocket client 127.0.0.1:63537
2024-08-31 17:01:24.796 [INF] RPCS: New websocket client 127.0.0.1:63538
2024-08-31 17:01:29.673 [INF] MINR: Block submitted via CPU miner accepted (hash 43a4cb18be59d264dda5708a18c60b9b15becd460080103d8f0b2ca99ec3d777, amount 50.00000224 BTC)
2024-08-31 17:01:38.849 [ERR] RPCS: Websocket receive error from 127.0.0.1:63537: websocket: close 1006 unexpected EOF
2024-08-31 17:01:38.849 [ERR] RPCS: Websocket receive error from 127.0.0.1:63538: websocket: close 1006 unexpected EOF
2024-08-31 17:01:38.849 [INF] RPCS: Disconnected websocket client 127.0.0.1:63537
2024-08-31 17:01:38.849 [INF] RPCS: Disconnected websocket client 127.0.0.1:63538
2024-08-31 17:02:24.909 [INF] RPCS: New websocket client 127.0.0.1:63555
2024-08-31 17:02:24.910 [INF] RPCS: New websocket client 127.0.0.1:63556
2024-08-31 17:02:29.102 [INF] MINR: Block submitted via CPU miner accepted (hash 019e13a8144ff0d187b43a48d9b188b1b8318f7ef70034919034ce9643428e82, amount 50.00000224 BTC)
2024-08-31 17:02:38.259 [ERR] RPCS: Websocket receive error from 127.0.0.1:63555: websocket: close 1006 unexpected EOF
2024-08-31 17:02:38.259 [ERR] RPCS: Websocket receive error from 127.0.0.1:63556: websocket: close 1006 unexpected EOF
2024-08-31 17:02:38.260 [INF] RPCS: Disconnected websocket client 127.0.0.1:63556
2024-08-31 17:02:38.260 [INF] RPCS: Disconnected websocket client 127.0.0.1:63555
2024-08-31 17:04:44.923 [INF] RPCS: New websocket client 127.0.0.1:63594
2024-08-31 17:04:44.924 [INF] RPCS: New websocket client 127.0.0.1:63595
2024-08-31 17:04:49.124 [INF] MINR: Block submitted via CPU miner accepted (hash 726beaac8a7155de478352470c1c26e819c6f73123f46d18852a6ce3b104449a, amount 50.00000224 BTC)
2024-08-31 17:04:58.252 [ERR] RPCS: Websocket receive error from 127.0.0.1:63595: websocket: close 1006 unexpected EOF
2024-08-31 17:04:58.252 [ERR] RPCS: Websocket receive error from 127.0.0.1:63594: websocket: close 1006 unexpected EOF
2024-08-31 17:04:58.252 [INF] RPCS: Disconnected websocket client 127.0.0.1:63595
2024-08-31 17:04:58.252 [INF] RPCS: Disconnected websocket client 127.0.0.1:63594
2024-08-31 17:05:22.391 [INF] RPCS: New websocket client 127.0.0.1:63600
2024-08-31 17:05:22.391 [INF] RPCS: New websocket client 127.0.0.1:63601
2024-08-31 17:05:26.599 [INF] MINR: Block submitted via CPU miner accepted (hash 30d069440035879d249d2bd0bc61c7f1d3be18496deef7f9b80a401e3566faa0, amount 50.00000224 BTC)
2024-08-31 17:05:26.599 [INF] MINR: Block submitted via CPU miner accepted (hash 7df8f606ad00e170088a00d4150fe1daf20b0b82981fde9f904089750be13388, amount 50 BTC)
2024-08-31 17:05:30.164 [INF] RPCS: Beginning rescan for 53 addresses
2024-08-31 17:05:30.165 [INF] RPCS: Finished rescan
2024-08-31 17:05:35.720 [ERR] RPCS: Websocket receive error from 127.0.0.1:63600: websocket: close 1006 unexpected EOF
2024-08-31 17:05:35.720 [ERR] RPCS: Websocket receive error from 127.0.0.1:63601: websocket: close 1006 unexpected EOF
2024-08-31 17:05:35.720 [INF] RPCS: Disconnected websocket client 127.0.0.1:63600
2024-08-31 17:05:35.720 [INF] RPCS: Disconnected websocket client 127.0.0.1:63601
2024-08-31 17:06:00.884 [INF] RPCS: New websocket client 127.0.0.1:63614
2024-08-31 17:06:00.886 [INF] RPCS: New websocket client 127.0.0.1:63615
2024-08-31 17:06:05.073 [INF] MINR: Block submitted via CPU miner accepted (hash 65db6726b1fd27bb4a8f1f34003dcea7094be0af0cc0c323320f3b9e128efe8f, amount 50.00000674 BTC)
2024-08-31 17:06:05.073 [INF] MINR: Block submitted via CPU miner accepted (hash 16d19eab53a3c095afaa344455cc14d55ccaf424966b412a44126f3c760248aa, amount 50 BTC)
2024-08-31 17:06:05.076 [INF] MINR: Block submitted via CPU miner accepted (hash 106256d2bd94a66edbc9ec221ece285fb850844098e8939c74445dd98b054fdb, amount 50 BTC)
2024-08-31 17:06:05.076 [INF] MINR: Block submitted via CPU miner accepted (hash 477873f42bdf2a67f8363bcd644c4ca42f6e7f91a6c1a9be352e9b7be414fb1f, amount 50 BTC)
2024-08-31 17:06:05.078 [INF] MINR: Block submitted via CPU miner accepted (hash 2afaeba40ee11aa764e8876f2d1288b92ed4659c3a8242ad285fea744d2643ba, amount 50 BTC)
2024-08-31 17:06:05.078 [INF] MINR: Block submitted via CPU miner accepted (hash 61c2142aeac951799a0d5ea6145cdbbce500fe96b2513616a3c2f46f44e588ce, amount 50 BTC)
2024-08-31 17:06:05.080 [INF] MINR: Block submitted via CPU miner accepted (hash 19288fc14241afa0b4c072007ea41a5f5d9fcad450762fd4029d73fe2729e847, amount 50 BTC)
2024-08-31 17:06:05.080 [INF] MINR: Block submitted via CPU miner accepted (hash 696d4f8ccb45c9128aff9113e8673b4d6215ae4bc26269bfc556816179b36e7b, amount 50 BTC)
2024-08-31 17:06:05.080 [INF] MINR: Block submitted via CPU miner accepted (hash 2bc78e4b8f7382a9a32f84bceebc9e58bc0c481da16eac6f44b4d884bce953a4, amount 50 BTC)
2024-08-31 17:06:05.080 [INF] MINR: Block submitted via CPU miner accepted (hash 23538567e9464a70a2e7887d035b287535f829507247ddeddcac8d007897f24b, amount 50 BTC)
2024-08-31 17:06:05.081 [INF] MINR: Block submitted via CPU miner accepted (hash 509bc4c86da7cdaee17c69cc4840597d024decac8d9040f755b9bd3ece0cbfc9, amount 50 BTC)
2024-08-31 17:06:05.081 [INF] MINR: Block submitted via CPU miner accepted (hash 65519136385014ed8982dab29972a0ce07355f1a2c18727e29b95d780d81d326, amount 50 BTC)
2024-08-31 17:06:05.081 [INF] MINR: Block submitted via CPU miner accepted (hash 0ea16d8f160815becd1841d2164c39e971066fbb4df37d4c2591513de446119b, amount 50 BTC)
2024-08-31 17:06:05.081 [INF] MINR: Block submitted via CPU miner accepted (hash 6cfb577f474e00e043b486924c75eab87b9f6bfb5dd28f91fde0e6f2135c003c, amount 50 BTC)
2024-08-31 17:06:05.083 [INF] MINR: Block submitted via CPU miner accepted (hash 4f81d659d9411214f5da6abbb235efb86b3bc967a4a577a07ea762b05a374f8b, amount 50 BTC)
2024-08-31 17:06:05.083 [INF] MINR: Block submitted via CPU miner accepted (hash 0ab05123257c4e354d4eebab43c44004ee6fa78a77d57d0e786f263a858a9a4f, amount 50 BTC)
2024-08-31 17:06:05.085 [INF] MINR: Block submitted via CPU miner accepted (hash 513ce40a5bf3db7a3078d526808c32af5bc801edd999e394eab04e04138493d5, amount 50 BTC)
2024-08-31 17:06:05.085 [INF] MINR: Block submitted via CPU miner accepted (hash 57241a7ecf4546e1b8b801c3026b32505c266aa9a732339ac6c8de30602bc222, amount 50 BTC)
2024-08-31 17:06:05.085 [INF] MINR: Block submitted via CPU miner accepted (hash 219a0a6162d6b261e196b62c927d70a3564fcdc13fb022ccc902298fbb74c036, amount 50 BTC)
2024-08-31 17:06:05.085 [INF] MINR: Block submitted via CPU miner accepted (hash 78f35773cc8b8dd3c020ddbff81a70d35f5880d8751acc5a30e81d20ffb01fb4, amount 50 BTC)
2024-08-31 17:06:05.085 [INF] MINR: Block submitted via CPU miner accepted (hash 7bc6083e2e490733e424c50afbe5e88689665cabc4e9d0cb5e402d0e7605c3c8, amount 50 BTC)
2024-08-31 17:06:05.086 [INF] MINR: Block submitted via CPU miner accepted (hash 403f84383a2c45cee1b39b94535ec37725145f5f1c1020fab70f78ddb060f87d, amount 50 BTC)
2024-08-31 17:06:05.086 [INF] MINR: Block submitted via CPU miner accepted (hash 625b576cc3009e5cb9dc75510917f86e1eaaa2827724b73617b18c4eeb2003fd, amount 50 BTC)
2024-08-31 17:06:05.086 [INF] MINR: Block submitted via CPU miner accepted (hash 06f0d53456fb41a4c71ca0316ce9b2ff6775ae1aef55cbda1dab503546e5e16f, amount 50 BTC)
2024-08-31 17:06:05.086 [INF] MINR: Block submitted via CPU miner accepted (hash 1d18db9f8fb2eaf1501e735ad1fabdfc65fc62db059620ae15b30336846539b2, amount 50 BTC)
2024-08-31 17:06:05.086 [INF] MINR: Block submitted via CPU miner accepted (hash 4ed88b67ad77addb98b331621f1202d210eaab36f100067a76201ca39084f651, amount 50 BTC)
2024-08-31 17:06:05.086 [INF] MINR: Block submitted via CPU miner accepted (hash 71dd3552d972c58dcd3db8e783aaa3344e04c75065d15452689b154632451e82, amount 50 BTC)
2024-08-31 17:06:05.086 [INF] MINR: Block submitted via CPU miner accepted (hash 319b9f082d1e7348c9a46879999800292d4ca434ea4e1c88f714aea14377a985, amount 50 BTC)
2024-08-31 17:06:05.087 [INF] MINR: Block submitted via CPU miner accepted (hash 5e1ab3d5e72014c39947b71e453a3b9a7dff77d5220403ad8222666e9eea8c16, amount 50 BTC)
2024-08-31 17:06:05.087 [INF] MINR: Block submitted via CPU miner accepted (hash 0b52f5804f38f7f407768c1b1fbb126025cd276bf230a14e524ce942e2edc9f9, amount 50 BTC)
2024-08-31 17:06:05.087 [INF] MINR: Block submitted via CPU miner accepted (hash 0b385ebf54c6b113a6dfbc9d8b0db4e4feb106d60328eda4467ea7f56dea9113, amount 50 BTC)
2024-08-31 17:06:05.087 [INF] MINR: Block submitted via CPU miner accepted (hash 72be5e9bc01688a7bd427c0f27d6364ad00443b8b8fc9be1e9626a58e8fdf91b, amount 50 BTC)
2024-08-31 17:06:05.089 [INF] MINR: Block submitted via CPU miner accepted (hash 30420d6ee4dbceade84695126e8848f45f3d1cf9688969fd292dc157e9c28dc4, amount 50 BTC)
2024-08-31 17:06:05.091 [INF] MINR: Block submitted via CPU miner accepted (hash 481d2b8f5ba0471bc43c3af6abca76af8384edc27934c70104e9b6755814d334, amount 50 BTC)
2024-08-31 17:06:05.091 [INF] MINR: Block submitted via CPU miner accepted (hash 4ec02ab75970d3b01cdc2f0fd5c492ae35c86e338d18237dc24100c38c8c7705, amount 50 BTC)
2024-08-31 17:06:05.091 [INF] MINR: Block submitted via CPU miner accepted (hash 47d008c0ba7b483f648763c838a5f8b81e440fab8b4fe150f8f4a10e749cb287, amount 50 BTC)
2024-08-31 17:06:05.091 [INF] MINR: Block submitted via CPU miner accepted (hash 7824439e77f5de5b4742cc3c99c6d033abb7f0b30b685a7468b8a2cd9871169d, amount 50 BTC)
2024-08-31 17:06:05.092 [INF] MINR: Block submitted via CPU miner accepted (hash 5387601cb7abc07388690801b330f8581d73772b07ee1659b7b61f110e971077, amount 50 BTC)
2024-08-31 17:06:05.092 [INF] MINR: Block submitted via CPU miner accepted (hash 4306985455eb34a57394fe78e4b0dd66f5888b7329bd877552ed638d42b2b243, amount 50 BTC)
2024-08-31 17:06:05.092 [INF] MINR: Block submitted via CPU miner accepted (hash 01c24b9ab03eb4ef3e2ee8a2da11cb7df4abb3c01abd484ba527de28a88388c3, amount 50 BTC)
2024-08-31 17:06:05.092 [INF] MINR: Block submitted via CPU miner accepted (hash 610a12e7dcb3e4bb4c11e1adb8a532cac3af058dbc0c7b7377b045e5023bd1c5, amount 50 BTC)
2024-08-31 17:06:05.092 [INF] MINR: Block submitted via CPU miner accepted (hash 1f12b6be658669e58e278e1b9e8958449be85213d45b82f7d2ed8535a1bc4439, amount 50 BTC)
2024-08-31 17:06:05.092 [INF] MINR: Block submitted via CPU miner accepted (hash 34d8bcb9f2346dd9672d6717a015ca5c3092772c28bf6d94f7b5e7e9ec5a0aae, amount 50 BTC)
2024-08-31 17:06:05.092 [INF] MINR: Block submitted via CPU miner accepted (hash 24780cf84dda8cccb19e2a4734443df7e284d7fa7fabdca234b95719863a736c, amount 50 BTC)
2024-08-31 17:06:05.093 [INF] MINR: Block submitted via CPU miner accepted (hash 24eda5b487bd0c75f173d2cc7eeebdeb742b7d1a01a5fedf5b9c61755897cec6, amount 50 BTC)
2024-08-31 17:06:05.093 [INF] MINR: Block submitted via CPU miner accepted (hash 0dd37e75c81bcbed3ae75226cadeae9af2939abcc98ac9bec0ee68f947e7088f, amount 50 BTC)
2024-08-31 17:06:05.093 [INF] MINR: Block submitted via CPU miner accepted (hash 38caf9873569283d76ac7710f7a853f997ccf0a22c25afbde6f65f0e7d41c458, amount 50 BTC)
2024-08-31 17:06:05.095 [INF] MINR: Block submitted via CPU miner accepted (hash 4e95014ccd0ec7fa62937075b40a9548b7eed8c0f2078898fe07008b3039151a, amount 50 BTC)
2024-08-31 17:06:05.095 [INF] MINR: Block submitted via CPU miner accepted (hash 6ab46b512fa9c905a156e96b762e6af5e132d5e878c52e284211c9e20013d93d, amount 50 BTC)
2024-08-31 17:06:05.095 [INF] MINR: Block submitted via CPU miner accepted (hash 7fe996890567bdcd58dac4be53645f36516e212fefa70a3b1ad6721dec5e1c2d, amount 50 BTC)
2024-08-31 17:06:05.098 [INF] MINR: Block submitted via CPU miner accepted (hash 0d7fd58bdb64282f3eee996ad859ffc340ac4435cd92d8d47319efbddba108c2, amount 50 BTC)
2024-08-31 17:06:05.098 [INF] MINR: Block submitted via CPU miner accepted (hash 3d24cc9198144293478eb694e3f7d749262ffc0eb28d0b76bf22e784084a0093, amount 50 BTC)
2024-08-31 17:06:05.099 [INF] MINR: Block submitted via CPU miner accepted (hash 34a30248483e97252869e6831eb1118db92bc17ec67d900b09ac58737a36ab86, amount 50 BTC)
2024-08-31 17:06:05.101 [INF] MINR: Block submitted via CPU miner accepted (hash 45262e47fc4925bd4f6b91a80a45e20e33928bb5b92639128315c2023ccf8a34, amount 50 BTC)
2024-08-31 17:06:05.101 [INF] MINR: Block submitted via CPU miner accepted (hash 65c4f533dc54fd2c72d3aa1420024305be6e28f42e27c88b34e199d2b6b8b9c8, amount 50 BTC)
2024-08-31 17:06:05.104 [INF] MINR: Block submitted via CPU miner accepted (hash 3199d398df9bd9f72b256b95dbf2f2d56f682966cd4883518d5aa36fdbde291c, amount 50 BTC)
2024-08-31 17:06:05.104 [INF] MINR: Block submitted via CPU miner accepted (hash 164072592e888796a5776353e587ca44cbd22b84feeed34a808fb0efb0652d18, amount 50 BTC)
2024-08-31 17:06:05.104 [INF] MINR: Block submitted via CPU miner accepted (hash 49a6ca1078e188097c318d4c6b595924025a384ef8478589ab2e79dcea39d7b2, amount 50 BTC)
2024-08-31 17:06:05.104 [INF] MINR: Block submitted via CPU miner accepted (hash 0999dd20a75de6704708addf5941eb204adb0e1d052768d3e1e84c3811b5fd00, amount 50 BTC)
2024-08-31 17:06:05.105 [INF] MINR: Block submitted via CPU miner accepted (hash 3312bae1a0288a5b8554a2c6805b31e80f066afbda7f3226c65835cd9c3615dc, amount 50 BTC)
2024-08-31 17:06:05.105 [INF] MINR: Block submitted via CPU miner accepted (hash 34f2f780eb596870942e737e818834b91f827b653d5933c8c72aa3815e3c2040, amount 50 BTC)
2024-08-31 17:06:05.105 [INF] MINR: Block submitted via CPU miner accepted (hash 51221e8d3d9af6606c4e9e55e6b1e917c7a4f3c349f497d941f9b174a00cfc08, amount 50 BTC)
2024-08-31 17:06:05.105 [INF] MINR: Block submitted via CPU miner accepted (hash 2bebac9fcf08a7f1f4245f1f70e71f7f2a99a8d9347af3816519f9aa119fc3af, amount 50 BTC)
2024-08-31 17:06:05.105 [INF] MINR: Block submitted via CPU miner accepted (hash 3972286086eea2b947b7806e83b252abfab029f7f67b348105a36a2f26552472, amount 50 BTC)
2024-08-31 17:06:05.105 [INF] MINR: Block submitted via CPU miner accepted (hash 2572e2750efde1da35bce3ee3393cad6613d2280e87f75b03508a0a718f884d0, amount 50 BTC)
2024-08-31 17:06:05.105 [INF] MINR: Block submitted via CPU miner accepted (hash 1a1ff905cbe881fb33b6155b95385cbb16ce9550379c949f230f227e3da89a2c, amount 50 BTC)
2024-08-31 17:06:05.106 [INF] MINR: Block submitted via CPU miner accepted (hash 78fc635610202ed8650c7d29e244a3b439d776034de706e0a8dc1b92161a2ceb, amount 50 BTC)
2024-08-31 17:06:05.106 [INF] MINR: Block submitted via CPU miner accepted (hash 5b1425f925384184172325bc243986867f58ab5abad309675d1044ad4d61bc08, amount 50 BTC)
2024-08-31 17:06:05.106 [INF] MINR: Block submitted via CPU miner accepted (hash 4d8201ad1c805f6a922072df0efb25e42462ee312c07f589ea0f37228169a2ff, amount 50 BTC)
2024-08-31 17:06:05.106 [INF] MINR: Block submitted via CPU miner accepted (hash 5ef7c25a46decda586d8ae2158105ed3d7772ccea70b827708286d09eb864251, amount 50 BTC)
2024-08-31 17:06:05.106 [INF] MINR: Block submitted via CPU miner accepted (hash 509369e7073b79085597ff0c2a31ea8c3d0403944e7cf05731798919bcf136cc, amount 50 BTC)
2024-08-31 17:06:05.106 [INF] MINR: Block submitted via CPU miner accepted (hash 5e2fbe48d74f4bf8b78bda7644cf1a53728c21207e78a03c919f70ed6e82fa4a, amount 50 BTC)
2024-08-31 17:06:05.106 [INF] MINR: Block submitted via CPU miner accepted (hash 1bc0ffc7cc24824624362bd04240e29c768c6ddb6cca006593d5a7841a77d373, amount 50 BTC)
2024-08-31 17:06:05.107 [INF] MINR: Block submitted via CPU miner accepted (hash 1c10a388460696a9bb52d3004463ce969295980ec179743a34e7a0dc598433fe, amount 50 BTC)
2024-08-31 17:06:05.107 [INF] MINR: Block submitted via CPU miner accepted (hash 5d59a9a9fa05cb43b928a61f7ff7dd59a55c96c03494b8869cf0d6619a6b08d5, amount 50 BTC)
2024-08-31 17:06:05.109 [INF] MINR: Block submitted via CPU miner accepted (hash 4e0f66903d65147076d2d0bf228fdf1fe5536ec00e8b11981263af7831669b86, amount 50 BTC)
2024-08-31 17:06:05.109 [INF] MINR: Block submitted via CPU miner accepted (hash 7c21a9b3f92581543c3da5513f1db3ba2a73770d71b41600902a15cd327b9877, amount 50 BTC)
2024-08-31 17:06:05.112 [INF] MINR: Block submitted via CPU miner accepted (hash 01e763cf19e08dda6735b64e0b87d86c13e5656fa2e5a9d2d6895576eadb5051, amount 50 BTC)
2024-08-31 17:06:05.114 [INF] MINR: Block submitted via CPU miner accepted (hash 786feff5c68e738f73368293ccce15ec73ad28612665a8258a74cbe33245a958, amount 50 BTC)
2024-08-31 17:06:05.115 [INF] MINR: Block submitted via CPU miner accepted (hash 59e00d670c13ea908acf972cfc973d9bcf2c8bd6befee2770b2335695ab8ecd0, amount 50 BTC)
2024-08-31 17:06:05.115 [INF] MINR: Block submitted via CPU miner accepted (hash 09368f167ccb0698c5453eeaf0baf4868f4976ca1526b4963d0a173a49a266df, amount 50 BTC)
2024-08-31 17:06:05.115 [INF] MINR: Block submitted via CPU miner accepted (hash 619b12d373636e8bc5475bd435c836351c757ef31073bf11d2ca12af8821983d, amount 50 BTC)
2024-08-31 17:06:05.116 [INF] MINR: Block submitted via CPU miner accepted (hash 549a9b7073b761cfb1e5c779f27a17443a5943cec3d487583a7697b1cf986cd3, amount 50 BTC)
2024-08-31 17:06:05.116 [INF] MINR: Block submitted via CPU miner accepted (hash 0a29364b5a9b0268b3ccc6b99be39b292cd5ad44260ba5d898517369409db8e5, amount 50 BTC)
2024-08-31 17:06:05.116 [INF] MINR: Block submitted via CPU miner accepted (hash 219d5e87d066ef7f9d903aaf72e5cc3d6dfb19cc17955e6d5777d134c570dcc4, amount 50 BTC)
2024-08-31 17:06:05.116 [INF] MINR: Block submitted via CPU miner accepted (hash 09ab2823d7fae93706c06e5b396d8488e1aca8691dc5a0d5f3d7b7055a044a2e, amount 50 BTC)
2024-08-31 17:06:05.116 [INF] MINR: Block submitted via CPU miner accepted (hash 43b8f9ea3cdb60a3863a78a69a159cdbaac0880e0cc025a8fb60712de653572c, amount 50 BTC)
2024-08-31 17:06:05.118 [INF] MINR: Block submitted via CPU miner accepted (hash 061d9ae27238d14a90c6f49b708031d92d0a84476e88457f553f7ca27896fe47, amount 50 BTC)
2024-08-31 17:06:05.118 [INF] MINR: Block submitted via CPU miner accepted (hash 4d617b44ba5e2cfdef93a7de69737e975dd7a67141271ce5a25b00281104acd4, amount 50 BTC)
2024-08-31 17:06:05.120 [INF] MINR: Block submitted via CPU miner accepted (hash 2a4d9e9c1d72a47995fda10f23f4aa9446b520132126271bd1ad631a92a01725, amount 50 BTC)
2024-08-31 17:06:05.120 [INF] MINR: Block submitted via CPU miner accepted (hash 7e1fdee771bb6cca8f5581b3e308bf8aa255819628026178b1d6e19a934c763d, amount 50 BTC)
2024-08-31 17:06:05.122 [INF] MINR: Block submitted via CPU miner accepted (hash 7032db403cacb71fa8203a055f7d10217c64fb3b2c752d84299a7c1e9f0ee62e, amount 50 BTC)
2024-08-31 17:06:05.122 [INF] MINR: Block submitted via CPU miner accepted (hash 121ebf27f79c0a8e3fdcdcdef1d47904f7933fbec3665a63754d2d3145d96a26, amount 50 BTC)
2024-08-31 17:06:05.124 [INF] MINR: Block submitted via CPU miner accepted (hash 751b17fde3bbb119580e04d311f3655809f686ee576c13be598e775bf7c47ca0, amount 50 BTC)
2024-08-31 17:06:05.124 [INF] MINR: Block submitted via CPU miner accepted (hash 113db6f6408394becd6a82e286de6fe2efb0e3bc65f760d2973c4996544887d8, amount 50 BTC)
2024-08-31 17:06:05.124 [INF] MINR: Block submitted via CPU miner accepted (hash 3e89432f901328bf26449665550c0bd01879ec9333cdec40257d5b4ec4d8088d, amount 50 BTC)
2024-08-31 17:06:05.124 [INF] MINR: Block submitted via CPU miner accepted (hash 6a1fb36582cb60813ec06de8778b4fa005806e93b90ee565ce6997dc44ba8011, amount 50 BTC)
2024-08-31 17:06:05.124 [INF] MINR: Block submitted via CPU miner accepted (hash 7d068a77b93cc68bfedfab5d2c7ec5328f7c041daeccdaa4b1bb5282ec690719, amount 50 BTC)
2024-08-31 17:06:05.125 [INF] MINR: Block submitted via CPU miner accepted (hash 2521b30ddcdb3dc520d584000bf54f50ab17a92ec6926b744103b2c5dfa79bbd, amount 50 BTC)
2024-08-31 17:06:05.125 [INF] MINR: Block submitted via CPU miner accepted (hash 62286e8e98ab4ee5505feeb7304f718ce79b374b7e21fa5cb595a96adbf79d12, amount 50 BTC)
2024-08-31 17:06:05.125 [INF] MINR: Block submitted via CPU miner accepted (hash 37e379683b59dfbd22af5c8c4c88ec19375abc665eb3cf7eba2b6b97ecb621f9, amount 50 BTC)
2024-08-31 17:06:14.258 [ERR] RPCS: Websocket receive error from 127.0.0.1:63614: websocket: close 1006 unexpected EOF
2024-08-31 17:06:14.258 [ERR] RPCS: Websocket receive error from 127.0.0.1:63615: websocket: close 1006 unexpected EOF
2024-08-31 17:06:14.258 [INF] RPCS: Disconnected websocket client 127.0.0.1:63614
2024-08-31 17:06:14.258 [INF] RPCS: Disconnected websocket client 127.0.0.1:63615
2024-08-31 17:07:13.357 [INF] RPCS: New websocket client 127.0.0.1:63618
2024-08-31 17:07:13.358 [INF] RPCS: New websocket client 127.0.0.1:63619
2024-08-31 17:07:22.548 [INF] MINR: Block submitted via CPU miner accepted (hash 7885a210638b0c8eeaca88d9c981eda0f41955faaa84c47c9c5691a0fe67b45e, amount 50.00000224 BTC)
2024-08-31 17:07:31.716 [ERR] RPCS: Websocket receive error from 127.0.0.1:63618: websocket: close 1006 unexpected EOF
2024-08-31 17:07:31.716 [ERR] RPCS: Websocket receive error from 127.0.0.1:63619: websocket: close 1006 unexpected EOF
2024-08-31 17:07:31.716 [INF] RPCS: Disconnected websocket client 127.0.0.1:63618
2024-08-31 17:07:31.716 [INF] RPCS: Disconnected websocket client 127.0.0.1:63619
2024-08-31 17:08:28.251 [INF] RPCS: New websocket client 127.0.0.1:63645
2024-08-31 17:08:28.252 [INF] RPCS: New websocket client 127.0.0.1:63646
2024-08-31 17:08:32.456 [INF] MINR: Block submitted via CPU miner accepted (hash 647204b33425027c314f94e71034227cdd58e36224300d454a214b66edaeacc0, amount 50.00000227 BTC)
2024-08-31 17:08:36.591 [ERR] RPCS: Websocket receive error from 127.0.0.1:63646: websocket: close 1006 unexpected EOF
2024-08-31 17:08:36.591 [ERR] RPCS: Websocket receive error from 127.0.0.1:63645: websocket: close 1006 unexpected EOF
2024-08-31 17:08:36.591 [INF] RPCS: Disconnected websocket client 127.0.0.1:63646
2024-08-31 17:08:36.591 [INF] RPCS: Disconnected websocket client 127.0.0.1:63645
2024-08-31 17:10:52.889 [INF] RPCS: New websocket client 127.0.0.1:63674
2024-08-31 17:10:52.889 [INF] RPCS: New websocket client 127.0.0.1:63675
2024-08-31 17:10:57.043 [INF] MINR: Block submitted via CPU miner accepted (hash 2dc46b28d1ad4ef51c4f4796b14719c48a98768df81b727373182cc1db68b088, amount 50.00000224 BTC)
2024-08-31 17:10:57.043 [INF] MINR: Block submitted via CPU miner accepted (hash 211e0d55a9e3458cb0a014286629ff9ca7fe6de268247e1c2df4431f69862726, amount 50 BTC)
2024-08-31 17:10:57.046 [INF] MINR: Block submitted via CPU miner accepted (hash 275f56616e2a220d3543876be1d538641ebd6d2fc7ae4cc67880c8764570f484, amount 50 BTC)
2024-08-31 17:10:57.047 [INF] MINR: Block submitted via CPU miner accepted (hash 4408accde280a51c1033ad0eae6580394f63151fe8b9ee6cb5267af119b60688, amount 50 BTC)
2024-08-31 17:10:57.047 [INF] MINR: Block submitted via CPU miner accepted (hash 42a43d7598584540ebfe097cbf4beb05cbcf525c98cf3eff163c74899548be2e, amount 50 BTC)
2024-08-31 17:10:57.048 [INF] MINR: Block submitted via CPU miner accepted (hash 6a63dbe86d96e107a1dd8bde53d59379836a8d32076e5f917325d330b01f2083, amount 50 BTC)
2024-08-31 17:10:57.048 [INF] MINR: Block submitted via CPU miner accepted (hash 0559a24c6d48f584c31c177518f587b268e5811e76c8e7469fbc386ebe2d2909, amount 50 BTC)
2024-08-31 17:10:57.048 [INF] MINR: Block submitted via CPU miner accepted (hash 79e6518f24801cbd73bb350a50863838d4a1b93b1c53e76844c559108a6bdc97, amount 50 BTC)
2024-08-31 17:10:57.048 [INF] MINR: Block submitted via CPU miner accepted (hash 11945180ee4fa9cfb52c20027e824373a1a16445fac2ddd7560e34d34232aeae, amount 50 BTC)
2024-08-31 17:10:57.048 [INF] MINR: Block submitted via CPU miner accepted (hash 73dba1dedf7d80dcf8257096233ebd3b747d23cc766273bb8929265aa6ec1608, amount 50 BTC)
2024-08-31 17:10:57.048 [INF] MINR: Block submitted via CPU miner accepted (hash 04afef3bd7870931704b825b07e6a1692b32a81b5e06527bcb96bd3078bfd2aa, amount 50 BTC)
2024-08-31 17:10:57.049 [INF] MINR: Block submitted via CPU miner accepted (hash 3351e272fc372fb990a6736a6f044b5cb39655b8842494f0b8ea48a07626623b, amount 50 BTC)
2024-08-31 17:10:57.049 [INF] MINR: Block submitted via CPU miner accepted (hash 2819522fb1ea60c17920f29a228fd3a0dd2d01a5cc50b4d29c8af03e0e3556f9, amount 50 BTC)
2024-08-31 17:10:57.050 [INF] MINR: Block submitted via CPU miner accepted (hash 731b5636d3bc5e346c7c01b7f4b799ebb39a99713c1409c0bfb580cc6cf9e48e, amount 50 BTC)
2024-08-31 17:10:57.050 [INF] MINR: Block submitted via CPU miner accepted (hash 69ae9166dae0e6022feb4d39fb88ae854fd458be4f27972129eb4e50895bcdfe, amount 50 BTC)
2024-08-31 17:10:57.051 [INF] MINR: Block submitted via CPU miner accepted (hash 7e0b65581edfa3d7e5c008d7ddac8e101ecea9a56439e61c6e70869a66deb9de, amount 50 BTC)
2024-08-31 17:10:57.051 [INF] MINR: Block submitted via CPU miner accepted (hash 6a797c8b878c613c191912addfcab365145627d1bcdb7595daff9d40a39e0ca4, amount 50 BTC)
2024-08-31 17:10:57.051 [INF] MINR: Block submitted via CPU miner accepted (hash 65c2819802b092eb4de557f81c053b08e280857a473391af4c60619dc0eea614, amount 50 BTC)
2024-08-31 17:10:57.051 [INF] MINR: Block submitted via CPU miner accepted (hash 4189b3702771f4515e5b8ab595bacd4856fd50c65ea6013477f45651ec74ad2b, amount 50 BTC)
2024-08-31 17:10:57.051 [INF] MINR: Block submitted via CPU miner accepted (hash 3bced83cf83e9748b895125b50a848e7e63f91dd79efa439c782e37515b4a8f5, amount 50 BTC)
2024-08-31 17:10:57.051 [INF] MINR: Block submitted via CPU miner accepted (hash 4e4c832a4afba70ce01ca05fcf66e3d6082389cd027d96f572e7beef21710c08, amount 50 BTC)
2024-08-31 17:10:57.054 [INF] MINR: Block submitted via CPU miner accepted (hash 7287b27c11ad3d143504127feb36efe0e0e6df1ef260890cc5ae78cd00c84600, amount 50 BTC)
2024-08-31 17:10:57.054 [INF] MINR: Block submitted via CPU miner accepted (hash 5afcd1ae6c2cc1a6a31b7fdfeb52deff96589aa5e6e425262cdcfe8a6569c536, amount 50 BTC)
2024-08-31 17:10:57.055 [INF] MINR: Block submitted via CPU miner accepted (hash 7027157c9cfd90c160db2edf8c9d7d886d1061b137c085a463e29fc032b032ea, amount 50 BTC)
2024-08-31 17:10:57.056 [INF] MINR: Block submitted via CPU miner accepted (hash 45b9d2cde4b31688647dc027171b3117c8b5ba4ac6fcb6b54f0d19e666c429c6, amount 50 BTC)
2024-08-31 17:10:57.057 [INF] MINR: Block submitted via CPU miner accepted (hash 4875f0ce0c1cf943c50d2c4fdd7aa18b072ca399738c8eb8c58494933e0cbcdd, amount 50 BTC)
2024-08-31 17:10:57.057 [INF] MINR: Block submitted via CPU miner accepted (hash 5d476f37d623228a0df67807ebfe1e268c66fc914927d3dc2b90a6eac4c0be7d, amount 50 BTC)
2024-08-31 17:10:57.058 [INF] MINR: Block submitted via CPU miner accepted (hash 05c7de56a72886230ba9a036a29018bcce117030a9291952ac200e9d8b187337, amount 50 BTC)
2024-08-31 17:10:57.060 [INF] MINR: Block submitted via CPU miner accepted (hash 3c29189c8dbe34b0329675f3637b0b9bda4a70b06727edbdee76c6e39b68c596, amount 50 BTC)
2024-08-31 17:10:57.060 [INF] MINR: Block submitted via CPU miner accepted (hash 1df81ad69908e180632eb6f9230c61a64ac4c76ba0b0058e565e97fd124af48c, amount 50 BTC)
2024-08-31 17:10:57.061 [INF] MINR: Block submitted via CPU miner accepted (hash 4bb52ce01d885f022694e401d776f5023805372e693fff08bb4aa1812823e848, amount 50 BTC)
2024-08-31 17:10:57.061 [INF] MINR: Block submitted via CPU miner accepted (hash 6b8e30adf134e73e5ca23ea7664eeba37e7e0e0f28fd3bb4deba3c65f5091a62, amount 50 BTC)
2024-08-31 17:10:57.061 [INF] MINR: Block submitted via CPU miner accepted (hash 1a0c56f501c6639bd2cc928c8bfd2f48315aa13ccb972fce60970d3d63a77539, amount 50 BTC)
2024-08-31 17:10:57.062 [INF] MINR: Block submitted via CPU miner accepted (hash 754b5ec75a2b0a986cdc214b5e79ca2c0f18ec86e9b401de478dac1db97fff86, amount 50 BTC)
2024-08-31 17:10:57.062 [INF] MINR: Block submitted via CPU miner accepted (hash 23d6f97f172f4e5c9ab115a083bd2ff15780b0ee074c967469ed9631200df0fb, amount 50 BTC)
2024-08-31 17:10:57.062 [INF] MINR: Block submitted via CPU miner accepted (hash 4a4edfffe4d710de7d92a54fd3208a6a09538dc62447939ff7edf60b6b3bce66, amount 50 BTC)
2024-08-31 17:10:57.062 [INF] MINR: Block submitted via CPU miner accepted (hash 422e0b9b10f0754bf6f1206cedd325e817e38ca3ecb9d25443a73910ff0f7a91, amount 50 BTC)
2024-08-31 17:10:57.062 [INF] MINR: Block submitted via CPU miner accepted (hash 293d7346250ec4b96677ad70a75e06871b8854af9843e26678d88cd3e2deba56, amount 50 BTC)
2024-08-31 17:10:57.062 [INF] MINR: Block submitted via CPU miner accepted (hash 34518440c000981187335f727efe6bf7b7de950c2b5a6502e53c9c3b11d393fc, amount 50 BTC)
2024-08-31 17:10:57.063 [INF] MINR: Block submitted via CPU miner accepted (hash 27517220d2697ed9cb36b1d030df39c76eb9f96de1d9f90b3b010a2a19bf0e3b, amount 50 BTC)
2024-08-31 17:10:57.063 [INF] MINR: Block submitted via CPU miner accepted (hash 6cbb1253345ab991ab0059a1a7ea434ea8da676fc9859c09f973b02e98af9e9b, amount 50 BTC)
2024-08-31 17:10:57.064 [INF] MINR: Block submitted via CPU miner accepted (hash 2c80131ac986c5116b4621cde4bd5d4de2b90b335f4fa7e6971b4f40a06bba3b, amount 50 BTC)
2024-08-31 17:10:57.064 [INF] MINR: Block submitted via CPU miner accepted (hash 7904b0b74c93058da20d2852fc43d67a12104c6995ead242d2d5154750c52165, amount 50 BTC)
2024-08-31 17:10:57.065 [INF] MINR: Block submitted via CPU miner accepted (hash 58c3a5c5c3f4a1a3985749699b1d228715788ca9fdeb3b055fd1f9b90847e55f, amount 50 BTC)
2024-08-31 17:10:57.065 [INF] MINR: Block submitted via CPU miner accepted (hash 24ea4a5a7677b53be8758fcec06e58667987ec29f17b8c8de89dc4506448a91a, amount 50 BTC)
2024-08-31 17:10:57.066 [INF] MINR: Block submitted via CPU miner accepted (hash 1bf1edfb932c312f9d068b8550f0b7b8a6ba0f3f2bbcfd7eee9340984a66fa94, amount 50 BTC)
2024-08-31 17:10:57.066 [INF] MINR: Block submitted via CPU miner accepted (hash 12908d7985d3c894cefec806789a7e55dcfb86477bc14a3cee46aa11b2f93e1c, amount 50 BTC)
2024-08-31 17:10:57.067 [INF] MINR: Block submitted via CPU miner accepted (hash 0872b4a06ca5e0bd005d6caa54be774d58654cf546fac06ad7214d3f5050e395, amount 50 BTC)
2024-08-31 17:10:57.067 [INF] MINR: Block submitted via CPU miner accepted (hash 75e192862a28f1a03d1fe6c799496fbb10072d7abc88dd666169066e220f495d, amount 50 BTC)
2024-08-31 17:10:57.067 [INF] MINR: Block submitted via CPU miner accepted (hash 1d8ab74813f4675b13ab90f460e104cdcc7aeca931657c83c203ab042af88d71, amount 50 BTC)
2024-08-31 17:10:57.067 [INF] MINR: Block submitted via CPU miner accepted (hash 1219d69689d6c6ddb1cb283d8dba7275b0222a0f5d622d95ec17c60c665aeda3, amount 50 BTC)
2024-08-31 17:10:57.067 [INF] MINR: Block submitted via CPU miner accepted (hash 3a50c9a6df8d7dc93b26a932dd180ff6192f569da6112b20406d95a4b920aae5, amount 50 BTC)
2024-08-31 17:10:57.068 [INF] MINR: Block submitted via CPU miner accepted (hash 6b1803129e4ec5324f436b0321ad650df8f22ffb38f72d170a9098b3027ed2c8, amount 50 BTC)
2024-08-31 17:10:57.068 [INF] MINR: Block submitted via CPU miner accepted (hash 1bf0db61d0d9a17568b1caf280ea5e203df3654884ac2fd120eb0035e8330db5, amount 50 BTC)
2024-08-31 17:10:57.070 [INF] MINR: Block submitted via CPU miner accepted (hash 16e0cc6b49cc285c80cd286db25815bdb248d1a40ef378b19ef2a227f7c9f9f3, amount 50 BTC)
2024-08-31 17:10:57.070 [INF] MINR: Block submitted via CPU miner accepted (hash 11d00cb37cf5a978f096e6518a96bfc02544b23082a9667fea457905095d750e, amount 50 BTC)
2024-08-31 17:10:57.070 [INF] MINR: Block submitted via CPU miner accepted (hash 0da1b8d9ff9b45f5db94b3dc0b2c036efbd37464534d274a3f41afc5dede7acc, amount 50 BTC)
2024-08-31 17:10:57.071 [INF] MINR: Block submitted via CPU miner accepted (hash 01955aad09f173b4bf42cd3beeaae7e6ccc188ad686747d03bd34501179396e2, amount 50 BTC)
2024-08-31 17:10:57.071 [INF] MINR: Block submitted via CPU miner accepted (hash 7ecd97006707329d499722e6af49a79a2a3b8f54aed3cd7209eb7e8015de27e9, amount 50 BTC)
2024-08-31 17:10:57.072 [INF] MINR: Block submitted via CPU miner accepted (hash 27d96140d9085daea33ed5df566420de720d98f4cd02a049251018796e054e25, amount 50 BTC)
2024-08-31 17:10:57.073 [INF] MINR: Block submitted via CPU miner accepted (hash 582d947a5f60f9cac65f5af618122a87b2d1179876062f8a6857d65100c449b7, amount 50 BTC)
2024-08-31 17:10:57.073 [INF] MINR: Block submitted via CPU miner accepted (hash 5f956a1b20e41abac475526e96f0dd11653c11e6ad6ed0bcf9d3522f08b7b928, amount 50 BTC)
2024-08-31 17:10:57.073 [INF] MINR: Block submitted via CPU miner accepted (hash 2289571c133188bb646fffbf77038d3729e39e35b24ea59781b854f0667f923d, amount 50 BTC)
2024-08-31 17:10:57.074 [INF] MINR: Block submitted via CPU miner accepted (hash 064ca0b9d5e1facc411976ad84514d15aca0ec7b67a3518b077065db15fb9fe2, amount 50 BTC)
2024-08-31 17:10:57.074 [INF] MINR: Block submitted via CPU miner accepted (hash 221d48b8303a8ca6030ec20f5ed9aeb2bf019b79bb5cfe8356aed9d238232195, amount 50 BTC)
2024-08-31 17:10:57.074 [INF] MINR: Block submitted via CPU miner accepted (hash 78dc36fa81fc209297e1f757288f585a3266be48867736113b49af66053a35a9, amount 50 BTC)
2024-08-31 17:10:57.074 [INF] MINR: Block submitted via CPU miner accepted (hash 23db73a3669f4275361cb716be34773e50167a9d9a698ec1def594785d3f278f, amount 50 BTC)
2024-08-31 17:10:57.074 [INF] MINR: Block submitted via CPU miner accepted (hash 04fd4a4ed176025e7633ed84715038525df065120f46f36590ca0bb6da4e8755, amount 50 BTC)
2024-08-31 17:10:57.080 [INF] MINR: Block submitted via CPU miner accepted (hash 2366b5f5065eeadfee8fb9e080efd82a1e4461e4c03c8d0437d631cee765cf25, amount 50 BTC)
2024-08-31 17:10:57.080 [INF] MINR: Block submitted via CPU miner accepted (hash 45bf49602d1f564b20f09ee76040e42f8326666d5957015ccfae3a3079843da5, amount 50 BTC)
2024-08-31 17:10:57.083 [INF] MINR: Block submitted via CPU miner accepted (hash 721df697402be7b525c6b23bc2382c7eab5d8f60f178372df6e96e9528bb8330, amount 50 BTC)
2024-08-31 17:10:57.083 [INF] MINR: Block submitted via CPU miner accepted (hash 7ce4d96f9b84e71528d347e093ea78c9a38f9e0a5b037fcc5a6a5f1a6f320a1a, amount 50 BTC)
2024-08-31 17:10:57.086 [INF] MINR: Block submitted via CPU miner accepted (hash 2fff91c89890e491da47fb2a1996bb8050b66c6c7f6fb03d4d972e9da6540c0c, amount 50 BTC)
2024-08-31 17:10:57.086 [INF] MINR: Block submitted via CPU miner accepted (hash 1a2c8fefb36b8ae643fd6608ec0005e987f68a073ca6ebadf2f7798f12807ede, amount 50 BTC)
2024-08-31 17:10:57.086 [INF] MINR: Block submitted via CPU miner accepted (hash 3c0f1cc6d8b9ce5bacc05eacb271ebfa9a6af38e58b2d5a07c90d8a763b273da, amount 50 BTC)
2024-08-31 17:10:57.086 [INF] MINR: Block submitted via CPU miner accepted (hash 3a817f2fb53b951c42deed052d1dfc825ac5424a5461f7684aff33ec543c0a45, amount 50 BTC)
2024-08-31 17:10:57.086 [INF] MINR: Block submitted via CPU miner accepted (hash 31b1d9c398f170a82de6ea802ab9c6cbc5faecb793df188ab6df7ceee8c39d8e, amount 50 BTC)
2024-08-31 17:10:57.086 [INF] MINR: Block submitted via CPU miner accepted (hash 454c47fb1ce741e5ecb412b277d56378ef9e3fe103b3ebaed34b7cfb7665c77b, amount 50 BTC)
2024-08-31 17:10:57.087 [INF] MINR: Block submitted via CPU miner accepted (hash 76c65cf479aaae9bed7d85bd394ef9b97541166c7fd54ddb716f04ca41af31c6, amount 50 BTC)
2024-08-31 17:10:57.087 [INF] MINR: Block submitted via CPU miner accepted (hash 3d49d64333600de0410bf5a2a560d721984b31b854e4584c63938e16b7daed0c, amount 50 BTC)
2024-08-31 17:10:57.090 [INF] MINR: Block submitted via CPU miner accepted (hash 017d80d56450df6d4603960a86d41773532a46d9a949d1d8a1d5f6307ecb193f, amount 50 BTC)
2024-08-31 17:10:57.090 [INF] MINR: Block submitted via CPU miner accepted (hash 45cecd2d94994db23fc2261dcf15a7fb5795f98c68b461a2661116f385e14fee, amount 50 BTC)
2024-08-31 17:10:57.096 [INF] MINR: Block submitted via CPU miner accepted (hash 0fdc4d7f0640a1d4646aaf4107395cac0848355681f5fe075da439eb4c183564, amount 50 BTC)
2024-08-31 17:10:57.099 [INF] MINR: Block submitted via CPU miner accepted (hash 7f45803579bdb21d658aa0ef31ad9925f4c26890c147c72fa6aed01b41188ad2, amount 50 BTC)
2024-08-31 17:10:57.099 [INF] MINR: Block submitted via CPU miner accepted (hash 2348ad8e3731d617bf74de4cc17fabc51967c6ad84b08aacb88ee40a9e30db33, amount 50 BTC)
2024-08-31 17:10:57.101 [INF] MINR: Block submitted via CPU miner accepted (hash 7ee02c118d231a06304414db0dbe2c06bb1776ff4d768de5004561a632d55a13, amount 50 BTC)
2024-08-31 17:10:57.101 [INF] MINR: Block submitted via CPU miner accepted (hash 0979e4d587fef8d2498b27173b678a4044c60d60872b577013c233ef3a0025c5, amount 50 BTC)
2024-08-31 17:10:57.102 [INF] MINR: Block submitted via CPU miner accepted (hash 76c79bdeb98d7303a1c64b658df58356c690cf2b8ddfa840df23f2aec9199321, amount 50 BTC)
2024-08-31 17:10:57.102 [INF] MINR: Block submitted via CPU miner accepted (hash 0c27287d8d969477812edc9663a89d6d6522c9ad9dc0e65a652503240f0416c5, amount 50 BTC)
2024-08-31 17:10:57.102 [INF] MINR: Block submitted via CPU miner accepted (hash 7b22e1263d02d50b94c0faa91bd81e1447f32092486b8e6094a6e223f48c551b, amount 50 BTC)
2024-08-31 17:10:57.105 [INF] MINR: Block submitted via CPU miner accepted (hash 26bc2e09a741e653308dd90c9b686e19088cbcc34f1a038042df24ca0d499383, amount 50 BTC)
2024-08-31 17:10:57.105 [INF] MINR: Block submitted via CPU miner accepted (hash 4affbc500f7aab7dcfe83a32e4b0cd6d9c310f3064b26a531a05a6f714ab5594, amount 50 BTC)
2024-08-31 17:10:57.105 [INF] MINR: Block submitted via CPU miner accepted (hash 344bcd26a603cee73746f66c710b448ef6bfd11f320e20c1d42863886902d76e, amount 50 BTC)
2024-08-31 17:10:57.110 [INF] MINR: Block submitted via CPU miner accepted (hash 2ceddbb59ee3aea9d51209ed526bab3d70130c90cc828e533cc110fc399886fe, amount 50 BTC)
2024-08-31 17:10:57.113 [INF] MINR: Block submitted via CPU miner accepted (hash 70c7863f1d686a5ddad581cd392d65fb34f25a7cf0e293bbce64b62bdfba607e, amount 50 BTC)
2024-08-31 17:10:57.113 [INF] MINR: Block submitted via CPU miner accepted (hash 5911da42cf3b6c7f8bd6e0ef31e699c84cb6b73a00a408c1e791ae9b4f3545e9, amount 50 BTC)
2024-08-31 17:10:57.113 [INF] MINR: Block submitted via CPU miner accepted (hash 136c26409746c13547d89afaac13743e71d798b051cd9de7fad6184d144ff2e2, amount 50 BTC)
2024-08-31 17:10:57.113 [INF] MINR: Block submitted via CPU miner accepted (hash 68611062e79382823b5c8dff7dee537091a209770eff85c1605f9b40c4941d85, amount 50 BTC)
2024-08-31 17:10:57.113 [INF] MINR: Block submitted via CPU miner accepted (hash 6ffb35ec5b7b57838dca509e8d5d92dffc724af8295e548779594daa681ffb6b, amount 50 BTC)
2024-08-31 17:10:57.114 [INF] MINR: Block submitted via CPU miner accepted (hash 0e0a17afe40da8b8ec8f5a72991d5a778225bda1cda3a173d073d75fed99da35, amount 50 BTC)
2024-08-31 17:10:57.114 [INF] MINR: Block submitted via CPU miner accepted (hash 627a8299628ee34d29d4b8ef5a6efe5108f6847224945da41b6b3bfcc490e85b, amount 50 BTC)
2024-08-31 17:11:06.309 [ERR] RPCS: Websocket receive error from 127.0.0.1:63675: websocket: close 1006 unexpected EOF
2024-08-31 17:11:06.309 [INF] RPCS: Disconnected websocket client 127.0.0.1:63675
2024-08-31 17:11:06.309 [ERR] RPCS: Websocket receive error from 127.0.0.1:63674: websocket: close 1006 unexpected EOF
2024-08-31 17:11:06.309 [INF] RPCS: Disconnected websocket client 127.0.0.1:63674
2024-08-31 17:13:09.293 [INF] BTCD: Version 0.24.2-beta
2024-08-31 17:13:09.293 [INF] BTCD: Loading block database from 'simnet/btcd/simnet/blocks_ffldb'
2024-08-31 17:13:09.329 [INF] BCDB: Detected unclean shutdown - Repairing...
2024-08-31 17:13:09.332 [INF] BCDB: Database sync complete
2024-08-31 17:13:09.332 [INF] BTCD: Block database loaded
2024-08-31 17:13:09.334 [INF] INDX: Transaction index is enabled
2024-08-31 17:13:09.335 [INF] INDX: Committed filter index is enabled
2024-08-31 17:13:09.335 [INF] CHAN: Pre-alloacting for 251 MiB
2024-08-31 17:13:09.335 [INF] CHAN: Loading block index...
2024-08-31 17:13:09.337 [INF] CHAN: Reconstructing UTXO state after an unclean shutdown. The UTXO state is consistent at block 62f5b8169df2cefa241e5878fda6f8c38adeb941f68c214920d3f586ec885584 (855) but the chainstate is at block 37e379683b59dfbd22af5c8c4c88ec19375abc665eb3cf7eba2b6b97ecb621f9 (1099),  This may take a long time...
2024-08-31 17:13:09.339 [INF] CHAN: Chain state (height 1099, hash 37e379683b59dfbd22af5c8c4c88ec19375abc665eb3cf7eba2b6b97ecb621f9, totaltx 1163, work 2200)
2024-08-31 17:13:09.339 [INF] RPCS: RPC server listening on [::1]:18556
2024-08-31 17:13:09.339 [INF] RPCS: RPC server listening on 127.0.0.1:18556
2024-08-31 17:13:09.340 [INF] AMGR: Loaded 0 addresses from file 'simnet/btcd/simnet/peers.json'
2024-08-31 17:13:09.340 [INF] CMGR: Server listening on [::]:18555
2024-08-31 17:13:09.340 [INF] CMGR: Server listening on 0.0.0.0:18555
2024-08-31 17:13:15.321 [INF] RPCS: New websocket client 127.0.0.1:63684
2024-08-31 17:13:18.320 [INF] RPCS: New websocket client 127.0.0.1:63685
2024-08-31 17:13:18.321 [INF] RPCS: New websocket client 127.0.0.1:63686
2024-08-31 17:13:23.176 [INF] MINR: Block submitted via CPU miner accepted (hash 63ed6e196066aa584670e69ec38b5502c7c7541f6127428882ecfcc0b7ddcca4, amount 50.00000224 BTC)
2024-08-31 17:13:23.177 [INF] MINR: Block submitted via CPU miner accepted (hash 3c4c7b6096d563ab323b2e9ab2be2109bce758e0cac10eafcf6e73901ca1b4e0, amount 50 BTC)
2024-08-31 17:13:23.177 [INF] MINR: Block submitted via CPU miner accepted (hash 7010fc9de270e75fd3b09d8dd6917810f27ee814f6a2a150ac9bd29bed2a2b67, amount 50 BTC)
2024-08-31 17:13:23.178 [INF] MINR: Block submitted via CPU miner accepted (hash 342ebd0b47dd2cd03b712890b23b7de65397209fc123922bb7188b5ce1239cc5, amount 50 BTC)
2024-08-31 17:13:23.178 [INF] MINR: Block submitted via CPU miner accepted (hash 528d404005acd43cf426b9439b8c641bb5ff051504dbfd02679fc3c3e7020b3a, amount 50 BTC)
2024-08-31 17:13:23.178 [INF] MINR: Block submitted via CPU miner accepted (hash 5d595a1a70ee12bc7d9e72191a1942e9f39148fd3be0ab16ad4ef459407b2743, amount 50 BTC)
2024-08-31 17:13:23.179 [INF] MINR: Block submitted via CPU miner accepted (hash 426d6a82e2131df2156663ad21bed6f53c6164bd7573394474eeb309fa768cb0, amount 50 BTC)
2024-08-31 17:13:23.179 [INF] MINR: Block submitted via CPU miner accepted (hash 1ffb2ba86474380e93bff75350b4a9190dc29a1d76ff7f8838d399502452fbe0, amount 50 BTC)
2024-08-31 17:13:23.179 [INF] MINR: Block submitted via CPU miner accepted (hash 67ddbe2099f38c7e3fc644efa66a166f29466d5b8a5735993ac054a0bfb844a9, amount 50 BTC)
2024-08-31 17:13:23.180 [INF] MINR: Block submitted via CPU miner accepted (hash 44acaf06d7b26c35cc2bafc776ec89fdf555352000a9a6d4a32d674784cbd238, amount 50 BTC)
2024-08-31 17:13:23.180 [INF] MINR: Block submitted via CPU miner accepted (hash 0d466ee678a04d7fda34600f1d23d6fdb3b6b91e0931e7ae723bf8aa6f8e2023, amount 50 BTC)
2024-08-31 17:13:23.181 [INF] MINR: Block submitted via CPU miner accepted (hash 3e319d11a25c814938d879d7f5c946f4f9fed14910dd5ba8cd0aa60a50b50138, amount 50 BTC)
2024-08-31 17:13:23.181 [INF] MINR: Block submitted via CPU miner accepted (hash 64f25f65bc6ea150697be633feeba8b3c06d025f531f4025a7a411def1902efc, amount 50 BTC)
2024-08-31 17:13:23.181 [INF] MINR: Block submitted via CPU miner accepted (hash 207604e634b2a40e43719029b88fa0e011957a2bfece839de34dd1df9e4bfcda, amount 50 BTC)
2024-08-31 17:13:23.181 [INF] MINR: Block submitted via CPU miner accepted (hash 736dd9d486d4b741c1f76fd7800ad6403ecf1bc95fa230815d8485678314a625, amount 50 BTC)
2024-08-31 17:13:23.182 [INF] MINR: Block submitted via CPU miner accepted (hash 5e10df936bc256fab7f6eee905b122a5db77a8fee83cf6c72b172c51a318dcd6, amount 50 BTC)
2024-08-31 17:13:23.182 [INF] MINR: Block submitted via CPU miner accepted (hash 452eb972f236a06718af6aafe639bd010fe643451e542b9143e47a0ce14139f0, amount 50 BTC)
2024-08-31 17:13:23.182 [INF] MINR: Block submitted via CPU miner accepted (hash 2540d6eb766fb476184b9d5b2a98257569a1cad718b40740a136c063c27b1630, amount 50 BTC)
2024-08-31 17:13:23.182 [INF] MINR: Block submitted via CPU miner accepted (hash 2e74bf35ab75a6503ae5b7d1799dae0ba3591399c7e963d889d90c7a5a51a02a, amount 50 BTC)
2024-08-31 17:13:23.182 [INF] MINR: Block submitted via CPU miner accepted (hash 6aeaa06b944ab21c9973e195541f5ec2fe8ca196b05e3fe4ae09d85d7445fe50, amount 50 BTC)
2024-08-31 17:13:23.182 [INF] MINR: Block submitted via CPU miner accepted (hash 01686436eaa05249f105ce0aad1c8a322c3f3e6f4b358376ef27236fdffe19ae, amount 50 BTC)
2024-08-31 17:13:23.182 [INF] MINR: Block submitted via CPU miner accepted (hash 65c5ef0149a2723842cb6d6efcf09a91bfaba1e28679673275c67e0a3dd5daf1, amount 50 BTC)
2024-08-31 17:13:23.183 [INF] MINR: Block submitted via CPU miner accepted (hash 630fa1433875fb089027bae5678aa7969e31553f8bdefa4c0f2ce780a16329a7, amount 50 BTC)
2024-08-31 17:13:23.183 [INF] MINR: Block submitted via CPU miner accepted (hash 19f022772e602f34ed455f29fd6045c70561622576b4bc9e413846dc5b4c9f6d, amount 50 BTC)
2024-08-31 17:13:23.183 [INF] MINR: Block submitted via CPU miner accepted (hash 6161853108c76637b79e1622efd8f082fb2827adab5ac3beaf8e0bc7d9f2a45b, amount 50 BTC)
2024-08-31 17:13:23.183 [INF] MINR: Block submitted via CPU miner accepted (hash 4dcb2442543e4e59f8fcd650eec95538b809c36d411085ee9fd64799319cceb5, amount 50 BTC)
2024-08-31 17:13:23.183 [INF] MINR: Block submitted via CPU miner accepted (hash 224bb5d5c38cb21467b4e6dd87b58377e4a8822734362b99ca1017c64bf21752, amount 50 BTC)
2024-08-31 17:13:23.183 [INF] MINR: Block submitted via CPU miner accepted (hash 3ff1857b7de34cfee0149ef71dec3166099478247c3bf9a3595069d9092ef885, amount 50 BTC)
2024-08-31 17:13:23.183 [INF] MINR: Block submitted via CPU miner accepted (hash 7a84e4fed4dc5ecb6a01aa4344dd9028404bdbe2d6c9237adb7b64b981f3f139, amount 50 BTC)
2024-08-31 17:13:23.183 [INF] MINR: Block submitted via CPU miner accepted (hash 4135c051d673482ec62586ee31371ddfa67c0b3f357260f638db66305bccb360, amount 50 BTC)
2024-08-31 17:13:23.184 [INF] MINR: Block submitted via CPU miner accepted (hash 6933f04f39b4bf37be8818bc54d9b5f472d0164876db6d3a0f2070a304dd2af3, amount 50 BTC)
2024-08-31 17:13:23.184 [INF] MINR: Block submitted via CPU miner accepted (hash 6c623c00a4135838ebc1c3838d50df4460923819d19ffa1caaeffe0eb51ff661, amount 50 BTC)
2024-08-31 17:13:23.184 [INF] MINR: Block submitted via CPU miner accepted (hash 1c4bea45cb07ddeea8551a2a7ffd26a2fe452d81a42afdb9f3cabbb48a908274, amount 50 BTC)
2024-08-31 17:13:23.184 [INF] MINR: Block submitted via CPU miner accepted (hash 24256fb4110aca51418003e8f2af4de6b2a56f7c5b3b29b740e4f1617637544b, amount 50 BTC)
2024-08-31 17:13:23.184 [INF] MINR: Block submitted via CPU miner accepted (hash 0a30bae935a2beb12ee7dc1a3a16ea13692084d7136c2779276915c9555aa074, amount 50 BTC)
2024-08-31 17:13:23.184 [INF] MINR: Block submitted via CPU miner accepted (hash 32bbfbce1cb55c18adb2c19d862f9f83484fc7baa340762431ee0f7d497f5493, amount 50 BTC)
2024-08-31 17:13:23.184 [INF] MINR: Block submitted via CPU miner accepted (hash 1edac326b578408a785888943f0320c36948f88836d7ea9edad8d84305bbb7e3, amount 50 BTC)
2024-08-31 17:13:23.184 [INF] MINR: Block submitted via CPU miner accepted (hash 0b3eb7c382bc144001470f92d476649ac8c1569a42633660e2d4f54f54683fc8, amount 50 BTC)
2024-08-31 17:13:23.185 [INF] MINR: Block submitted via CPU miner accepted (hash 12bc43bdd389550cd98cd3757c1fc7e5091e18b4ff9be5656a28f3a0d6301c9f, amount 50 BTC)
2024-08-31 17:13:23.185 [INF] MINR: Block submitted via CPU miner accepted (hash 0459e035208f90c0492545f6d24dca22606f70b09c71ec47bb084e9629fe2082, amount 50 BTC)
2024-08-31 17:13:23.185 [INF] MINR: Block submitted via CPU miner accepted (hash 6d647a6d05ed2cfe6addbda29ac34bea83cf497562ce2cf096a76fccac64aa14, amount 50 BTC)
2024-08-31 17:13:23.185 [INF] MINR: Block submitted via CPU miner accepted (hash 1b7bf5fc20f8d8d36b3316a1d37ccf5802a8436fdd7497bf03ba16883d59cba8, amount 50 BTC)
2024-08-31 17:13:23.185 [INF] MINR: Block submitted via CPU miner accepted (hash 3f57e2cf6998199b7619ceaed8ad034dfc40bbe05c18ec8387e538124d111ede, amount 50 BTC)
2024-08-31 17:13:23.185 [INF] MINR: Block submitted via CPU miner accepted (hash 706e5d4fba8d2e7a2e88ddcf857ae4cfbd7e2c331c2c8585ff2345b60c5bf186, amount 50 BTC)
2024-08-31 17:13:23.185 [INF] MINR: Block submitted via CPU miner accepted (hash 4ae5bcf740d85ce606fea07cf9f730c05e1e9ad36983f57e89e97d8d0c4fbfd0, amount 50 BTC)
2024-08-31 17:13:23.186 [INF] MINR: Block submitted via CPU miner accepted (hash 178563d588601b933abe2488530a1c6fcb5e882e05a3cc0c28d8e1585130cac9, amount 50 BTC)
2024-08-31 17:13:23.186 [INF] MINR: Block submitted via CPU miner accepted (hash 3f4d83bcfa32e96c619e24c34a1ecd0c61a8b7dda44b153911b183d74c3dd32e, amount 50 BTC)
2024-08-31 17:13:23.186 [INF] MINR: Block submitted via CPU miner accepted (hash 0d96f3bc32d0c783af3447682b2ba636eeaf7801eb526876c0abd6e6f25e6c3d, amount 50 BTC)
2024-08-31 17:13:23.186 [INF] MINR: Block submitted via CPU miner accepted (hash 7ff2f9120e491142663280d37aee1c63ee8f31420d1c24f3a7c6c842f3021acd, amount 50 BTC)
2024-08-31 17:13:23.186 [INF] MINR: Block submitted via CPU miner accepted (hash 3cbbad7cef2510445d5d968e601935f9353840ca22ca1d65eb52e31631d9288a, amount 50 BTC)
2024-08-31 17:13:23.186 [INF] MINR: Block submitted via CPU miner accepted (hash 6cda46884e6ae4c453004017fc5bbcf39e67f2ac74916dd8428a4f6901e2890f, amount 50 BTC)
2024-08-31 17:13:23.186 [INF] MINR: Block submitted via CPU miner accepted (hash 5f1f46bdfe27599c40631fd9fa59e6f3490cbb0fac06bd04abbdccf5cc9a85da, amount 50 BTC)
2024-08-31 17:13:23.187 [INF] MINR: Block submitted via CPU miner accepted (hash 675e7a1516039d49854235cbe76472f69d3d5091c1739a7826abdfe19ca3a349, amount 50 BTC)
2024-08-31 17:13:23.187 [INF] MINR: Block submitted via CPU miner accepted (hash 04d4bd8b6beaf945a669926d293af83fc7f1acfd4e41dac9dc6c47f273b65b2a, amount 50 BTC)
2024-08-31 17:13:23.187 [INF] MINR: Block submitted via CPU miner accepted (hash 7c0ec7044dea560d20f7ed03f3fb40c254bd197f2491b9d07c39ab31062d110c, amount 50 BTC)
2024-08-31 17:13:23.187 [INF] MINR: Block submitted via CPU miner accepted (hash 349d49e4b728a73f06e846068ebeb52a095760771ddfeccf6505bba00b7dbda4, amount 50 BTC)
2024-08-31 17:13:23.187 [INF] MINR: Block submitted via CPU miner accepted (hash 3f4a3de3481839c99746d7d590854e0b974deb810fd1a7080fa8c6c2adbe1ad5, amount 50 BTC)
2024-08-31 17:13:23.187 [INF] MINR: Block submitted via CPU miner accepted (hash 56880bbcd2c658d93a8261c5666bb69569fa754e4e4da4b72095e55a560ee3af, amount 50 BTC)
2024-08-31 17:13:23.187 [INF] MINR: Block submitted via CPU miner accepted (hash 21818b9c69e113cdaab9dc00fa921138d17370504c65207683e09d70bb951d31, amount 50 BTC)
2024-08-31 17:13:23.188 [INF] MINR: Block submitted via CPU miner accepted (hash 49ca46f3f4f581693782fca3a0b5d16569746a300a9ee05a71047b6ba43424cc, amount 50 BTC)
2024-08-31 17:13:23.188 [INF] MINR: Block submitted via CPU miner accepted (hash 00a67a43fccb4c2f1a7f9e20aa3e9420b68ece3a75039bac08d294a9037baadf, amount 50 BTC)
2024-08-31 17:13:23.188 [INF] MINR: Block submitted via CPU miner accepted (hash 4826f5e1a05447cf6f364ac348fdbce4078e630d355152cc5739e7920cdc8a52, amount 50 BTC)
2024-08-31 17:13:23.188 [INF] MINR: Block submitted via CPU miner accepted (hash 2ba643a7cdfd313e34b200aac68fcbf1f83eb8efd11b73a371b894bfe7d40e17, amount 50 BTC)
2024-08-31 17:13:23.188 [INF] MINR: Block submitted via CPU miner accepted (hash 5bbb6d3d55a776e4b918761d89aa42a27290e3e967395a859eab1cf584e8b8b2, amount 50 BTC)
2024-08-31 17:13:23.188 [INF] MINR: Block submitted via CPU miner accepted (hash 005591eb28a3070d0071dd74f1e5f59972916c8b60eeb4ed653578bde6f68e8b, amount 50 BTC)
2024-08-31 17:13:23.188 [INF] MINR: Block submitted via CPU miner accepted (hash 6bc22cae046653498e6f0e330163b20d39b9bf1fd5b4685c3f422dbb890c01b4, amount 50 BTC)
2024-08-31 17:13:23.189 [INF] MINR: Block submitted via CPU miner accepted (hash 0272fa6cdea6aa40b9781ba47c7ccc781be349f29147cf08d6ddb54cd1943c45, amount 50 BTC)
2024-08-31 17:13:23.189 [INF] MINR: Block submitted via CPU miner accepted (hash 7f24084a390cefb851da5f7496f205b4d6fe3ea454ad29f40317c2d5819df296, amount 50 BTC)
2024-08-31 17:13:23.189 [INF] MINR: Block submitted via CPU miner accepted (hash 06fea24477c5c8ccfccf75367633cee68d8db1057813ca1e0f89c7e6049c6bae, amount 50 BTC)
2024-08-31 17:13:23.189 [INF] MINR: Block submitted via CPU miner accepted (hash 5e798e49e298e9921f7e6ff1486e354bddfdaa67cce58a81a2d6c9fe10cf2c33, amount 50 BTC)
2024-08-31 17:13:23.189 [INF] MINR: Block submitted via CPU miner accepted (hash 6edc081b2756f09e305a1836d73c6977f8eeae141f0b0e5749345098c611907c, amount 50 BTC)
2024-08-31 17:13:23.189 [INF] MINR: Block submitted via CPU miner accepted (hash 209fd411b7e27669e552638275ca65526db299995dbeaff92839092a02ff833a, amount 50 BTC)
2024-08-31 17:13:23.189 [INF] MINR: Block submitted via CPU miner accepted (hash 4d06829490155442a7a635156437c1f94cb0c8f2cb0d8039f04005a49c087f2a, amount 50 BTC)
2024-08-31 17:13:23.189 [INF] MINR: Block submitted via CPU miner accepted (hash 6c425b77b4241a5c713716041e6b2a1a892c65150b2625c73fb48578484b2ea9, amount 50 BTC)
2024-08-31 17:13:23.190 [INF] MINR: Block submitted via CPU miner accepted (hash 396b7c3778fc4b311945f86320fd39c9ec2bee738e434f1b5b96670d33a4fde4, amount 50 BTC)
2024-08-31 17:13:23.190 [INF] MINR: Block submitted via CPU miner accepted (hash 0a1a318aafba7bbf731266b9152bd3c92de6938802655ef60081bd836b01b7ac, amount 50 BTC)
2024-08-31 17:13:23.190 [INF] MINR: Block submitted via CPU miner accepted (hash 2405bbeeac07e035c6fd4e194dc0c2297ffb246c2c24e7f80db6369b777f54c1, amount 50 BTC)
2024-08-31 17:13:23.190 [INF] MINR: Block submitted via CPU miner accepted (hash 1728fca4bf94efb3dd115d8fc0df5dcd29facf5262125b7c0d7dc58201688b3c, amount 50 BTC)
2024-08-31 17:13:23.190 [INF] MINR: Block submitted via CPU miner accepted (hash 0581a9a6508ee694f409d6a5b3ebf9cd3b6d5b2225e4c11a417e0498ea093a74, amount 50 BTC)
2024-08-31 17:13:23.190 [INF] MINR: Block submitted via CPU miner accepted (hash 6db0d3c547e18f9f446ab23d9b4bcc095415b6b5c3b7013cadea6e0d8570e45c, amount 50 BTC)
2024-08-31 17:13:23.190 [INF] MINR: Block submitted via CPU miner accepted (hash 5bed25b6fde7301213c06139f8165bbd618e288dcae40003fbc97ecfcd70a955, amount 50 BTC)
2024-08-31 17:13:23.191 [INF] MINR: Block submitted via CPU miner accepted (hash 2658976209e9c06f7b0025e37ed2382938ae03a50edad5b22c739458aed03890, amount 50 BTC)
2024-08-31 17:13:23.191 [INF] MINR: Block submitted via CPU miner accepted (hash 1fcd5ce6d0044ebaaacfcb44369eadee87220da40bdfaafa090cff6fbd0b185a, amount 50 BTC)
2024-08-31 17:13:23.191 [INF] MINR: Block submitted via CPU miner accepted (hash 2816a4e66096901640f500fae8217402500d121cce6ea5ce8b716844531750da, amount 50 BTC)
2024-08-31 17:13:23.191 [INF] MINR: Block submitted via CPU miner accepted (hash 0e9d6e7cc6a215355dca547b275964320a8e0687358b5a9d7469f3f7e01176b3, amount 50 BTC)
2024-08-31 17:13:23.191 [INF] MINR: Block submitted via CPU miner accepted (hash 6755a84bcd01c15523c35dbc1c3b83b2ab058da680d25e43fbe8fc2d82e07b5b, amount 50 BTC)
2024-08-31 17:13:23.191 [INF] MINR: Block submitted via CPU miner accepted (hash 7492b5bc40b0bdd32ea94d8e6106a2b418ed67a15fe7fdc57f820daddb03fe90, amount 50 BTC)
2024-08-31 17:13:23.191 [INF] MINR: Block submitted via CPU miner accepted (hash 07b9b8d2716be04fda1595f7ead4c06f70d0f3b9ec7cb3bdf8bdcbe6549090aa, amount 50 BTC)
2024-08-31 17:13:23.192 [INF] MINR: Block submitted via CPU miner accepted (hash 3f63457eaa5eb89d99ab2ca399a44317472e870bf5e3b7d7748bea38099682a9, amount 50 BTC)
2024-08-31 17:13:23.192 [INF] MINR: Block submitted via CPU miner accepted (hash 42fc3336d83ce48a16db229fb734925a9aaf14aee33a1b6dcc0afaa4c3c7b9c5, amount 50 BTC)
2024-08-31 17:13:23.192 [INF] MINR: Block submitted via CPU miner accepted (hash 10a881e9501f1d25c1efa25cb31c2ccfe0f60b30ff48873ffcbffa0c18ed60fb, amount 50 BTC)
2024-08-31 17:13:23.192 [INF] MINR: Block submitted via CPU miner accepted (hash 73e7399a9e0b74fff97f0ec4d766ae1b9e26dd626f0a78fddb79c38c6b795263, amount 50 BTC)
2024-08-31 17:13:23.192 [INF] MINR: Block submitted via CPU miner accepted (hash 76e90260e81e76197d05af21ef5c76cabcb45007b039e86861d72313bc9722b1, amount 50 BTC)
2024-08-31 17:13:23.192 [INF] MINR: Block submitted via CPU miner accepted (hash 0077c7b171c330d112530434654c4ba4471e8d0fc008c860e21c6fc0cb3a7833, amount 50 BTC)
2024-08-31 17:13:23.192 [INF] MINR: Block submitted via CPU miner accepted (hash 0dee50b23570b9aaa0a071e21797a4e14f8ac716a8ad90b77967c2b57a7c54a2, amount 50 BTC)
2024-08-31 17:13:23.193 [INF] MINR: Block submitted via CPU miner accepted (hash 095d8e902b8432c679949497e836dbf473246735f8570c8620dfbd78e19a8976, amount 50 BTC)
2024-08-31 17:13:23.193 [INF] MINR: Block submitted via CPU miner accepted (hash 080c4d210bb80107348edaef3d887ea6ef09bc0dd9813b71bfbdca03c665edc6, amount 50 BTC)
2024-08-31 17:13:23.193 [INF] MINR: Block submitted via CPU miner accepted (hash 05874f843fa01ffe8a8499ab5c67f8511055d28181cb892747b1b24fafa0c441, amount 50 BTC)
2024-08-31 17:13:23.193 [INF] MINR: Block submitted via CPU miner accepted (hash 44eb9ce236db069573c0ab3e8c8c9121534a11a22c6be3f79dd9423d32c85ac8, amount 50 BTC)
2024-08-31 17:13:23.193 [INF] MINR: Block submitted via CPU miner accepted (hash 5fd949deba525d4abc68aee2807e0c5d1740048ae29bb2174d100b271e3aff0c, amount 50 BTC)
2024-08-31 17:13:23.193 [INF] MINR: Block submitted via CPU miner accepted (hash 63133e57c89779717e548de27826abd8d86f250578f4f90ed6f8d5649ec7a8b1, amount 50 BTC)
2024-08-31 17:13:42.424 [ERR] RPCS: Websocket receive error from 127.0.0.1:63685: websocket: close 1006 unexpected EOF
2024-08-31 17:13:42.424 [ERR] RPCS: Websocket receive error from 127.0.0.1:63686: websocket: close 1006 unexpected EOF
2024-08-31 17:13:42.424 [INF] RPCS: Disconnected websocket client 127.0.0.1:63685
2024-08-31 17:13:42.424 [INF] RPCS: Disconnected websocket client 127.0.0.1:63686
2024-08-31 17:25:46.497 [INF] RPCS: New websocket client 127.0.0.1:63783
2024-08-31 17:25:46.498 [INF] RPCS: New websocket client 127.0.0.1:63784
2024-08-31 17:25:49.366 [INF] RPCS: Beginning rescan for 14 addresses
2024-08-31 17:25:49.367 [INF] RPCS: Finished rescan
2024-08-31 17:25:52.749 [INF] MINR: Block submitted via CPU miner accepted (hash 13cd71d2220cfb8df4e29cc74434deeea03e7ea2fab1ed581bb980743aa8ff30, amount 50.00000224 BTC)
2024-08-31 17:25:52.749 [INF] MINR: Block submitted via CPU miner accepted (hash 737246ef0a2a877f25e732dab425cd53a0d71ed3d5ae77509d533d98ea3437c6, amount 50 BTC)
2024-08-31 17:25:52.749 [INF] MINR: Block submitted via CPU miner accepted (hash 3276462c018e60413004be9d95bc9c539299ba08ed50a2d8c5c37fda026ea679, amount 50 BTC)
2024-08-31 17:25:52.750 [INF] MINR: Block submitted via CPU miner accepted (hash 19cfed3311defdfcb346501cb630fd02a5a415f45b633b2b77b570b5f8371124, amount 50 BTC)
2024-08-31 17:25:52.750 [INF] MINR: Block submitted via CPU miner accepted (hash 19d7ad2a6fd1a675ec26fbe9256cc4c0496b6855f20c5a011502e103c5d723e8, amount 50 BTC)
2024-08-31 17:25:52.750 [INF] MINR: Block submitted via CPU miner accepted (hash 37b8ec676148c43efde6b42c3d358c0e546bf50fee12920f11b7479db5c61850, amount 50 BTC)
2024-08-31 17:25:52.750 [INF] MINR: Block submitted via CPU miner accepted (hash 54ae86b1f116ceb76c28e311f44e55ec2c1d1c856cf6ecc43cc1cc5c82f4aa5a, amount 50 BTC)
2024-08-31 17:25:52.750 [INF] MINR: Block submitted via CPU miner accepted (hash 71e265a23938514ff1a11ae15011c8454a9e573a76e6c5d23db464fe10a1f3b2, amount 50 BTC)
2024-08-31 17:25:52.750 [INF] MINR: Block submitted via CPU miner accepted (hash 313f8f8b48cb90d10eb093f8151b686046eea2029e375f0edfea4b244f591132, amount 50 BTC)
2024-08-31 17:25:52.750 [INF] MINR: Block submitted via CPU miner accepted (hash 2d5453c03ee26baf3efc2bb85101e148f711320e1b3daf0e48cfec8f99b03a7d, amount 50 BTC)
2024-08-31 17:25:52.751 [INF] MINR: Block submitted via CPU miner accepted (hash 70b22a72245ed723a9f23e0bd55486b3f4c22a218b1a48f7760a9617822554ae, amount 50 BTC)
2024-08-31 17:25:52.751 [INF] MINR: Block submitted via CPU miner accepted (hash 65ff98ca3ec1a593df1e778c387d0ac20616a23d8a6cd09ff1018f25a43229a3, amount 50 BTC)
2024-08-31 17:25:52.751 [INF] MINR: Block submitted via CPU miner accepted (hash 20088e4efdb4ae5c308affa9b2066786e295f914413efb3749aad736dcf9adab, amount 50 BTC)
2024-08-31 17:25:52.751 [INF] MINR: Block submitted via CPU miner accepted (hash 641d410d19ef5d32775ffeabf608d7594664e59e27587127bf5e5ab9d7dae338, amount 50 BTC)
2024-08-31 17:25:52.754 [INF] MINR: Block submitted via CPU miner accepted (hash 77d5d96e9f933df5d17ced8cce0a90ea7ea9be2d46a649c2902a7adf1915da2c, amount 50 BTC)
2024-08-31 17:25:52.755 [INF] MINR: Block submitted via CPU miner accepted (hash 620f1598bcfd940d6f0981f9dbaa9001d05f79369d4b8ef00c389e0e4c6d7e76, amount 50 BTC)
2024-08-31 17:25:52.755 [INF] MINR: Block submitted via CPU miner accepted (hash 79fecdd1552df4acf1cef1c1cbd196e776805e7840a4439b9293af972c3aa911, amount 50 BTC)
2024-08-31 17:25:52.757 [INF] MINR: Block submitted via CPU miner accepted (hash 3bd2f20194ba733070653c1137818180d2946737c517851b75ebcb9d5027cd1e, amount 50 BTC)
2024-08-31 17:25:52.757 [INF] MINR: Block submitted via CPU miner accepted (hash 589e3639a8c58acc87ccceb052bf11598219552e7b5edd28a0bcaea53131ad39, amount 50 BTC)
2024-08-31 17:25:52.758 [INF] MINR: Block submitted via CPU miner accepted (hash 1f6f571fb2500f90d4cf0559d6f4f4d9f3a5cc17749660980cbef65aa90a505e, amount 50 BTC)
2024-08-31 17:25:52.760 [INF] MINR: Block submitted via CPU miner accepted (hash 3e0366385762aae888b6ae790f905de8e974c1eed8456ed297521dd49db2aeaf, amount 50 BTC)
2024-08-31 17:25:52.760 [INF] MINR: Block submitted via CPU miner accepted (hash 21ed18da425d556f5e64163fc651b6e80e5b420f597735310452874b55edb858, amount 50 BTC)
2024-08-31 17:25:52.761 [INF] MINR: Block submitted via CPU miner accepted (hash 16735db01181246e14aff0b68fbad49ad1402a1590e2aeaef32528937b57521a, amount 50 BTC)
2024-08-31 17:25:52.761 [INF] MINR: Block submitted via CPU miner accepted (hash 15ca7c7d9064d4d2ba853d7a855be3aa06e9d8355f19dc516d4b3d534ddafc24, amount 50 BTC)
2024-08-31 17:25:52.763 [INF] MINR: Block submitted via CPU miner accepted (hash 0b558615f38afe8af7aa3dda3faadd4301d93100ec4f23cacb25c317c281ba67, amount 50 BTC)
2024-08-31 17:25:52.763 [INF] MINR: Block submitted via CPU miner accepted (hash 2c2479ad56971d8f14e100f06932adcc3ec2835a9033feec393eadabedc03ee3, amount 50 BTC)
2024-08-31 17:25:52.763 [INF] MINR: Block submitted via CPU miner accepted (hash 6469a6a749a94672555cddfdc9639f9665863c55df7932b46979b5fce9aea064, amount 50 BTC)
2024-08-31 17:25:52.764 [INF] MINR: Block submitted via CPU miner accepted (hash 05ce8c2088988ff192c09dd60486242f617e177245367455cd1e2054f50ae2ef, amount 50 BTC)
2024-08-31 17:25:52.765 [INF] MINR: Block submitted via CPU miner accepted (hash 312ba802ef2ba444b545f199fd424d100b7a10d90ea3d3d09897b0e65ff822d1, amount 50 BTC)
2024-08-31 17:25:52.765 [INF] MINR: Block submitted via CPU miner accepted (hash 43ec724e6381855e27190103f27c9f654ded1c1a8a0acca5031946404965488d, amount 50 BTC)
2024-08-31 17:25:52.766 [INF] MINR: Block submitted via CPU miner accepted (hash 3daa5b5abf87def413b1532ea95518bba154154a947ac78cfeb642c696e52e2d, amount 50 BTC)
2024-08-31 17:25:52.766 [INF] MINR: Block submitted via CPU miner accepted (hash 29fad7a5a067ff4b31a4b4190115ebe17104109db654f78d448498ef88aa744b, amount 50 BTC)
2024-08-31 17:25:52.766 [INF] MINR: Block submitted via CPU miner accepted (hash 228c7f4bbd174f66eb6775603f487246f49854a9824a80dd7a5197dd49988893, amount 50 BTC)
2024-08-31 17:25:52.767 [INF] MINR: Block submitted via CPU miner accepted (hash 58bf957b78c07d47ccc0a90f133209e85845d2dea819a9c16d8835cf055b4c6a, amount 50 BTC)
2024-08-31 17:25:52.767 [INF] MINR: Block submitted via CPU miner accepted (hash 3eadcb82970e4fe2b8a505128f2279161c39a42eb95fb28482ab69fc9828b6a0, amount 50 BTC)
2024-08-31 17:25:52.768 [INF] MINR: Block submitted via CPU miner accepted (hash 51d6fcab4dc5949e8aaf536a2042b956b98027225c0db51f8f43900d6858a1cc, amount 50 BTC)
2024-08-31 17:25:52.768 [INF] MINR: Block submitted via CPU miner accepted (hash 31de981ec7087634c257c89b8bed617c3365766f9cda2ad23022f03c57477725, amount 50 BTC)
2024-08-31 17:25:52.769 [INF] MINR: Block submitted via CPU miner accepted (hash 42df007a7c55f3c07f36a5373892bf9be4324534f2d53c44c552eff2942ed0f7, amount 50 BTC)
2024-08-31 17:25:52.769 [INF] MINR: Block submitted via CPU miner accepted (hash 17bed96e5ceb0aae80f186fa772ad3df02e119bb64179a0334cea562024c7ba2, amount 50 BTC)
2024-08-31 17:25:52.770 [INF] MINR: Block submitted via CPU miner accepted (hash 467e01cf4106dfa7b26bfc77be3aa5b61884a71329259f24a90d774c0d9aff23, amount 50 BTC)
2024-08-31 17:25:52.770 [INF] MINR: Block submitted via CPU miner accepted (hash 27fe30a9d67219432584750ae20ad7559bdc124d541fc2f5bfb4111e5f0d54c8, amount 50 BTC)
2024-08-31 17:25:52.771 [INF] MINR: Block submitted via CPU miner accepted (hash 2ea14dbdace68a234aeb5ba63f22cba880922f95eef9488daf32c0c1995eb597, amount 50 BTC)
2024-08-31 17:25:52.771 [INF] MINR: Block submitted via CPU miner accepted (hash 2eb3264cfa02e176d6989d2e99db18afb97b98c86ee673decf2921f2cd106011, amount 50 BTC)
2024-08-31 17:25:52.772 [INF] MINR: Block submitted via CPU miner accepted (hash 49cfcf399abe5a5087f57254850510fac84ceee9d3201c1704034b15a7028e1e, amount 50 BTC)
2024-08-31 17:25:52.773 [INF] MINR: Block submitted via CPU miner accepted (hash 71696fdb01d6477e1fa96e9d88f491a8e988bb6ead6e5058b330ebfa53868bfb, amount 50 BTC)
2024-08-31 17:25:52.773 [INF] MINR: Block submitted via CPU miner accepted (hash 385d59d360d25d8a789abb5f1d23e71da47bc7243ad7b7090c58168802fd84ab, amount 50 BTC)
2024-08-31 17:25:52.775 [INF] MINR: Block submitted via CPU miner accepted (hash 066b13ccbc5d23334bd8e1b648b46bb75fd52d116765e62080eeedcc01a62a6b, amount 50 BTC)
2024-08-31 17:25:52.776 [INF] MINR: Block submitted via CPU miner accepted (hash 7ca67ccdfac090d5b06bd3236399c84f7cc6df264ccc322cf2d7f1bd04c175a1, amount 50 BTC)
2024-08-31 17:25:52.776 [INF] MINR: Block submitted via CPU miner accepted (hash 679731552cb3c1ce9535800acee3afa10819232d64022851678ee494842bb913, amount 50 BTC)
2024-08-31 17:25:52.779 [INF] MINR: Block submitted via CPU miner accepted (hash 1aecd97a20cb9f34a67ca23fb44abe463831461f6d45e529db708fa831d48424, amount 50 BTC)
2024-08-31 17:25:52.779 [INF] MINR: Block submitted via CPU miner accepted (hash 60c68d3ff004dba5466e13d3babb11f12b3d19b3a01726537ed1388220158fe4, amount 50 BTC)
2024-08-31 17:25:52.780 [INF] MINR: Block submitted via CPU miner accepted (hash 4b4190f0f7a3adc98ee10ee9638b96a0b41754f6d5671c7d04653c1cc2afc82e, amount 50 BTC)
2024-08-31 17:25:52.780 [INF] MINR: Block submitted via CPU miner accepted (hash 3d0a593cb9dfa2a3e3787afd26d2d53a38bfcd905eac2f3e28523b2444470f88, amount 50 BTC)
2024-08-31 17:25:52.783 [INF] MINR: Block submitted via CPU miner accepted (hash 65d201b64554beea83565ed8a205f56b1be3ec24475abdd6e3a533c3aabd1c2a, amount 50 BTC)
2024-08-31 17:25:52.783 [INF] MINR: Block submitted via CPU miner accepted (hash 21f8dca6b3dc4aa7e67e2ea7223d9a745a2c32f1026cf5298b1d29d1c66a48c8, amount 50 BTC)
2024-08-31 17:25:52.786 [INF] MINR: Block submitted via CPU miner accepted (hash 7fd8bc5271cdb86e23e5013c9affeb9fe9a2c41275d731a3bd38bcf1fc6cbfc6, amount 50 BTC)
2024-08-31 17:25:52.786 [INF] MINR: Block submitted via CPU miner accepted (hash 24295d0514d2084b229191138aae7c3903b8b79185f9e4d52d26cb34ee51b1e1, amount 50 BTC)
2024-08-31 17:25:52.788 [INF] MINR: Block submitted via CPU miner accepted (hash 0f28a27fafa226094bc0e42f706cd9acff096520ea0343385fec53339c73ff30, amount 50 BTC)
2024-08-31 17:25:52.788 [INF] MINR: Block submitted via CPU miner accepted (hash 703b6561446aacce26fbacafdb9ea518e33125ae5198a43d0e8ffb4cb40aaa66, amount 50 BTC)
2024-08-31 17:25:52.789 [INF] MINR: Block submitted via CPU miner accepted (hash 24b0c3476468e3c11af850b9cbe5834eba37621817b9060676917b8b47c6b858, amount 50 BTC)
2024-08-31 17:25:52.789 [INF] MINR: Block submitted via CPU miner accepted (hash 135e4f06614eed7a367f24993a15751a6a13089fbb5ee9573ad61309f8cbede8, amount 50 BTC)
2024-08-31 17:25:52.791 [INF] MINR: Block submitted via CPU miner accepted (hash 37d6c02725d7f1e857aba1174f51b19a394bcba5db7e2373dcdc55f2cc5f6a6b, amount 50 BTC)
2024-08-31 17:25:52.792 [INF] MINR: Block submitted via CPU miner accepted (hash 3f4c3679793e806b9d26be0c8fc6beb40cc5716f1bf62f496ac9c05e7d7fe336, amount 50 BTC)
2024-08-31 17:25:52.792 [INF] MINR: Block submitted via CPU miner accepted (hash 2754bc7ea9350b7c85191898f6bfa43c36820e12a0b7a2a19813be5e9bf989c8, amount 50 BTC)
2024-08-31 17:25:52.794 [INF] MINR: Block submitted via CPU miner accepted (hash 3f31cf72abe309e2b987e5f74a568a84735a745d1baf60c58d02c1e73a6f6737, amount 50 BTC)
2024-08-31 17:25:52.795 [INF] MINR: Block submitted via CPU miner accepted (hash 67de58d06a6ea8f64382a4be6a424b16a0bb10aca26ec16ef68cd849712b40d0, amount 50 BTC)
2024-08-31 17:25:52.795 [INF] MINR: Block submitted via CPU miner accepted (hash 431f578e324670a5c9ce09ab9b571f5810294a87a17848a1749cf05dbed01234, amount 50 BTC)
2024-08-31 17:25:52.796 [INF] MINR: Block submitted via CPU miner accepted (hash 1ccb4569ab4d0221f7eda3cb496d908e6ffaaf5e3b5fa2bf39110ae9bdf91435, amount 50 BTC)
2024-08-31 17:25:52.796 [INF] MINR: Block submitted via CPU miner accepted (hash 43966e42f75c43b2b5b4cc5a3ccfec7edece024f3209c6dc704cc339a9b757fe, amount 50 BTC)
2024-08-31 17:25:52.796 [INF] MINR: Block submitted via CPU miner accepted (hash 503b51f823aae8c48b70b4724ca98a31dfbaf44d3ed405689cb0b97c22d7816c, amount 50 BTC)
2024-08-31 17:25:52.797 [INF] MINR: Block submitted via CPU miner accepted (hash 28923ff3a0ef5a30f2cdadf30d752e28ff1f84feb3ff52d825e4d9e8d808ad8c, amount 50 BTC)
2024-08-31 17:25:52.798 [INF] MINR: Block submitted via CPU miner accepted (hash 4a5fc8f47a65baab78ef160dd1bfe5e72d6268510b8c298593326762cbb2774d, amount 50 BTC)
2024-08-31 17:25:52.800 [INF] MINR: Block submitted via CPU miner accepted (hash 531024bed27d190e19f62b317fabed049ae44067dca6719145e1c881cd0df182, amount 50 BTC)
2024-08-31 17:25:52.800 [INF] MINR: Block submitted via CPU miner accepted (hash 0bf675025cca6b183e57c1d64820ec6fed2eb26b29eb11da25b215e2091458c2, amount 50 BTC)
2024-08-31 17:25:52.801 [INF] MINR: Block submitted via CPU miner accepted (hash 31f60eecbf09eef39a2a2a7811798e58775892599c7b93d0a6790fc811d3ec1a, amount 50 BTC)
2024-08-31 17:25:52.803 [INF] MINR: Block submitted via CPU miner accepted (hash 6a772c2e9514f9ff75a5d175af56114ffb89bda5ca01150fa7df8efe018cdb73, amount 50 BTC)
2024-08-31 17:25:52.803 [INF] MINR: Block submitted via CPU miner accepted (hash 5a380b592f9fde7cae557c8a6b49c95b4ebaced7f5dd76cf2159da2943cf0671, amount 50 BTC)
2024-08-31 17:25:52.804 [INF] MINR: Block submitted via CPU miner accepted (hash 7d8c62419b22b25fc5c618517b1db13740c439a028f2193a81dbc84d7091110e, amount 50 BTC)
2024-08-31 17:25:52.805 [INF] MINR: Block submitted via CPU miner accepted (hash 4804b672d616a9c12813c83aeca0e5f2c0607aee2b6fe3a5a0ee2e1a1d6002e9, amount 50 BTC)
2024-08-31 17:25:52.805 [INF] MINR: Block submitted via CPU miner accepted (hash 1e31d2eb8139bd7d2dc2a24420edf676aac1f87b0ff458f5f5b7bf7ee95b7f8e, amount 50 BTC)
2024-08-31 17:25:52.806 [INF] MINR: Block submitted via CPU miner accepted (hash 0ee92ddfd713757a2d69550203c2950e100de9f6118c2db097e6fbed73f20e39, amount 50 BTC)
2024-08-31 17:25:52.806 [INF] MINR: Block submitted via CPU miner accepted (hash 7f4c6ea40ca2020988b72ff309434e8626292d665bcc76cdc58e4c178695cd54, amount 50 BTC)
2024-08-31 17:25:52.807 [INF] MINR: Block submitted via CPU miner accepted (hash 7b673db16d682fd4f279b2c8d2a2c50e8a56fc3f8ff183fffbc411c91a2349c6, amount 50 BTC)
2024-08-31 17:25:52.809 [INF] MINR: Block submitted via CPU miner accepted (hash 01044f8501c99ae14ecdcde8cbb1f1cb25ad9ecf00ca626637afbe8bc8e6b685, amount 50 BTC)
2024-08-31 17:25:52.812 [INF] MINR: Block submitted via CPU miner accepted (hash 2b89dbcd2f798931bb12d4b2e972c8ed4e105e71aab4250fe3a5182832640b4b, amount 50 BTC)
2024-08-31 17:25:52.817 [INF] MINR: Block submitted via CPU miner accepted (hash 436912a78fef27926437e067a5dc72e1f39ece3bbe6e40ce5f341001f15700b8, amount 50 BTC)
2024-08-31 17:25:52.817 [INF] MINR: Block submitted via CPU miner accepted (hash 3b7c0b8d8ea8230bf52854d909b9dc8d619d785093e145679168595fa2ee2e88, amount 50 BTC)
2024-08-31 17:25:52.818 [INF] MINR: Block submitted via CPU miner accepted (hash 2f14ba491d35a03f340452dd4bac0527ed768123bc210511edce769526bec6a1, amount 50 BTC)
2024-08-31 17:25:52.818 [INF] MINR: Block submitted via CPU miner accepted (hash 4da36cddfc231e5e1cd4cc3a0d317cdfdf677a711c6b2dd62dee0cb5b55b6f0d, amount 50 BTC)
2024-08-31 17:25:52.818 [INF] MINR: Block submitted via CPU miner accepted (hash 006431b525192e17d148104fac8371fbd22744df2d8b2db6b80413bee9f8d07a, amount 50 BTC)
2024-08-31 17:25:52.821 [INF] MINR: Block submitted via CPU miner accepted (hash 4989fb43b175e44e539ed27ea1ce3187e728979f777c4c40f215c3f4ae2ebca1, amount 50 BTC)
2024-08-31 17:25:52.821 [INF] MINR: Block submitted via CPU miner accepted (hash 47ec5bcbee65934ca5e97642c11eaab16062a3600f1ae356dd041cf8fc28c6ef, amount 50 BTC)
2024-08-31 17:25:52.821 [INF] MINR: Block submitted via CPU miner accepted (hash 0e74ca7f84f92559ee72c497fbb178d793e24c239acfd92bc16b3c9b239b2fc2, amount 50 BTC)
2024-08-31 17:25:52.821 [INF] MINR: Block submitted via CPU miner accepted (hash 677d7b1cd3d16535c411389c177af17993697523f7d7416dd7ffdbce6a03af7d, amount 50 BTC)
2024-08-31 17:25:52.821 [INF] MINR: Block submitted via CPU miner accepted (hash 5660e07e475e11447c407c29542f127a824b496eb3c11626f43304e9baefe78c, amount 50 BTC)
2024-08-31 17:25:52.823 [INF] MINR: Block submitted via CPU miner accepted (hash 52097ca7ef091d1e7c1f05b934aae46ac442eaeb39057e883191cc354a2b577d, amount 50 BTC)
2024-08-31 17:25:52.823 [INF] MINR: Block submitted via CPU miner accepted (hash 27321aeb01bfcae40e0a67106a8c9e5cca1074e7ccc8fe6019ecd1ad8edd3ba8, amount 50 BTC)
2024-08-31 17:25:52.823 [INF] MINR: Block submitted via CPU miner accepted (hash 30abe482e5c92d41df965a4f98804a45431128c3062f762d8f08a8046986ccc7, amount 50 BTC)
2024-08-31 17:25:52.826 [INF] MINR: Block submitted via CPU miner accepted (hash 16cbd34fba2f484ff906628b9f47b6ad619198613e84f490eddf00cc74f06646, amount 50 BTC)
2024-08-31 17:25:52.827 [INF] MINR: Block submitted via CPU miner accepted (hash 6a7c5ab8da906dfaa273ec6a96bc4d8cd82f6c652c56ae4ff179d8991da4475a, amount 50 BTC)
2024-08-31 17:25:52.827 [INF] MINR: Block submitted via CPU miner accepted (hash 7e09b500848247a38c69e3739c16cd3d0976b454630cb07d6f2782670b0466c1, amount 50 BTC)
2024-08-31 17:25:55.928 [INF] RPCS: Beginning rescan for 59 addresses
2024-08-31 17:25:55.928 [INF] RPCS: Finished rescan
2024-08-31 17:26:11.973 [ERR] RPCS: Websocket receive error from 127.0.0.1:63783: websocket: close 1006 unexpected EOF
2024-08-31 17:26:11.973 [INF] RPCS: Disconnected websocket client 127.0.0.1:63783
2024-08-31 17:26:11.973 [ERR] RPCS: Websocket receive error from 127.0.0.1:63784: websocket: close 1006 unexpected EOF
2024-08-31 17:26:11.973 [INF] RPCS: Disconnected websocket client 127.0.0.1:63784
2024-08-31 17:28:24.232 [INF] RPCS: New websocket client 127.0.0.1:63817
2024-08-31 17:28:24.233 [INF] RPCS: New websocket client 127.0.0.1:63818
2024-08-31 17:28:24.816 [INF] RPCS: Beginning rescan for 15 addresses
2024-08-31 17:28:24.816 [INF] RPCS: Finished rescan
2024-08-31 17:28:28.413 [INF] MINR: Block submitted via CPU miner accepted (hash 7ea10b82daf796fba3cf69ed853354e4bad2c4d425a940c9406f8def17460296, amount 50.00000224 BTC)
2024-08-31 17:28:28.414 [INF] MINR: Block submitted via CPU miner accepted (hash 5a6efa18cdacdcd8f570c98ff111b23e624af265218a6ec7967be295502e537b, amount 50 BTC)
2024-08-31 17:28:28.414 [INF] MINR: Block submitted via CPU miner accepted (hash 238ff6e5440f364bede04e6be10133954f5372115aaa97fcd60d3f9611441031, amount 50 BTC)
2024-08-31 17:28:28.417 [INF] MINR: Block submitted via CPU miner accepted (hash 79bee7fbb1f2dd9bb7c88840a306400f6a3dfb639d8bf2931c75201a5c1b5648, amount 50 BTC)
2024-08-31 17:28:28.417 [INF] MINR: Block submitted via CPU miner accepted (hash 5195e4eda4cf084988583d85046d76c480dc0a2b8747afd4fc15182333510ed6, amount 50 BTC)
2024-08-31 17:28:28.427 [INF] MINR: Block submitted via CPU miner accepted (hash 001c2b73a379ac641b26e5e2a16d823bdf78e1b8e609f99e1fd398e614cf4889, amount 50 BTC)
2024-08-31 17:28:28.433 [INF] MINR: Block submitted via CPU miner accepted (hash 2f9522afcb49c8fd38082ae71385445073a64964d06da4683d7041ad37efe514, amount 50 BTC)
2024-08-31 17:28:28.438 [INF] MINR: Block submitted via CPU miner accepted (hash 4f3201ffabdbcaf70c6cf3b54dd77713e1620bf72ec2dc0ffce9457fd0e8b149, amount 50 BTC)
2024-08-31 17:28:28.441 [INF] MINR: Block submitted via CPU miner accepted (hash 6452c5c32f841b797ee06119840ca7ed178efcdeae9c0b58f74c69b1e5ca9192, amount 50 BTC)
2024-08-31 17:28:28.448 [INF] MINR: Block submitted via CPU miner accepted (hash 06b17eb58a5881f8bfe6fbcbdb124f765e96a3d5b7f98d5d80d478cfc62749fe, amount 50 BTC)
2024-08-31 17:28:28.452 [INF] MINR: Block submitted via CPU miner accepted (hash 1eb890b91b092ae714ffb91ae8b8af5672d9f3060cd5ed6a7a111e7572446995, amount 50 BTC)
2024-08-31 17:28:28.457 [INF] MINR: Block submitted via CPU miner accepted (hash 7e7fbd5004a7c05a578c2d2d1b6fce3f9db7f41fbcc3a2857781717ee41594c9, amount 50 BTC)
2024-08-31 17:28:28.466 [INF] MINR: Block submitted via CPU miner accepted (hash 59e81fb1668a4ab8594aa7057b100eb2f350f11ebb0495a8180e9f68592136f2, amount 50 BTC)
2024-08-31 17:28:28.469 [INF] MINR: Block submitted via CPU miner accepted (hash 0675082123b4dfcc84edf549be2fae0b371ddabeb15e88fe0040c11a3643e487, amount 50 BTC)
2024-08-31 17:28:28.475 [INF] MINR: Block submitted via CPU miner accepted (hash 7e5a816f6242123402697d05fc76c3b0b0bfdd6ef93c929cb220772dbad3a594, amount 50 BTC)
2024-08-31 17:28:28.485 [INF] MINR: Block submitted via CPU miner accepted (hash 75664292cd121dd56501256584b63ab795c2d74584c47cbc56b43fe7134ce107, amount 50 BTC)
2024-08-31 17:28:28.486 [INF] MINR: Block submitted via CPU miner accepted (hash 54757c5aa34979f46c12acdf7d07e09687cef45c4826da275b74ec7a5cacbf63, amount 50 BTC)
2024-08-31 17:28:28.486 [INF] MINR: Block submitted via CPU miner accepted (hash 01203f64ffd3278a17084833bedd57621badbd4ac299ad22b1f2ab1ccd27d40c, amount 50 BTC)
2024-08-31 17:28:28.492 [INF] MINR: Block submitted via CPU miner accepted (hash 4ec30530dc634927b2886e69adae4227469c66cbd1a760807bee558f9edfa8c5, amount 50 BTC)
2024-08-31 17:28:28.498 [INF] MINR: Block submitted via CPU miner accepted (hash 1428860ca233804d466f2763d18470032f1496df9ddc99745824f7b4284efcf2, amount 50 BTC)
2024-08-31 17:28:28.501 [INF] MINR: Block submitted via CPU miner accepted (hash 35e42f35d4d56b5574e10c28aa8525944ef446cf3ccddedecad1f695339f16cb, amount 50 BTC)
2024-08-31 17:28:28.509 [INF] MINR: Block submitted via CPU miner accepted (hash 60e62bf1523ec08992483e2e24f2eb9e05ba9625701d05347e0ef8ef932e5446, amount 50 BTC)
2024-08-31 17:28:28.519 [INF] MINR: Block submitted via CPU miner accepted (hash 6cc36f272a3ac38dc70543bd55d4cf53ae5aa4f1aacd57688bcff4235662b8e3, amount 50 BTC)
2024-08-31 17:28:28.520 [INF] MINR: Block submitted via CPU miner accepted (hash 789b5a4fc9ea0106e49739dc774ece3e7338777268d57dcdc0039deec7e68a85, amount 50 BTC)
2024-08-31 17:28:28.529 [INF] MINR: Block submitted via CPU miner accepted (hash 73a8e74307ac28b765b01be9a8b16f36aed7be99c9a725dc1163f6f8b0af816a, amount 50 BTC)
2024-08-31 17:28:28.537 [INF] MINR: Block submitted via CPU miner accepted (hash 3bc20c0072c9089cfc1d4441c849ddf433d70711f039ad3a8d68339b5b3f1a5e, amount 50 BTC)
2024-08-31 17:28:28.538 [INF] MINR: Block submitted via CPU miner accepted (hash 09ad477ffa77fc0bac996cf0010cee7e32e10ca871d56798cf95bfa19c4dfac8, amount 50 BTC)
2024-08-31 17:28:28.545 [INF] MINR: Block submitted via CPU miner accepted (hash 5eff3a53542c436d71680741089d698473799b37aec04d727fcc186e6aa686ea, amount 50 BTC)
2024-08-31 17:28:28.552 [INF] MINR: Block submitted via CPU miner accepted (hash 626fa253b2301c32b481e276404b2ce773238c96eeac9bfc433c34311cf8a8dd, amount 50 BTC)
2024-08-31 17:28:28.552 [INF] MINR: Block submitted via CPU miner accepted (hash 34d5759e580106e07279331f7c279fe29a423930556bdd36636240a1fa9624a1, amount 50 BTC)
2024-08-31 17:28:28.552 [INF] MINR: Block submitted via CPU miner accepted (hash 7ddb4a26f639adda271533f19dd5461519c22afa7f93f66eb9548b8e7d27d56a, amount 50 BTC)
2024-08-31 17:28:28.559 [INF] MINR: Block submitted via CPU miner accepted (hash 57955814bb387954fe84a43711dab501af41a27a7d88b090b7c5be73e016edf5, amount 50 BTC)
2024-08-31 17:28:28.563 [INF] MINR: Block submitted via CPU miner accepted (hash 3bbf2fef794ff4301804db64ec18b82d499793da3bde1d861978e698a8772943, amount 50 BTC)
2024-08-31 17:28:28.566 [INF] MINR: Block submitted via CPU miner accepted (hash 1b11220f2d74571fcae6aa9d50af0a90874176c0e861ccf6e5dcfe43cd045062, amount 50 BTC)
2024-08-31 17:28:28.567 [INF] MINR: Block submitted via CPU miner accepted (hash 76903d367e2eca99dadecdc6be5471e5c07aa5c7ffd88c75266897917caf3aff, amount 50 BTC)
2024-08-31 17:28:28.582 [INF] MINR: Block submitted via CPU miner accepted (hash 6ef5b3cb78bc2e6b59bc4f743ec1e7d55a2340273245018439fda68628d69cea, amount 50 BTC)
2024-08-31 17:28:28.590 [INF] MINR: Block submitted via CPU miner accepted (hash 0597cf2bf61437e2210b6b698f4eb302d58e716224e6ffb7e2780a56c9225bfb, amount 50 BTC)
2024-08-31 17:28:28.590 [INF] MINR: Block submitted via CPU miner accepted (hash 08645674d909cc4d68eeb362d15c30848526e738dbfda43b69df4584abee4ed8, amount 50 BTC)
2024-08-31 17:28:28.599 [INF] MINR: Block submitted via CPU miner accepted (hash 78fe2a0d9c41aabc425382ffbf6f4a0a982a4e13d019db26e403a33416e2948f, amount 50 BTC)
2024-08-31 17:28:28.608 [INF] MINR: Block submitted via CPU miner accepted (hash 03fdc4f90effea4a3db74a87ad63829c45bd754487d25f23319d09ab98ca517e, amount 50 BTC)
2024-08-31 17:28:28.608 [INF] MINR: Block submitted via CPU miner accepted (hash 6b8711f34db436cc76d9eaf85345a14087a3e966708f6cbede93170e73e2da3c, amount 50 BTC)
2024-08-31 17:28:28.608 [INF] MINR: Block submitted via CPU miner accepted (hash 6e6cac0f93a4b99873d6a171ab185c18be3eb6e10c4d3b873d7bbbb1634fad04, amount 50 BTC)
2024-08-31 17:28:28.610 [INF] MINR: Block submitted via CPU miner accepted (hash 608498a7e7b2092de5defda62c9d7583487e43b47a69bcbf8172fe36ce64dbb0, amount 50 BTC)
2024-08-31 17:28:28.624 [INF] MINR: Block submitted via CPU miner accepted (hash 6bc30de48e10e83a78647e5fd0ec67f80811a68f5a626778c575426ad483c3af, amount 50 BTC)
2024-08-31 17:28:28.629 [INF] MINR: Block submitted via CPU miner accepted (hash 7b8ce83650748b88d96d845a7e958407d7b325ab77bc40b1ef42780693bf2148, amount 50 BTC)
2024-08-31 17:28:28.629 [INF] MINR: Block submitted via CPU miner accepted (hash 227531a0cd244ca442356a7e5045f3227476787bca6e4df73e5636c7f6621183, amount 50 BTC)
2024-08-31 17:28:28.629 [INF] MINR: Block submitted via CPU miner accepted (hash 2fa377cf030149e90a365d2ce87a32827811974d6ab3cf4ab311d7de7b0c73bb, amount 50 BTC)
2024-08-31 17:28:28.629 [INF] MINR: Block submitted via CPU miner accepted (hash 14173fb7a796de164a7884081a9f5eb6e8a2561558e466356765de56b255b10b, amount 50 BTC)
2024-08-31 17:28:28.637 [INF] MINR: Block submitted via CPU miner accepted (hash 2f9942cc24272d1e237a512a996435ec2d6d249bbfc37a5cbf39e91b9e171a17, amount 50 BTC)
2024-08-31 17:28:28.648 [INF] MINR: Block submitted via CPU miner accepted (hash 40ef1fc627729027a29644813674c24ed34233c982004cbfe67dd35256a6308b, amount 50 BTC)
2024-08-31 17:28:28.649 [INF] MINR: Block submitted via CPU miner accepted (hash 05088567999fa781eba5f028811cd37135a670d10cd61d65a8764bf3f1c87ead, amount 50 BTC)
2024-08-31 17:28:28.656 [INF] MINR: Block submitted via CPU miner accepted (hash 50e73ed174e175e2f25de6dcc00bb0f51be87a49a9876661e2b541cbc691dab5, amount 50 BTC)
2024-08-31 17:28:28.661 [INF] MINR: Block submitted via CPU miner accepted (hash 0d33318b47884e5211fd0c6e6ddd545559817e61ad73bd828654253afecd4f44, amount 50 BTC)
2024-08-31 17:28:28.665 [INF] MINR: Block submitted via CPU miner accepted (hash 4ae329c33a3fd6de10fed61394848c17e8266e686e335e5e569e8cc500e790a2, amount 50 BTC)
2024-08-31 17:28:28.666 [INF] MINR: Block submitted via CPU miner accepted (hash 618cbf96de68fdff67be3700d2fe47a57b33502b55bcb0c857573257fdefec0e, amount 50 BTC)
2024-08-31 17:28:28.678 [INF] MINR: Block submitted via CPU miner accepted (hash 53fe266edde2eb399383c54169d512c7d2337e90ba199aeb84054c8c2d33e566, amount 50 BTC)
2024-08-31 17:28:28.686 [INF] MINR: Block submitted via CPU miner accepted (hash 6d7f5d30d75a05824d207c09e28470501cc29594d09695d62e98494bc85f60e0, amount 50 BTC)
2024-08-31 17:28:28.686 [INF] MINR: Block submitted via CPU miner accepted (hash 078638ab0439f6fc787e2366c6c9857064ab6069e5236a68a59815cbf63e7108, amount 50 BTC)
2024-08-31 17:28:28.693 [INF] MINR: Block submitted via CPU miner accepted (hash 5c6942e2f446b86de3c709087e464ecb38e70e9fa919b353d2f6a4d06fb2b34c, amount 50 BTC)
2024-08-31 17:28:28.705 [INF] MINR: Block submitted via CPU miner accepted (hash 1a33337a7801bde37c84a265856c0f64b7e1204b22717a89ada2047a9fc9740c, amount 50 BTC)
2024-08-31 17:28:28.705 [INF] MINR: Block submitted via CPU miner accepted (hash 1c8badcb1a7f1e13b957b2896ed9eb3293140322625308d64a3e07a5ed6aa89a, amount 50 BTC)
2024-08-31 17:28:28.713 [INF] MINR: Block submitted via CPU miner accepted (hash 44abc6e89c028acad5021bd5ab9cff30893d80fbd5df3bd8c0bcfbb8dd007ad1, amount 50 BTC)
2024-08-31 17:28:28.722 [INF] MINR: Block submitted via CPU miner accepted (hash 2acc67e0edab384f9da7d21af18ac271fe0fe98342d81d577993bb3c8d7238b8, amount 50 BTC)
2024-08-31 17:28:28.722 [INF] MINR: Block submitted via CPU miner accepted (hash 7edcd27c4f435cbf65796aa390e3892fff2d31318fb9849dd0510cd556bfb1ab, amount 50 BTC)
2024-08-31 17:28:28.730 [INF] MINR: Block submitted via CPU miner accepted (hash 4b755f63fbe73ba8589397c782b6fadb7e0eaf125f9b9402aebb2044da6d4d4f, amount 50 BTC)
2024-08-31 17:28:28.741 [INF] MINR: Block submitted via CPU miner accepted (hash 25ffc64a2e7cb10e40e94571fc5346fde31b5852db9327828f1f575ed11414ea, amount 50 BTC)
2024-08-31 17:28:28.741 [INF] MINR: Block submitted via CPU miner accepted (hash 410fb5fb10dc3dfed1515c79532e80c1eff4b22ae3f2128fa59779081242de92, amount 50 BTC)
2024-08-31 17:28:28.746 [INF] MINR: Block submitted via CPU miner accepted (hash 73e7d323d333a69e8ca0afa0d5f89de0c9e1e3bd38c9705a53056e2f0e971c74, amount 50 BTC)
2024-08-31 17:28:28.758 [INF] MINR: Block submitted via CPU miner accepted (hash 692a64d66c48d897dffa55c0383c8f01db2a58f5839f4560d92fae8f0a0bfdf8, amount 50 BTC)
2024-08-31 17:28:28.762 [INF] MINR: Block submitted via CPU miner accepted (hash 6a0ea479dd983dbdd5b009807616e045c65ae6b0f081816055228451157fe7ef, amount 50 BTC)
2024-08-31 17:28:28.762 [INF] MINR: Block submitted via CPU miner accepted (hash 1cafedc3e83346db5e089d23da74d80f666ebc114d0f1996e0975887f40de1ba, amount 50 BTC)
2024-08-31 17:28:28.774 [INF] MINR: Block submitted via CPU miner accepted (hash 7eaebca178659d8610704a9f2adf1e167471342e6976a245976ad98e3ad7a5db, amount 50 BTC)
2024-08-31 17:28:28.780 [INF] MINR: Block submitted via CPU miner accepted (hash 7c5ad701db96414578c85fefd57bd7ffa3da31437b74c075e6b605adf05a4ba4, amount 50 BTC)
2024-08-31 17:28:28.781 [INF] MINR: Block submitted via CPU miner accepted (hash 4b8088904448a800a3a31ef219363fa0d84753b1bbe26eef5d162cb20b96ab94, amount 50 BTC)
2024-08-31 17:28:28.781 [INF] MINR: Block submitted via CPU miner accepted (hash 082334da82615b267b4cc3a335f81cb5738e6aa00076c8681500f69bdfbf0006, amount 50 BTC)
2024-08-31 17:28:28.782 [INF] MINR: Block submitted via CPU miner accepted (hash 5262827a2bcae57d39a333ffef91d050b088c2cd27f18b8e710f45eb83facffc, amount 50 BTC)
2024-08-31 17:28:28.791 [INF] MINR: Block submitted via CPU miner accepted (hash 0751486f73e5c80c48b95b55473397335c6d55d648c06691b05b7dcca1e12832, amount 50 BTC)
2024-08-31 17:28:28.795 [INF] MINR: Block submitted via CPU miner accepted (hash 5c1fa5aac5a9b80acf98669a413f3bf637f4ddef12a77527ba57a324fcf77a6b, amount 50 BTC)
2024-08-31 17:28:28.798 [INF] MINR: Block submitted via CPU miner accepted (hash 35bcdc076fa5fe9050d12dcc2fb28e6831d6bb6a81af503fccc223312c5c2eaa, amount 50 BTC)
2024-08-31 17:28:28.803 [INF] MINR: Block submitted via CPU miner accepted (hash 495d259230498133686ed312793d3a112d1d49ce3d1ad6bdcff35155ff42cfea, amount 50 BTC)
2024-08-31 17:28:28.810 [INF] MINR: Block submitted via CPU miner accepted (hash 28e9baad9b1ccb49273a08321be451dbad98e5c5db643e1434e2691ed02f2937, amount 50 BTC)
2024-08-31 17:28:28.811 [INF] MINR: Block submitted via CPU miner accepted (hash 2eef8fff08102dff59c848367aa96fe4e28d83b1466e6523b54117c97faf6bfa, amount 50 BTC)
2024-08-31 17:28:28.820 [INF] MINR: Block submitted via CPU miner accepted (hash 36b2065841bc2b645cad4d3aa58928b927d337d05e2df1420087988a05f0de80, amount 50 BTC)
2024-08-31 17:28:28.824 [INF] MINR: Block submitted via CPU miner accepted (hash 3d03bd62ee6d2fa702a8492c1f847f7ac3342358a5adc80f2b992dcc5d073cbe, amount 50 BTC)
2024-08-31 17:28:28.825 [INF] MINR: Block submitted via CPU miner accepted (hash 1a67d18ea6bb4fecb0d2feec1c15d4dae6c3fea74b0173b133ff5d4c115a8bb9, amount 50 BTC)
2024-08-31 17:28:28.835 [INF] MINR: Block submitted via CPU miner accepted (hash 222f7ab6e38f07d708d33d58e146c7846fee296d3d7040bdbf684c5a542943d0, amount 50 BTC)
2024-08-31 17:28:28.841 [INF] MINR: Block submitted via CPU miner accepted (hash 5e4b1f6fd77e8efd1cfbdc073f04acc77a37179c6f68dba0578530f7db0cc4ce, amount 50 BTC)
2024-08-31 17:28:28.842 [INF] MINR: Block submitted via CPU miner accepted (hash 29de8a140550da1610c37cf770b6f455abf0ee055978e062632d10b5fa7115ca, amount 50 BTC)
2024-08-31 17:28:28.845 [INF] MINR: Block submitted via CPU miner accepted (hash 06e044ed888fbd1423072a9897d932edfb3ad00e4c0d9a7741f4dd72d3de9319, amount 50 BTC)
2024-08-31 17:28:28.860 [INF] MINR: Block submitted via CPU miner accepted (hash 695c8b3c0dd506a71b279867f0fcbcb184991fa380411395823a59f9b86cff02, amount 50 BTC)
2024-08-31 17:28:28.862 [INF] MINR: Block submitted via CPU miner accepted (hash 2256813056ee2a2d731a8254a41841e3d384e2d7497511181cef848c81985a46, amount 50 BTC)
2024-08-31 17:28:28.863 [INF] MINR: Block submitted via CPU miner accepted (hash 6ef9fcd4b5436dae4d39afad170f2a33be51f578b6b20e8c27e2c9fe0ada2450, amount 50 BTC)
2024-08-31 17:28:28.872 [INF] MINR: Block submitted via CPU miner accepted (hash 6614ae429356374c5c187be003a80a64a5199b9870df259fad3e344d9e0c439c, amount 50 BTC)
2024-08-31 17:28:28.875 [INF] MINR: Block submitted via CPU miner accepted (hash 65cdc0049bb11b3e402fd312161e0800328523c0e95c0ebc09c329b3927f8027, amount 50 BTC)
2024-08-31 17:28:28.876 [INF] MINR: Block submitted via CPU miner accepted (hash 1129307053d8f54478d0b4d251689b5ae6ce4ffff968400cf3990afa4ee570ab, amount 50 BTC)
2024-08-31 17:28:28.884 [INF] MINR: Block submitted via CPU miner accepted (hash 1195033abf00d65dbbc71a9e1ce7e1bef102cf2b98f03ea7fc7672fbcb4bdb76, amount 50 BTC)
2024-08-31 17:28:28.890 [INF] MINR: Block submitted via CPU miner accepted (hash 715f49df9f84e77c816ebe8d0089dcaf2fa875992daae199dd698508a05bb94b, amount 50 BTC)
2024-08-31 17:28:28.898 [INF] MINR: Block submitted via CPU miner accepted (hash 5a7ddfc1cc880dc5255d285dfc10b76f330bcacf7f10e3689e2481eaa9653a2e, amount 50 BTC)
2024-08-31 17:28:28.904 [INF] MINR: Block submitted via CPU miner accepted (hash 39f0bc9e7f47aca0e515ce668ee3e1051da9ff33f01e1d5a6f2cfacec40ea56a, amount 50 BTC)
2024-08-31 17:28:28.910 [INF] MINR: Block submitted via CPU miner accepted (hash 1d463345d05a1396fd3b690da8713cd5a5cca0cf9deaea91df504383629562b9, amount 50 BTC)
2024-08-31 17:28:28.915 [INF] MINR: Block submitted via CPU miner accepted (hash 73ca92b2f58ac29dd28fb2ddac2b79b64df880e1557880370ebad1799b56e5d8, amount 50 BTC)
2024-08-31 17:28:51.048 [INF] MINR: Block submitted via CPU miner accepted (hash 077feca594a49085717b36b3d193b332117e6dcd9faaade4031db806426a98fd, amount 50 BTC)
2024-08-31 17:28:54.063 [ERR] RPCS: Websocket receive error from 127.0.0.1:63817: websocket: close 1006 unexpected EOF
2024-08-31 17:28:54.063 [ERR] RPCS: Websocket receive error from 127.0.0.1:63818: websocket: close 1006 unexpected EOF
2024-08-31 17:28:54.063 [INF] RPCS: Disconnected websocket client 127.0.0.1:63817
2024-08-31 17:28:54.063 [INF] RPCS: Disconnected websocket client 127.0.0.1:63818
2024-08-31 18:27:11.716 [INF] BTCD: Received signal (terminated).  Shutting down...
2024-08-31 18:27:11.716 [INF] BTCD: Gracefully shutting down the server...
2024-08-31 18:27:11.716 [WRN] SRVR: Server shutting down
2024-08-31 18:27:11.716 [WRN] RPCS: RPC server shutting down
2024-08-31 18:27:11.717 [ERR] RPCS: Websocket receive error from 127.0.0.1:63684: read tcp4 127.0.0.1:18556->127.0.0.1:63684: use of closed network connection
2024-08-31 18:27:11.717 [INF] RPCS: Disconnected websocket client 127.0.0.1:63684
2024-08-31 18:27:11.717 [INF] RPCS: RPC server shutdown complete
2024-08-31 18:27:11.770 [INF] SYNC: Sync manager shutting down
2024-08-31 18:27:11.770 [INF] CHAN: Flushing UTXO cache of 97 MiB with 640 entries to disk. For large sizes, this can take up to several minutes...
2024-08-31 18:27:11.833 [INF] AMGR: Address manager shutting down
2024-08-31 18:27:11.836 [INF] SRVR: Server shutdown complete
2024-08-31 18:27:11.836 [INF] BTCD: Gracefully shutting down the database...
2024-08-31 18:27:11.847 [INF] BTCD: Shutdown complete
2024-09-16 16:46:24.007 [INF] BTCD: Version 0.24.2-beta
2024-09-16 16:46:24.008 [INF] BTCD: Loading block database from 'simnet/btcd/simnet/blocks_ffldb'
2024-09-16 16:46:24.031 [INF] BTCD: Block database loaded
2024-09-16 16:46:24.032 [INF] INDX: Transaction index is enabled
2024-09-16 16:46:24.032 [INF] INDX: Committed filter index is enabled
2024-09-16 16:46:24.032 [INF] CHAN: Pre-alloacting for 251 MiB
2024-09-16 16:46:24.035 [INF] CHAN: Loading block index...
2024-09-16 16:46:24.053 [INF] CHAN: Chain state (height 1403, hash 077feca594a49085717b36b3d193b332117e6dcd9faaade4031db806426a98fd, totaltx 1470, work 2808)
2024-09-16 16:46:24.053 [INF] RPCS: RPC server listening on 127.0.0.1:18556
2024-09-16 16:46:24.053 [INF] RPCS: RPC server listening on [::1]:18556
2024-09-16 16:46:24.057 [INF] AMGR: Loaded 0 addresses from file 'simnet/btcd/simnet/peers.json'
2024-09-16 16:46:24.057 [INF] CMGR: Server listening on 0.0.0.0:18555
2024-09-16 16:46:24.057 [INF] CMGR: Server listening on [::]:18555
2024-09-16 16:46:30.041 [INF] RPCS: New websocket client [::1]:51615
2024-09-16 16:46:30.675 [INF] RPCS: Beginning rescan for 60 addresses
2024-09-16 16:46:30.676 [INF] RPCS: Finished rescan
2024-09-16 17:49:29.876 [INF] BTCD: Received signal (terminated).  Shutting down...
2024-09-16 17:49:29.881 [INF] BTCD: Gracefully shutting down the server...
2024-09-16 17:49:29.881 [WRN] SRVR: Server shutting down
2024-09-16 17:49:29.882 [WRN] RPCS: RPC server shutting down
2024-09-16 17:49:29.884 [INF] RPCS: RPC server shutdown complete
2024-09-16 17:49:29.885 [ERR] RPCS: Websocket receive error from [::1]:51615: read tcp6 [::1]:18556->[::1]:51615: use of closed network connection
2024-09-16 17:49:29.885 [INF] RPCS: Disconnected websocket client [::1]:51615
2024-09-16 17:49:29.938 [INF] SYNC: Sync manager shutting down
2024-09-16 17:49:29.939 [INF] CHAN: Flushing UTXO cache of 97 MiB with 0 entries to disk. For large sizes, this can take up to several minutes...
2024-09-16 17:49:29.940 [INF] AMGR: Address manager shutting down
2024-09-16 17:49:29.942 [INF] SRVR: Server shutdown complete
2024-09-16 17:49:29.942 [INF] BTCD: Gracefully shutting down the database...
2024-09-16 17:49:29.976 [INF] BTCD: Shutdown complete
